case_id,customer_message,support_conversation,final_support_response,num_turns,num_customer_turns,num_support_turns,evidence_status,clean_message,cluster_id,intent,human_intent,annotation_notes,label_source
apple_2897729,@AppleSupport why has this come up? I'm just trying to charge my iPhone https://t.co/P1p4mlQOox,"CUSTOMER: @AppleSupport why has this come up? I'm just trying to charge my iPhone https://t.co/P1p4mlQOox
SUPPORT: @142083 Let's help! Are you charging your iPhone via Mac or PC? Do you have any other peripherals connected to the computer when this message appears?
CUSTOMER: @AppleSupport lol it's a Mac, I have my charger and iPhone X, I've done this a lot before, even charged my iPad, mom's iPhone and my iPhone with AC Adapter and never done this. But now, I only connected my phone and this popped up
SUPPORT: @142083 To confirm, are you attempting to fast charge your iPhone X with the USB-C to Lightning cable and one of these adapters?: Apple 29W, 61W, or 87W USB-C Power Adapter. Fast charge: https://t.co/M0KamLrtwG
CUSTOMER: @AppleSupport I'm using my iPhone X with my MacBook Pro with a Lightning to USB-C cable and I get that popup
SUPPORT: @142083 Thank you for clarifying that for us. Let's reset the System Management Controller as described here to see if that resolves the problem: https://t.co/FYojVXHuwn
CUSTOMER: @AppleSupport That seems to have worked. Thank you.
SUPPORT: @142083 Excellent; you're most welcome! Please feel free to reach out to us again if you need any more help. We’re available every day to answer your questions from 5am-8pm Pacific. Have a great day!",@142083 Excellent; you're most welcome! Please feel free to reach out to us again if you need any more help. We’re available every day to answer your questions from 5am-8pm Pacific. Have a great day!,8,4,4,SUPPORT_RESPONSE_PRESENT,why has this come up? I'm just trying to charge my iPhone,7,iphone_hardware_issue,iphone_hardware_issue,,human_verified
apple_112861,"@AppleSupport Hey, just curious, do people have to pay for support now when calling in?","CUSTOMER: @AppleSupport Hey, just curious, do people have to pay for support now when calling in?
SUPPORT: @141089 Thanks for reaching out. No, you do not have to pay for support if you call in.
CUSTOMER: @AppleSupport When I call the 1-800 My iPhone, the recording states “Due to the holiday, we’re offering limited product support. You will need an extended hours agreement.”
SUPPORT: @141089 We can definitely understand the confusion. We at this channel can help resolve your issue. Due to the holiday our phone support is closed for the day. If you would like to work with us, hit the DM link and we'll get started. https://t.co/GDrqU22YpT","@141089 We can definitely understand the confusion. We at this channel can help resolve your issue. Due to the holiday our phone support is closed for the day. If you would like to work with us, hit the DM link and we'll get started. https://t.co/GDrqU22YpT",4,2,2,SUPPORT_RESPONSE_PRESENT,"Hey, just curious, do people have to pay for support now when calling in?",8,account_identity_issue,other_unclear,,human_verified
apple_1830986,"Oh my goodness, battery life is non-existent after I upgraded my iPhone to the new iOS 11","CUSTOMER: Oh my goodness, battery life is non-existent after I upgraded my iPhone to the new iOS 11
CUSTOMER: @549417 I though it was just my battery getting old... 😭
CUSTOMER: @549418 I doubt it. @AppleSupport please fix this. Plus the switching between WiFi and Mobile data does not happen. #BringBackiOS10 😄
SUPPORT: @549417 We're here to help. Send us a DM with the full details of what's happening after your update. We can work from there. https://t.co/GDrqU22YpT",@549417 We're here to help. Send us a DM with the full details of what's happening after your update. We can work from there. https://t.co/GDrqU22YpT,4,3,1,SUPPORT_RESPONSE_PRESENT,"Oh my goodness, battery life is non-existent after I upgraded my iPhone to the new iOS 11",11,battery_life_issue,battery_life_issue,,human_verified
apple_336219,"@AppleSupport Y can’t y’all release an update that won’t fuck shit up, can’t play Apple Music on shuffle since ios11","CUSTOMER: @AppleSupport Y can’t y’all release an update that won’t fuck shit up, can’t play Apple Music on shuffle since ios11
SUPPORT: @196205 What's happening if you try to shuffle per instructions at https://t.co/Q3ojzTGrTU on your device? We want to help.
CUSTOMER: @AppleSupport I don’t have a repeat button, and when you hit shuffle it don’t shuffle it constantly repeats Ill wait for the update to the update 🙄",@196205 What's happening if you try to shuffle per instructions at https://t.co/Q3ojzTGrTU on your device? We want to help.,3,2,1,SUPPORT_RESPONSE_PRESENT,"Y can’t y’all release an update that won’t fuck shit up, can’t play Apple Music on shuffle since ios11",6,music_audio_issue,music_audio_issue,,human_verified
apple_262601,@AppleSupport why can’t I get my 1st generation Watch to unlock my Mac on High Sierra?,"CUSTOMER: @AppleSupport why can’t I get my 1st generation Watch to unlock my Mac on High Sierra?
SUPPORT: @178555 We want to look into this with you. What happens when you try?
CUSTOMER: @AppleSupport I just get the Mac could not communicate with Watch dialogue
SUPPORT: @178555 Check out this article for all of the settings necessary for the Auto Unlock https://t.co/MQdkNOBC7a
CUSTOMER: @AppleSupport All those settings are on. It used to work perfectly on macOS Sierra but I can’t get it to work at all since High Sierra and WatchOS 4
SUPPORT: @178555 So we can look into this further, let's chat in DM. https://t.co/GDrqU22YpT","@178555 So we can look into this further, let's chat in DM. https://t.co/GDrqU22YpT",6,3,3,SUPPORT_RESPONSE_PRESENT,why can’t I get my 1st generation Watch to unlock my Mac on High Sierra?,3,macbook_issues,macbook_issues,,human_verified
apple_1478389,@AppleSupport @115858 Why are the question mark boxes popping up every time I️ type this I️,"CUSTOMER: @AppleSupport @115858 Why are the question mark boxes popping up every time I️ type this I️
SUPPORT: @463304 We'd like to discuss this with you further. Let's continue our conversation in DM. https://t.co/GDrqU22YpT",@463304 We'd like to discuss this with you further. Let's continue our conversation in DM. https://t.co/GDrqU22YpT,2,1,1,SUPPORT_RESPONSE_PRESENT,Why are the question mark boxes popping up every time I️ type this I️,5,keyboard_autocorrect_issue,keyboard_autocorrect_issue,,human_verified
apple_2095908,@115858 iOS11 is riddled with glitches. Is there an easy way to downgrade to iOS10? Also happy to share my list of bugs.,"CUSTOMER: @115858 iOS11 is riddled with glitches. Is there an easy way to downgrade to iOS10? Also happy to share my list of bugs.
SUPPORT: @269160 Let's get to the bottom of this. Which version of iOS are you on? You can find that in Settings &gt; General &gt; About. Reply in DM. https://t.co/GDrqU22YpT
CUSTOMER: @AppleSupport @269160 Don’t fall for it @269160, @applesupport always request DM to avoid exposing their weakness of not being able to help publicly. #iOS11",@269160 Let's get to the bottom of this. Which version of iOS are you on? You can find that in Settings &gt; General &gt; About. Reply in DM. https://t.co/GDrqU22YpT,3,2,1,SUPPORT_RESPONSE_PRESENT,iOS11 is riddled with glitches. Is there an easy way to downgrade to iOS10? Also happy to share my list of bugs.,4,ios_update_issues,ios_update_issues,There are a lot of bugs in ios 11,human_verified
apple_563048,@AppleSupport my 5th gen iPod will not play my music. It says the item is unavailable. How do I get my music to play?,"CUSTOMER: @AppleSupport my 5th gen iPod will not play my music. It says the item is unavailable. How do I get my music to play?
SUPPORT: @251803 We'll be happy to help you get back to enjoying your music. Let us know, does this happen to all music? Also, if you haven't already, restart the iPod and test the music again.
CUSTOMER: @AppleSupport No, this doesn’t happen to all of the music. It seems to be just the songs imported from CDs. I have tried restarting the iPod and it doesn’t seem to help.
SUPPORT: @251803 Thanks for letting us know the restart did not help. Next, have you tried to resync your iPod to iTunes? Here is a helpful link on syncing to iTunes: https://t.co/048FvsiWf8

Also, do the songs play when you are using iTunes?
CUSTOMER: @AppleSupport Syncing to iTunes did not help and no, they do not play in iTunes either. It shows an exclamation point next to the song in iTunes.
SUPPORT: @251803 It seems iTunes is not able to find the music file on the computer. So next, let's take a look at this link: https://t.co/fEmDw6pquq It will cover the steps needed to help you. If you still need our assistance, just reach back out to us.
CUSTOMER: @AppleSupport When I click a Edit&gt;Get Info it does not ask me to locate the file.  This is what the “File” tab looks like for a song. https://t.co/WXvDpDVOvM
SUPPORT: @251803 Do you know which version of iTunes you're using? Let us know in a DM. https://t.co/GDrqU22YpT",@251803 Do you know which version of iTunes you're using? Let us know in a DM. https://t.co/GDrqU22YpT,8,4,4,SUPPORT_RESPONSE_PRESENT,my 5th gen iPod will not play my music. It says the item is unavailable. How do I get my music to play?,6,music_audio_issue,music_audio_issue,Issues regarding playing music on Ipod,human_verified
apple_433107,You still have not told me why my new music mix disappeared from my Apple Music @AppleSupport,"CUSTOMER: You still have not told me why my new music mix disappeared from my Apple Music @AppleSupport
SUPPORT: @116338 Reach out to us via DM, then we can advise you on this from there. https://t.co/GDrqU22YpT","@116338 Reach out to us via DM, then we can advise you on this from there. https://t.co/GDrqU22YpT",2,1,1,SUPPORT_RESPONSE_PRESENT,You still have not told me why my new music mix disappeared from my Apple Music,6,music_audio_issue,music_audio_issue,issue regarding music mix in Apple Music,human_verified
apple_2129226,@AppleSupport why does my battery die so fast?,"CUSTOMER: @AppleSupport why does my battery die so fast?
SUPPORT: @626790 We're here to help and want to help take a look into this further. What device and OS version are you having issues with?",@626790 We're here to help and want to help take a look into this further. What device and OS version are you having issues with?,2,1,1,SUPPORT_RESPONSE_PRESENT,why does my battery die so fast?,11,battery_life_issue,battery_life_issue,Battery is dying fast,human_verified
apple_1338031,@115858 @AppleSupport my internet is useless since doing the update,"CUSTOMER: @115858 @AppleSupport my internet is useless since doing the update
SUPPORT: @432092 Having a good internet connection is key. Let's help. Provide us more details on the issue at hand, to get started.
CUSTOMER: @AppleSupport I have nearly full bars of 4G and still things take a lot longer to load then they normally do
SUPPORT: @432092 Have you noticed any difference when connected to Wi-Fi?
CUSTOMER: @AppleSupport When I am connected to wifi all things using the internet load at the speed they always have. Only on 3G and 4G is loading speed a lot slower since updating
SUPPORT: @432092 We appreciate the information provided. Have you checked for a carrier update? Here is how: https://t.co/bfoi2mhtX3
CUSTOMER: @AppleSupport My carrier settings are up to date
SUPPORT: @432092 We are here for you. Let's take a look at this further for you. Reach out to us in DM. https://t.co/GDrqU22YpT",@432092 We are here for you. Let's take a look at this further for you. Reach out to us in DM. https://t.co/GDrqU22YpT,8,4,4,SUPPORT_RESPONSE_PRESENT,my internet is useless since doing the update,1,ios_update_issues,ios_update_issues,,human_verified
apple_148200,@AppleSupport I have a question about shipment method. Will you help me with that?,"CUSTOMER: @AppleSupport I have a question about shipment method. Will you help me with that?
SUPPORT: @149715 Hey there! For questions about shipping, billing and purchases, reach out to our Online Sales Team here: https://t.co/8yjRd1Xo0i","@149715 Hey there! For questions about shipping, billing and purchases, reach out to our Online Sales Team here: https://t.co/8yjRd1Xo0i",2,1,1,SUPPORT_RESPONSE_PRESENT,I have a question about shipment method. Will you help me with that?,2,other_unclear,other_unclear,Question regarding shipment of the product,human_verified
apple_2285653,@AppleSupport why the album and single covers does not show on my apple music ? I registered today,"CUSTOMER: @AppleSupport why the album and single covers does not show on my apple music ? I registered today
SUPPORT: @373739 We've got your DM and will continue with you there. Be on the lookout for our reply! Thank you!",@373739 We've got your DM and will continue with you there. Be on the lookout for our reply! Thank you!,2,1,1,SUPPORT_RESPONSE_PRESENT,why the album and single covers does not show on my apple music ? I registered today,6,music_audio_issue,music_audio_issue,Issue regarding Apple music glitches,human_verified
apple_1791768,"Hi @AppleSupport please tell me how do we take care of iPhone &amp; iPad screen not to cause problem like dead pixel &amp; others. Thanks.

#Apple","CUSTOMER: Hi @AppleSupport please tell me how do we take care of iPhone &amp; iPad screen not to cause problem like dead pixel &amp; others. Thanks.

#Apple
SUPPORT: @203170 Let's see how we can help. We want to be sure we clearly understand your question. Please send us a DM with additional details. https://t.co/GDrqU22YpT",@203170 Let's see how we can help. We want to be sure we clearly understand your question. Please send us a DM with additional details. https://t.co/GDrqU22YpT,2,1,1,SUPPORT_RESPONSE_PRESENT,Hi please tell me how do we take care of iPhone &amp; iPad screen not to cause problem like dead pixel &amp; others. Thanks. Apple,7,iphone_hardware_issue,iphone_hardware_issue,,human_verified
apple_1709355,@115858 what the fuck https://t.co/LB9KpiXBJj,"CUSTOMER: @115858 what the fuck https://t.co/LB9KpiXBJj
SUPPORT: @517954 Here’s what you can do to work around the issue until it’s fixed in a future software update: https://t.co/xXaXeeSRt9",@517954 Here’s what you can do to work around the issue until it’s fixed in a future software update: https://t.co/xXaXeeSRt9,2,1,1,SUPPORT_RESPONSE_PRESENT,what the fuck,2,other_unclear,other_unclear,,human_verified
apple_2519392,@115858 why the fuck can't I make phone calls? Y'all tripping and demand my gat damn reparations. https://t.co/jumd14ookL,"CUSTOMER: @115858 why the fuck can't I make phone calls? Y'all tripping and demand my gat damn reparations. https://t.co/jumd14ookL
SUPPORT: @717643 We'd like to gather some more information for better troubleshooting. Can you DM us the country you are located in? https://t.co/GDrqU22YpT",@717643 We'd like to gather some more information for better troubleshooting. Can you DM us the country you are located in? https://t.co/GDrqU22YpT,2,1,1,SUPPORT_RESPONSE_PRESENT,why the fuck can't I make phone calls? Y'all tripping and demand my gat damn reparations.,2,other_unclear,iphone_hardware_issue,Possible hardware issue,human_verified
apple_852871,@AppleSupport I downloaded the newest update and now my phone doesn’t work send help pls,"CUSTOMER: @AppleSupport I downloaded the newest update and now my phone doesn’t work send help pls
SUPPORT: @322603 We'd love to help. Can you explain more about what you mean when you say it doesn't work? Also, what iOS version did you update to?
CUSTOMER: @AppleSupport On a phone call, no dial tone. No audio on either side.
SUPPORT: @322603 Okay. Join us in DM so we can better assist you: https://t.co/GDrqU22YpT",@322603 Okay. Join us in DM so we can better assist you: https://t.co/GDrqU22YpT,4,2,2,SUPPORT_RESPONSE_PRESENT,I downloaded the newest update and now my phone doesn’t work send help pls,1,ios_update_issues,ios_update_issues,Ios update has rendered phone unusable,human_verified
apple_361423,"@AppleSupport  DISAPPOINTED IN ITUNES UPDATES. First on the latest, why doesn't all history show up in history? Anything you play should!","CUSTOMER: @AppleSupport  DISAPPOINTED IN ITUNES UPDATES. First on the latest, why doesn't all history show up in history? Anything you play should!
SUPPORT: @201589 We're glad you are reaching out. See this link for updates on iTunes: https://t.co/pxseZbMQ8z",@201589 We're glad you are reaching out. See this link for updates on iTunes: https://t.co/pxseZbMQ8z,2,1,1,SUPPORT_RESPONSE_PRESENT,"DISAPPOINTED IN ITUNES UPDATES. First on the latest, why doesn't all history show up in history? Anything you play should!",6,music_audio_issue,music_audio_issue,Itunes problem,human_verified
apple_554864,iPhoneX keeps restarting itself and back is really hot. @AppleSupport @115858 can you help? Phone is unusable. https://t.co/EddJncWxB5,"CUSTOMER: iPhoneX keeps restarting itself and back is really hot. @AppleSupport @115858 can you help? Phone is unusable. https://t.co/EddJncWxB5
SUPPORT: @249519 Thanks for meeting us in Twitter for help today! We want to help. Let's start by getting the iOS version of your device from Settings &gt; General &gt; About to proceed. 

Also, check out: https://t.co/osZOKKTalm","@249519 Thanks for meeting us in Twitter for help today! We want to help. Let's start by getting the iOS version of your device from Settings &gt; General &gt; About to proceed. 

Also, check out: https://t.co/osZOKKTalm",2,1,1,SUPPORT_RESPONSE_PRESENT,iPhoneX keeps restarting itself and back is really hot. can you help? Phone is unusable.,7,iphone_hardware_issue,iphone_hardware_issue,Likely a Battery Hardware Issue,human_verified
apple_250070,Forced to update to iOS 11.whatever the hell this is the other day. Why is each @115858 update worse than the last.,"CUSTOMER: Forced to update to iOS 11.whatever the hell this is the other day. Why is each @115858 update worse than the last.
SUPPORT: @175415 If you're having any issues, we'd like to get to the bottom of them with you. DM us with details, so we may better assist. https://t.co/GDrqU22YpT
CUSTOMER: @AppleSupport Thanks! I’m actually going to run into the apple store tonight. Think I need a new battery.
SUPPORT: @175415 No problem. Let us know if you need further assistance.",@175415 No problem. Let us know if you need further assistance.,4,2,2,SUPPORT_RESPONSE_PRESENT,Forced to update to iOS 11.whatever the hell this is the other day. Why is each update worse than the last.,4,ios_update_issues,ios_update_issues,,human_verified
apple_2369530,Is this *I* issue glitch ever getting fixed???? @115858,"CUSTOMER: Is this *I* issue glitch ever getting fixed???? @115858
SUPPORT: @683825 We want you to be able to use your auto-correct feature and would like to take a deeper look into this. Tell us which iOS version you are using and we'll take it from there. To find your version, go to Settings &gt; General &gt; About.
CUSTOMER: @AppleSupport I’m using 11.0.3.
SUPPORT: @683825 Got it. The first thing we'll need to do is get you updated to iOS 11.1.1.",@683825 Got it. The first thing we'll need to do is get you updated to iOS 11.1.1.,4,2,2,SUPPORT_RESPONSE_PRESENT,Is this *I* issue glitch ever getting fixed?,5,keyboard_autocorrect_issue,keyboard_autocorrect_issue,,human_verified
apple_1266548,why the fuck does the app store say im in canada @AppleSupport,"CUSTOMER: why the fuck does the app store say im in canada @AppleSupport
SUPPORT: @416553 Let's look into this together. To start, which device are you experiencing this on, and which software version is it running?","@416553 Let's look into this together. To start, which device are you experiencing this on, and which software version is it running?",2,1,1,SUPPORT_RESPONSE_PRESENT,why the fuck does the app store say im in canada,8,account_identity_issue,account_identity_issue,user Account Location Issue,human_verified
apple_621801,@115858 I think my Mac is broken and needs fixing ASAP,"CUSTOMER: @115858 I think my Mac is broken and needs fixing ASAP
SUPPORT: @267564 Tell us a bit about what's going on with your Mac. We'd like to offer any assistance we can.
CUSTOMER: @AppleSupport Hi👋🏼 Apple Support! TY for getting back 2 me! My MAC keeps restarting &amp; glitches 😔 help a girl out I'm an Engineer &amp; I can't live w/o my 💻
SUPPORT: @267564 When did you see this start to happen? What version of macOS are you running? DM us and we'll continue there. https://t.co/GDrqU22YpT
CUSTOMER: @AppleSupport Thank you Apple Support Team! YOU ROCK 🍎 ❤️",@267564 When did you see this start to happen? What version of macOS are you running? DM us and we'll continue there. https://t.co/GDrqU22YpT,5,3,2,SUPPORT_RESPONSE_PRESENT,I think my Mac is broken and needs fixing ASAP,3,macbook_issues,macbook_issues,Broken macbook,human_verified
apple_2750532,@115858 what’s wrong with the iPhone X I can’t access my contacts https://t.co/JGrbESlEJr,"CUSTOMER: @115858 what’s wrong with the iPhone X I can’t access my contacts https://t.co/JGrbESlEJr
SUPPORT: @770058 Let's get this figured out together, so you can enjoy all the awesome features your iPhone X has to offer. To start, have you tried closing the Contacts app, then restarting? This may help: https://t.co/DEYy6pvQDC
CUSTOMER: @AppleSupport Yeah I did it worked
CUSTOMER: @AppleSupport Thanks
SUPPORT: @770058 You're welcome and please feel free to reach back out if we can be of any further assistance!",@770058 You're welcome and please feel free to reach back out if we can be of any further assistance!,5,3,2,SUPPORT_RESPONSE_PRESENT,what’s wrong with the iPhone X I can’t access my contacts,7,iphone_hardware_issue,ios_update_issues,likely issue regarding the update which has bugs not letting the user access his contacts,human_verified
apple_2046483,@AppleSupport  the update for my alarm is broken! My alarm will not turn up in volume. I’ve been late TWICE now. Please fix the alarm! #help,"CUSTOMER: @AppleSupport  the update for my alarm is broken! My alarm will not turn up in volume. I’ve been late TWICE now. Please fix the alarm! #help
SUPPORT: @605227 We certainly want your alarm working as expected. Please send us a DM and we will look into this with you. https://t.co/GDrqU22YpT",@605227 We certainly want your alarm working as expected. Please send us a DM and we will look into this with you. https://t.co/GDrqU22YpT,2,1,1,SUPPORT_RESPONSE_PRESENT,the update for my alarm is broken! My alarm will not turn up in volume. I’ve been late TWICE now. Please fix the alarm! help,1,ios_update_issues,ios_update_issues,,human_verified
apple_1531044,@AppleSupport I haven't received my iOS 11 update.,"CUSTOMER: @AppleSupport I haven't received my iOS 11 update.
SUPPORT: @474975 We certainly want you to enjoy iOS 11. To start, may we get the current iOS version shown in Settings &gt; General &gt; About?
CUSTOMER: @AppleSupport iOS 10.3.1
SUPPORT: @474975 Since you're not receiving the iOS 11 update, have you had the chance to review the steps here: https://t.co/80YRnjDFDk
CUSTOMER: @AppleSupport @4150 yes, but it doesn't tell me what to do if I haven't received the update.
SUPPORT: @474975 Would you please tell us which iOS device are you using?
CUSTOMER: @AppleSupport iPhone 7 Plus
SUPPORT: @474975 Let’s team up in DM and we’ll do our best to assist you. https://t.co/GDrqU22YpT",@474975 Let’s team up in DM and we’ll do our best to assist you. https://t.co/GDrqU22YpT,8,4,4,SUPPORT_RESPONSE_PRESENT,I haven't received my iOS 11 update.,4,ios_update_issues,ios_update_issues,,human_verified
apple_2639737,"Ever since the IPhoneX came out, I’ve been wanting to throw my iPhone against the wall cause it’s been acting retarded as fuck.... @115858 @AppleSupport stop playing me bruh","CUSTOMER: Ever since the IPhoneX came out, I’ve been wanting to throw my iPhone against the wall cause it’s been acting retarded as fuck.... @115858 @AppleSupport stop playing me bruh
SUPPORT: @744974 If you're having trouble with your iPhone, we can help. Let us know specifically what's happening with it. We'll work with you to determine the cause, so we can offer an appropriate solution.","@744974 If you're having trouble with your iPhone, we can help. Let us know specifically what's happening with it. We'll work with you to determine the cause, so we can offer an appropriate solution.",2,1,1,SUPPORT_RESPONSE_PRESENT,"Ever since the IPhoneX came out, I’ve been wanting to throw my iPhone against the wall cause it’s been acting retarded as fuck.. stop playing me bruh",7,iphone_hardware_issue,ios_update_issues,Ios update slowing down the device,human_verified
apple_1404826,iOS 11 has destroyed the speed and battery life on my iPhone 6 and 5s. This sucks big time! @115858 @AppleSupport,"CUSTOMER: iOS 11 has destroyed the speed and battery life on my iPhone 6 and 5s. This sucks big time! @115858 @AppleSupport
SUPPORT: @446606 We're happy to assist. Which iOS 11 version are you currently running? Go to Settings &gt; General &gt; About for the version.
CUSTOMER: @AppleSupport The latest - 11.0.3
SUPPORT: @446606 Have you noticed that it is certain apps that are running slowly or is it more of an overall slowness? Let us know in DM. https://t.co/GDrqU22YpT",@446606 Have you noticed that it is certain apps that are running slowly or is it more of an overall slowness? Let us know in DM. https://t.co/GDrqU22YpT,4,2,2,SUPPORT_RESPONSE_PRESENT,iOS 11 has destroyed the speed and battery life on my iPhone 6 and 5s. This sucks big time!,4,ios_update_issues,ios_update_issues,,human_verified
apple_2476218,Is anybody else’s Snapchat freezing up their 7?? Like even if I try locking the screen it’s frozen on snap....,"CUSTOMER: Is anybody else’s Snapchat freezing up their 7?? Like even if I try locking the screen it’s frozen on snap....
CUSTOMER: And is anyone else’s screenshots just blank?? Like all black or white?? Wtf is goin on @115858?!
SUPPORT: @203180 Thank you for reaching out to us. We'd be happy to look into this with you. Can you tell us which iPhone and version of software you're using? Does this happen when you're using a specific app?",@203180 Thank you for reaching out to us. We'd be happy to look into this with you. Can you tell us which iPhone and version of software you're using? Does this happen when you're using a specific app?,3,2,1,SUPPORT_RESPONSE_PRESENT,Is anybody else’s Snapchat freezing up their 7? Like even if I try locking the screen it’s frozen on snap..,3,macbook_issues,ios_update_issues,,human_verified
apple_1660402,@115858 why does the @917 logo not show when I receive notifications?! It’s been happening for weeks.,"CUSTOMER: @115858 why does the @917 logo not show when I receive notifications?! It’s been happening for weeks.
SUPPORT: @506508 Sounds like trouble with Notifications. Meet up with us in DM, and we can take a look together. https://t.co/GDrqU22YpT","@506508 Sounds like trouble with Notifications. Meet up with us in DM, and we can take a look together. https://t.co/GDrqU22YpT",2,1,1,SUPPORT_RESPONSE_PRESENT,why does the logo not show when I receive notifications?! It’s been happening for weeks.,3,macbook_issues,ios_update_issues,,human_verified
apple_6554,@AppleSupport how long does it take usually for account recovery to get back to you? It’s been about a week now.,"CUSTOMER: @AppleSupport how long does it take usually for account recovery to get back to you? It’s been about a week now.
SUPPORT: @117154 Having access to your Apple ID is important. Did you receive an email with a confirmation of your request? DM us here: https://t.co/GDrqU22YpT",@117154 Having access to your Apple ID is important. Did you receive an email with a confirmation of your request? DM us here: https://t.co/GDrqU22YpT,2,1,1,SUPPORT_RESPONSE_PRESENT,how long does it take usually for account recovery to get back to you? It’s been about a week now.,8,account_identity_issue,account_identity_issue,,human_verified
apple_561809,@AppleSupport I update phone and I don’t have access to the Apple Pay between friends ...I don’t see icon in messages and I have Apple Pay and everything set up,"CUSTOMER: @AppleSupport I update phone and I don’t have access to the Apple Pay between friends ...I don’t see icon in messages and I have Apple Pay and everything set up
SUPPORT: @251466 If you're in the US, those features will require iOS 11.2 and will begin rolling out early next week.
CUSTOMER: @AppleSupport I do have 11.2!!!
CUSTOMER: @AppleSupport ?
CUSTOMER: @AppleSupport I have 11.2 and nothing on Apple Pay for iMessage
SUPPORT: @251466 We appreciate your interest. Those features are set to release early next week. Apple Pay Cash is not yet available. Having 11.2 already ensures you're set up for when those features release.",@251466 We appreciate your interest. Those features are set to release early next week. Apple Pay Cash is not yet available. Having 11.2 already ensures you're set up for when those features release.,6,4,2,SUPPORT_RESPONSE_PRESENT,I update phone and I don’t have access to the Apple Pay between friends ...I don’t see icon in messages and I have Apple Pay and everything set up,8,account_identity_issue,ios_update_issues,Ios update had a bug that doesnt let the user access Apple pay between friends,human_verified
apple_710078,@115858 needs to fix iOS 11 asap.  I’m tired of not being able to stay on WiFi and my phone restarting at least 3 times a day 🙄,"CUSTOMER: @115858 needs to fix iOS 11 asap.  I’m tired of not being able to stay on WiFi and my phone restarting at least 3 times a day 🙄
SUPPORT: @289791 That should not be happening. We want to help. Tell us what version of iOS you're using via DM. https://t.co/GDrqU22YpT",@289791 That should not be happening. We want to help. Tell us what version of iOS you're using via DM. https://t.co/GDrqU22YpT,2,1,1,SUPPORT_RESPONSE_PRESENT,needs to fix iOS 11 asap. I’m tired of not being able to stay on WiFi and my phone restarting at least 3 times a day 🙄,4,ios_update_issues,ios_update_issues,,human_verified
apple_1406834,"@AppleSupport Iphone 6 stopped working after OS11.  So lame. While at Apple store, heard 5 others with SAME ISSUE. Not OK. #lameassproducts","CUSTOMER: @AppleSupport Iphone 6 stopped working after OS11.  So lame. While at Apple store, heard 5 others with SAME ISSUE. Not OK. #lameassproducts
SUPPORT: @446993 We're here for you. Tell us more about what you're experiencing. Which iOS version are you on in Settings &gt; General &gt; About?",@446993 We're here for you. Tell us more about what you're experiencing. Which iOS version are you on in Settings &gt; General &gt; About?,2,1,1,SUPPORT_RESPONSE_PRESENT,"Iphone 6 stopped working after OS11. So lame. While at Apple store, heard 5 others with SAME ISSUE. Not OK. lameassproducts",7,iphone_hardware_issue,iphone_hardware_issue,,human_verified
apple_559094,Either @AppleSupport  or @115888 or @917  help... every time I get a notification from Snapchat my music cuts off. It’s mad annoying. How do I fix this,"CUSTOMER: Either @AppleSupport  or @115888 or @917  help... every time I get a notification from Snapchat my music cuts off. It’s mad annoying. How do I fix this
SUPPORT: @250661 We’d like to help. To start, please send us a DM confirming which device and exact software version you’re using. You can tap Settings &gt; General &gt; About to locate the software version. https://t.co/GDrqU22YpT","@250661 We’d like to help. To start, please send us a DM confirming which device and exact software version you’re using. You can tap Settings &gt; General &gt; About to locate the software version. https://t.co/GDrqU22YpT",2,1,1,SUPPORT_RESPONSE_PRESENT,Either or or help... every time I get a notification from Snapchat my music cuts off. It’s mad annoying. How do I fix this,6,music_audio_issue,music_audio_issue,,human_verified
apple_1693502,What is up with the question marks @AppleSupport? I️ type something and a question mark comes up after I️ post. Is this due to the update?,"CUSTOMER: What is up with the question marks @AppleSupport? I️ type something and a question mark comes up after I️ post. Is this due to the update?
SUPPORT: @127358 Here’s what you can do to work around the issue until it’s fixed in a future software update: https://t.co/xXaXeeSRt9",@127358 Here’s what you can do to work around the issue until it’s fixed in a future software update: https://t.co/xXaXeeSRt9,2,1,1,SUPPORT_RESPONSE_PRESENT,What is up with the question marks ? I️ type something and a question mark comes up after I️ post. Is this due to the update?,5,keyboard_autocorrect_issue,keyboard_autocorrect_issue,,human_verified
apple_288491,"Can o get help again?
Apple’s Workflow on Watch not working as expected together 🤔
@AppleSupport","CUSTOMER: Can o get help again?
Apple’s Workflow on Watch not working as expected together 🤔
@AppleSupport
SUPPORT: @184724 Of course you can. What do you mean by Apple's workflow not working as expected exactly?",@184724 Of course you can. What do you mean by Apple's workflow not working as expected exactly?,2,1,1,SUPPORT_RESPONSE_PRESENT,Can o get help again? Apple’s Workflow on Watch not working as expected together 🤔,3,macbook_issues,macbook_issues,,human_verified
apple_31911,"@AppleSupport After updating to 10.13.1 to fix freeze issues of High Sierra, I went to a complete black screen. Test product before release","CUSTOMER: @AppleSupport After updating to 10.13.1 to fix freeze issues of High Sierra, I went to a complete black screen. Test product before release
SUPPORT: @123052 We want to help. Are you still seeing a blank black screen on your Mac? Send us a DM. https://t.co/GDrqU22YpT",@123052 We want to help. Are you still seeing a blank black screen on your Mac? Send us a DM. https://t.co/GDrqU22YpT,2,1,1,SUPPORT_RESPONSE_PRESENT,"After updating to 10.13.1 to fix freeze issues of High Sierra, I went to a complete black screen. Test product before release",3,macbook_issues,macbook_issues,,human_verified
apple_1020337,@AppleSupport Trying to figure out: I checked off the preference for downloading all music into iTunes but not all music is being downloaded https://t.co/OPk4d9gZnY,"CUSTOMER: @AppleSupport Trying to figure out: I checked off the preference for downloading all music into iTunes but not all music is being downloaded https://t.co/OPk4d9gZnY
SUPPORT: @361440 Let's look into this. Were these songs recently purchased on another device or recently added to your iCloud Music Library?
CUSTOMER: @AppleSupport Mostly Apple Music albums added to my library over the past months or year.
SUPPORT: @361440 When was the preference enabled? Let us know via DM. https://t.co/GDrqU22YpT",@361440 When was the preference enabled? Let us know via DM. https://t.co/GDrqU22YpT,4,2,2,SUPPORT_RESPONSE_PRESENT,Trying to figure out: I checked off the preference for downloading all music into iTunes but not all music is being downloaded,6,music_audio_issue,music_audio_issue,,human_verified
apple_1905452,"hey @applesupport is the 6s screen supposed to make a quiet buzzing noise whenever it’s on?

already checked for bees so it’s not that","CUSTOMER: hey @applesupport is the 6s screen supposed to make a quiet buzzing noise whenever it’s on?

already checked for bees so it’s not that
SUPPORT: @567797 We'd like to take a closer look and listen to what you're seeing with your iPhone. Could you join us in DM with more details? https://t.co/GDrqU22YpT",@567797 We'd like to take a closer look and listen to what you're seeing with your iPhone. Could you join us in DM with more details? https://t.co/GDrqU22YpT,2,1,1,SUPPORT_RESPONSE_PRESENT,hey is the 6s screen supposed to make a quiet buzzing noise whenever it’s on? already checked for bees so it’s not that,9,iphone_hardware_issue,iphone_hardware_issue,,human_verified
apple_1785561,.@AppleSupport my phone is still trash 😠,"CUSTOMER: .@AppleSupport my phone is still trash 😠
SUPPORT: @356698 That's certainly not what we want to hear! What's going on with your iPhone? DM us, and we'll see how we can help. https://t.co/GDrqU22YpT","@356698 That's certainly not what we want to hear! What's going on with your iPhone? DM us, and we'll see how we can help. https://t.co/GDrqU22YpT",2,1,1,SUPPORT_RESPONSE_PRESENT,. my phone is still trash 😠,9,iphone_hardware_issue,iphone_hardware_issue,,human_verified
apple_1983211,What is this mess @115858 https://t.co/fDNRR6iY8r,"CUSTOMER: What is this mess @115858 https://t.co/fDNRR6iY8r
CUSTOMER: @115858 @AppleSupport this is mad annoying.
SUPPORT: @587018 We'd like to help. What kind of device do you have and are you updated to iOS 11.1? Let us know in DM to begin. https://t.co/GDrqU22YpT",@587018 We'd like to help. What kind of device do you have and are you updated to iOS 11.1? Let us know in DM to begin. https://t.co/GDrqU22YpT,3,2,1,SUPPORT_RESPONSE_PRESENT,What is this mess,2,other_unclear,other_unclear,,human_verified
apple_1227318,@AppleSupport any way to check the battery health of my iPhone 7 Plus. It’s getting drained too far. Checked usage. Nothing abnormal. Help.,"CUSTOMER: @AppleSupport any way to check the battery health of my iPhone 7 Plus. It’s getting drained too far. Checked usage. Nothing abnormal. Help.
SUPPORT: @407912 Hey there. We're happy to help. DM us and tell us which version of iOS you're running. https://t.co/GDrqU22YpT",@407912 Hey there. We're happy to help. DM us and tell us which version of iOS you're running. https://t.co/GDrqU22YpT,2,1,1,SUPPORT_RESPONSE_PRESENT,any way to check the battery health of my iPhone 7 Plus. It’s getting drained too far. Checked usage. Nothing abnormal. Help.,11,battery_life_issue,battery_life_issue,,human_verified
apple_684378,"@AppleSupport Hi I have a question about purchasing a MacBook, could I DM you?","CUSTOMER: @AppleSupport Hi I have a question about purchasing a MacBook, could I DM you?
SUPPORT: @283333 Hi! Our Apple Online Store is better able to answer Mac purchasing questions. You can contact them here: https://t.co/8yjRd1Xo0i",@283333 Hi! Our Apple Online Store is better able to answer Mac purchasing questions. You can contact them here: https://t.co/8yjRd1Xo0i,2,1,1,SUPPORT_RESPONSE_PRESENT,"Hi I have a question about purchasing a MacBook, could I DM you?",8,account_identity_issue,other_unclear,Regarding purchase of macbook,human_verified
apple_164246,@115858 Plz get ur shit together and fix I.T,"CUSTOMER: @115858 Plz get ur shit together and fix I.T
SUPPORT: @154045 We'd like to help out. Could you Direct Message us and let know what iOS version is on the iPhone? https://t.co/GDrqU22YpT",@154045 We'd like to help out. Could you Direct Message us and let know what iOS version is on the iPhone? https://t.co/GDrqU22YpT,2,1,1,SUPPORT_RESPONSE_PRESENT,Plz get ur shit together and fix I.T,5,keyboard_autocorrect_issue,other_unclear,,human_verified
apple_2502118,Aye @AppleSupport step in my DM please. We gotta talk.,"CUSTOMER: Aye @AppleSupport step in my DM please. We gotta talk.
SUPPORT: @127767 We're on our way, we'll be responding there.","@127767 We're on our way, we'll be responding there.",2,1,1,SUPPORT_RESPONSE_PRESENT,Aye step in my DM please. We gotta talk.,2,other_unclear,other_unclear,,human_verified
apple_1900009,@115858 @797 what happens with battery? Help #Samsung,"CUSTOMER: @115858 @797 what happens with battery? Help #Samsung
SUPPORT: @566226 We'd like to know more about what you're experiencing. Which iPhone are you using? What's going on with your battery?",@566226 We'd like to know more about what you're experiencing. Which iPhone are you using? What's going on with your battery?,2,1,1,SUPPORT_RESPONSE_PRESENT,what happens with battery? Help Samsung,11,battery_life_issue,battery_life_issue,,human_verified
apple_2841958,"@AppleSupport hello, yesterday i purchased an iPad 9.7 inches 2017. I was wondering why i can't find anywhere a smart case for it (not smart cover). Does it even exist? Or is there any iPad Air smart case compatible with iPad 9.7 inches 2017 ?","CUSTOMER: @AppleSupport hello, yesterday i purchased an iPad 9.7 inches 2017. I was wondering why i can't find anywhere a smart case for it (not smart cover). Does it even exist? Or is there any iPad Air smart case compatible with iPad 9.7 inches 2017 ?
SUPPORT: @790739 We'd be happy to help you with this. It looks like you've sent us a DM as well, we'll get started there.
CUSTOMER: @AppleSupport Ok, I'm waiting to you DM me","@790739 We'd be happy to help you with this. It looks like you've sent us a DM as well, we'll get started there.",3,2,1,SUPPORT_RESPONSE_PRESENT,"hello, yesterday i purchased an iPad 9.7 inches 2017. I was wondering why i can't find anywhere a smart case for it (not smart cover). Does it even exist? Or is there any iPad Air smart case compatible with iPad 9.7 inches 2017 ?",8,account_identity_issue,account_identity_issue,,human_verified
apple_622658,"@AppleSupport I'm getting this too, is this a hard or software issue? https://t.co/9h6tq0sOp0","CUSTOMER: @AppleSupport I'm getting this too, is this a hard or software issue? https://t.co/9h6tq0sOp0
SUPPORT: @267788 Let's look into it together. Do you notice this with any particular apps or is it any time your volume is turned up? Let us know in DM: https://t.co/GDrqU2kzhr",@267788 Let's look into it together. Do you notice this with any particular apps or is it any time your volume is turned up? Let us know in DM: https://t.co/GDrqU2kzhr,2,1,1,SUPPORT_RESPONSE_PRESENT,"I'm getting this too, is this a hard or software issue?",3,macbook_issues,macbook_issues,,human_verified
apple_1265254,@AppleSupport please tell me how to mute specific messages on my Apple Watch — I’ve got group msg blowing me up all day tho muted on phone,"CUSTOMER: @AppleSupport please tell me how to mute specific messages on my Apple Watch — I’ve got group msg blowing me up all day tho muted on phone
SUPPORT: @190583 Let's look into this together. To get started, let us know which watchOS is installed. Do you receive notifications on the iPhone?
CUSTOMER: @AppleSupport The newest update, whatever that is. And no, I do not. Tried to unmute then remute to see if that helped but did not
SUPPORT: @190583 Has this ever worked properly? If so, how long have you been experiencing this?
CUSTOMER: @AppleSupport It worked properly until the most recent update. Other new prob is that names no longer show on watch message alerts, just phone #
CUSTOMER: @AppleSupport Apple Watch 2 and iPhone 7 btw
SUPPORT: @190583 Let us know if you’ve tried restarting both devices in DM. We’ll continue troubleshooting there. https://t.co/GDrqU22YpT",@190583 Let us know if you’ve tried restarting both devices in DM. We’ll continue troubleshooting there. https://t.co/GDrqU22YpT,7,4,3,SUPPORT_RESPONSE_PRESENT,please tell me how to mute specific messages on my Apple Watch — I’ve got group msg blowing me up all day tho muted on phone,9,iphone_hardware_issue,other_unclear,regarding notifications,human_verified
apple_2558613,Why every time I️ out I️ Issa question mark @AppleSupport,"CUSTOMER: Why every time I️ out I️ Issa question mark @AppleSupport
SUPPORT: @594330 Thanks for reaching out.  We know how important it is for your keyboard to respond as expected and we'll do everything we can to assist.  Have you had a chance to update to iOS 11.1.1?",@594330 Thanks for reaching out.  We know how important it is for your keyboard to respond as expected and we'll do everything we can to assist.  Have you had a chance to update to iOS 11.1.1?,2,1,1,SUPPORT_RESPONSE_PRESENT,Why every time I️ out I️ Issa question mark,5,keyboard_autocorrect_issue,keyboard_autocorrect_issue,,human_verified
apple_2417418,So close to switching back to an Andorid.. @115858 gives me more problems than anything. Woke up and my phone said I don't have an apple music account (I do) an erased all of my music off of my phone.,"CUSTOMER: So close to switching back to an Andorid.. @115858 gives me more problems than anything. Woke up and my phone said I don't have an apple music account (I do) an erased all of my music off of my phone.
SUPPORT: @694698 We can check into this. Are you signed in to Apple Music? What's your current iOS version shown in Settings &gt; General &gt; About?",@694698 We can check into this. Are you signed in to Apple Music? What's your current iOS version shown in Settings &gt; General &gt; About?,2,1,1,SUPPORT_RESPONSE_PRESENT,So close to switching back to an Andorid.. gives me more problems than anything. Woke up and my phone said I don't have an apple music account (I do) an erased all of my music off of my phone.,6,music_audio_issue,music_audio_issue,,human_verified
apple_848303,"@AppleSupport No option to set wifi hotspot timeout in iOS ,which iam looking from 2months ,","CUSTOMER: @AppleSupport No option to set wifi hotspot timeout in iOS ,which iam looking from 2months ,
SUPPORT: @308070 We'd be happy to point you in the right direction. Please DM us your Apple device and we'll go from there. https://t.co/GDrqU22YpT
CUSTOMER: @AppleSupport I did not understood what do you mean by DM my iPhone
SUPPORT: @308070 We'd like to continue with you via DM. Send us a DM and let us know which device you're using: https://t.co/GDrqU2kzhr
CUSTOMER: @AppleSupport iPhone 6s 32 GB model with iOS 11.0.3 what else you need,,
CUSTOMER: @AppleSupport Difficult to organise the photos by app wise like WhatsApp and Facebook etc,,,
CUSTOMER: @AppleSupport Why can’t be an always on display with date time in iPhone
CUSTOMER: @AppleSupport Most of the apps in App Store are us less they sshould moly consume your mobile data and as well as battery with no use
CUSTOMER: @AppleSupport In fact apps applications developed by Apple for the iPhone users ar very less
SUPPORT: @308070 Are you able to send a DM using Twitter's website? If not, connect with us via phone or chat here: https://t.co/IBIY3vMgPj
CUSTOMER: @AppleSupport Both phone and chat is waste as per my experience so far,
CUSTOMER: @AppleSupport Did you understood my issues with iPhone
Multiple contacts deletion,by app basis  photo organiser , wifi hotspot timeout
CUSTOMER: @AppleSupport How to set my passkey for Bluetooth
CUSTOMER: @AppleSupport iTunes music equaliser should be part of within app not under the  settings menu
CUSTOMER: @AppleSupport No option to connect iPhone to my wifi router with WPS
CUSTOMER: @AppleSupport Your phone in call log iOS doesn’t Show the message log like sent and received .
CUSTOMER: @AppleSupport For all questions  support team Dnt have the answer &amp; they are asking me 2 send it as feedback ,
CUSTOMER: @AppleSupport these are not suggestions they are basic requirements for any iPhone user,,","@308070 Are you able to send a DM using Twitter's website? If not, connect with us via phone or chat here: https://t.co/IBIY3vMgPj",18,15,3,SUPPORT_RESPONSE_PRESENT,"No option to set wifi hotspot timeout in iOS ,which iam looking from 2months ,",8,account_identity_issue,ios_update_issues,,human_verified
apple_1406883,@AppleSupport why can’t I rename files/images I’m saving to “files”/iCloud drive anymore?  WTF?,"CUSTOMER: @AppleSupport why can’t I rename files/images I’m saving to “files”/iCloud drive anymore?  WTF?
SUPPORT: @447005 Hey there. You can rename the files you already have when you press firmly on them. https://t.co/wfVIedr8co
CUSTOMER: @AppleSupport It saves every photo as “image” and overwrites. It used to ask for rename. Easier to rename during save not as a later task. Why not option?
SUPPORT: @447005 Many changes have been made with the new software. We welcome your feedback about the change here: https://t.co/eTPVYVFyd8",@447005 Many changes have been made with the new software. We welcome your feedback about the change here: https://t.co/eTPVYVFyd8,4,2,2,SUPPORT_RESPONSE_PRESENT,why can’t I rename files/images I’m saving to “files”/iCloud drive anymore? WTF?,3,macbook_issues,macbook_issues,,human_verified
apple_1587399,"@115858 
We, your trusted customers are fed up with your bullshit. Especially when referring to the lowercase i problem. Please get your shit together.","CUSTOMER: @115858 
We, your trusted customers are fed up with your bullshit. Especially when referring to the lowercase i problem. Please get your shit together.
SUPPORT: @488279 We'd love to help get that corrected. Try these steps here: https://t.co/xXaXeeSRt9",@488279 We'd love to help get that corrected. Try these steps here: https://t.co/xXaXeeSRt9,2,1,1,SUPPORT_RESPONSE_PRESENT,"We, your trusted customers are fed up with your bullshit. Especially when referring to the lowercase i problem. Please get your shit together.",10,keyboard_autocorrect_issue,keyboard_autocorrect_issue,,human_verified
apple_1748831,"@AppleSupport @115858 1.800 reais só pq quebrou o vidro da câmera?? E é obrigado trocar o celular todo, só pode ser uma piada","CUSTOMER: @AppleSupport @115858 1.800 reais só pq quebrou o vidro da câmera?? E é obrigado trocar o celular todo, só pode ser uma piada
SUPPORT: @527129 Since our Twitter support is available in English, get help at https://t.co/IBIY3vMgPj or join https://t.co/pvaOFfPbjt","@527129 Since our Twitter support is available in English, get help at https://t.co/IBIY3vMgPj or join https://t.co/pvaOFfPbjt",2,1,1,SUPPORT_RESPONSE_PRESENT,"1.800 reais só pq quebrou o vidro da câmera? E é obrigado trocar o celular todo, só pode ser uma piada",0,ios_update_issues,ios_update_issues,,human_verified
apple_695277,@AppleSupport Screenrecordings on iOS result in a nice compact mp4 file. Screenrecordings on macOS still turn into a large incompatible mov file. Or is this a setting somewhere?,"CUSTOMER: @AppleSupport Screenrecordings on iOS result in a nice compact mp4 file. Screenrecordings on macOS still turn into a large incompatible mov file. Or is this a setting somewhere?
SUPPORT: @285820 Thanks for reaching out to us about your screen recordings. We'd like to help out the best we can. We recommend checking out this link: https://t.co/wTpGAw6h2q
CUSTOMER: @AppleSupport That link just explains how to record a screen. Not how to save the recording in .mp4 like iOS does by default.
SUPPORT: @285820 For questions about exporting QuickTime videos in another format, check this out: https://t.co/qq3thtcbRW If you have further questions, DM us and we'll get you to the right place for support. https://t.co/GDrqU22YpT","@285820 For questions about exporting QuickTime videos in another format, check this out: https://t.co/qq3thtcbRW If you have further questions, DM us and we'll get you to the right place for support. https://t.co/GDrqU22YpT",4,2,2,SUPPORT_RESPONSE_PRESENT,Screenrecordings on iOS result in a nice compact mp4 file. Screenrecordings on macOS still turn into a large incompatible mov file. Or is this a setting somewhere?,3,macbook_issues,macbook_issues,,human_verified
apple_2310366,"@AppleSupport so my iPhone wont connect to iTunes on my laptop, what should I do ?","CUSTOMER: @AppleSupport so my iPhone wont connect to iTunes on my laptop, what should I do ?
SUPPORT: @670060 Let's help you get this sorted out. Are you using iTunes on a Mac or Windows PC? DM us the response here: https://t.co/GDrqU22YpT",@670060 Let's help you get this sorted out. Are you using iTunes on a Mac or Windows PC? DM us the response here: https://t.co/GDrqU22YpT,2,1,1,SUPPORT_RESPONSE_PRESENT,"so my iPhone wont connect to iTunes on my laptop, what should I do ?",7,iphone_hardware_issue,iphone_hardware_issue,,human_verified
apple_893355,Yo what the fuck is with the new iPhone update? Deleted allllll my music @115858,"CUSTOMER: Yo what the fuck is with the new iPhone update? Deleted allllll my music @115858
SUPPORT: @332129 Let's look into that. Send us a DM And we'll go from there. https://t.co/GDrqU22YpT",@332129 Let's look into that. Send us a DM And we'll go from there. https://t.co/GDrqU22YpT,2,1,1,SUPPORT_RESPONSE_PRESENT,Yo what the fuck is with the new iPhone update? Deleted all my music,6,music_audio_issue,music_audio_issue,,human_verified
apple_2066414,"@AppleSupport hello, do iPhones have a special Chip/card you can buy to boost the storage? (Not a plug in).","CUSTOMER: @AppleSupport hello, do iPhones have a special Chip/card you can buy to boost the storage? (Not a plug in).
SUPPORT: @611076 While we can't increase the internal storage, you can expand your iCloud storage: https://t.co/dREC7Rk0Qk Questions? DM us. https://t.co/GDrqU22YpT
CUSTOMER: @AppleSupport Ok thank you","@611076 While we can't increase the internal storage, you can expand your iCloud storage: https://t.co/dREC7Rk0Qk Questions? DM us. https://t.co/GDrqU22YpT",3,2,1,SUPPORT_RESPONSE_PRESENT,"hello, do iPhones have a special Chip/card you can buy to boost the storage? (Not a plug in).",7,iphone_hardware_issue,other_unclear,Customer Query,human_verified
apple_2130278,@AppleSupport why my music stop when I open an app 🤦🏽‍♂️ my ass paying $10 and I can’t even listen to music without it stopping,"CUSTOMER: @AppleSupport why my music stop when I open an app 🤦🏽‍♂️ my ass paying $10 and I can’t even listen to music without it stopping
SUPPORT: @627016 Thanks for reaching out to us. We would love to help you. Can you please tell us when did you first encounter the issue?
CUSTOMER: @AppleSupport Just started happening randomly , could’ve been the update
SUPPORT: @627016 Can you please tell us which version of iOS you are currently running?
CUSTOMER: @AppleSupport 11.1",@627016 Can you please tell us which version of iOS you are currently running?,5,3,2,SUPPORT_RESPONSE_PRESENT,why my music stop when I open an app 🤦🏽‍♂️ my ass paying $10 and I can’t even listen to music without it stopping,6,music_audio_issue,music_audio_issue,,human_verified
apple_996594,@AppleSupport mate my phones on 50% already mate was going on there i only woke up a hour ago?!,"CUSTOMER: @AppleSupport mate my phones on 50% already mate was going on there i only woke up a hour ago?!
SUPPORT: @355984 Battery life is so important. We'd love to look into this. Which iPhone and Software Version are you using? https://t.co/GDrqU22YpT
CUSTOMER: @AppleSupport Iphone 6s plus and the new update
SUPPORT: @355984 Thanks. Let's look into that further. Send us a DM and we'll go from there. https://t.co/GDrqU22YpT
CUSTOMER: @AppleSupport Thanks",@355984 Thanks. Let's look into that further. Send us a DM and we'll go from there. https://t.co/GDrqU22YpT,5,3,2,SUPPORT_RESPONSE_PRESENT,mate my phones on 50% already mate was going on there i only woke up a hour ago?!,9,iphone_hardware_issue,battery_life_issue,,human_verified
apple_2366178,Battery life in iPhone 7+ is again draining rather quickly. @AppleSupport,"CUSTOMER: Battery life in iPhone 7+ is again draining rather quickly. @AppleSupport
SUPPORT: @400572 Were you able to check out those steps in the article we provided. Did they help at all?
CUSTOMER: @AppleSupport Not really. Still draining quickly. Getting 8+ next week so will see",@400572 Were you able to check out those steps in the article we provided. Did they help at all?,3,2,1,SUPPORT_RESPONSE_PRESENT,Battery life in iPhone 7+ is again draining rather quickly.,11,battery_life_issue,battery_life_issue,,human_verified
apple_1896126,".@AppleSupport - If my mail is set to ""fetch"" every 15 mins, why do I get new mail notices every couple of minutes? #ios11problems","CUSTOMER: .@AppleSupport - If my mail is set to ""fetch"" every 15 mins, why do I get new mail notices every couple of minutes? #ios11problems
SUPPORT: @240341 We're happy to look into what's happening with your Mail. Send us a DM telling which iPhone you have &amp; iOS 11 version number. https://t.co/GDrqU22YpT",@240341 We're happy to look into what's happening with your Mail. Send us a DM telling which iPhone you have &amp; iOS 11 version number. https://t.co/GDrqU22YpT,2,1,1,SUPPORT_RESPONSE_PRESENT,". - If my mail is set to ""fetch"" every 15 mins, why do I get new mail notices every couple of minutes? ios11problems",8,account_identity_issue,account_identity_issue,,human_verified
apple_1886856,@AppleSupport I would like to check my iPhone 6s's battery health. Can you please help? Thanks.,"CUSTOMER: @AppleSupport I would like to check my iPhone 6s's battery health. Can you please help? Thanks.
SUPPORT: @562766 We'd be more than happy to help out. Go ahead and let us know the exact iOS version installed within DM here: https://t.co/GDrqU22YpT",@562766 We'd be more than happy to help out. Go ahead and let us know the exact iOS version installed within DM here: https://t.co/GDrqU22YpT,2,1,1,SUPPORT_RESPONSE_PRESENT,I would like to check my iPhone 6s's battery health. Can you please help? Thanks.,11,battery_life_issue,battery_life_issue,,human_verified
apple_1676275,@115858 this shit right here been getting me tight as fuck lately nbs fix ya shit https://t.co/ly840W5lDt,"CUSTOMER: @115858 this shit right here been getting me tight as fuck lately nbs fix ya shit https://t.co/ly840W5lDt
SUPPORT: @509928  Here’s what you can do to work around the issue until it’s fixed in a future software update: https://t.co/xXaXeeSRt9",@509928  Here’s what you can do to work around the issue until it’s fixed in a future software update: https://t.co/xXaXeeSRt9,2,1,1,SUPPORT_RESPONSE_PRESENT,this shit right here been getting me tight as fuck lately nbs fix ya shit,5,keyboard_autocorrect_issue,keyboard_autocorrect_issue,,human_verified
apple_589545,Why my phone charge so damn slow @115858,"CUSTOMER: Why my phone charge so damn slow @115858
SUPPORT: @259389 Let's get to work on this for you. How long is it taking to charge? Are you using Apple devices to charge your phone?",@259389 Let's get to work on this for you. How long is it taking to charge? Are you using Apple devices to charge your phone?,2,1,1,SUPPORT_RESPONSE_PRESENT,Why my phone charge so damn slow,11,battery_life_issue,battery_life_issue,,human_verified
apple_2127380,@AppleSupport hi. Is it true that a hairline crack is covered under warranty?,"CUSTOMER: @AppleSupport hi. Is it true that a hairline crack is covered under warranty?
SUPPORT: @626371 Great question. For information on our complimentary one-year warranty, check this out: https://t.co/K2tQdhOWB6
CUSTOMER: @AppleSupport It isn’t mentioned in there
SUPPORT: @626371 Physical damage is not covered under the Apple One-Year Limited warranty. Need help with service? DM us here: https://t.co/GDrqU22YpT",@626371 Physical damage is not covered under the Apple One-Year Limited warranty. Need help with service? DM us here: https://t.co/GDrqU22YpT,4,2,2,SUPPORT_RESPONSE_PRESENT,hi. Is it true that a hairline crack is covered under warranty?,2,other_unclear,iphone_hardware_issue,,human_verified
apple_699040,Phone be dimming down and brightening up as it pleases. Shits not gonna fly with me @115858 .,"CUSTOMER: Phone be dimming down and brightening up as it pleases. Shits not gonna fly with me @115858 .
SUPPORT: @286740 We'd like to look into this with you. Let's work together in DM. https://t.co/GDrqU22YpT",@286740 We'd like to look into this with you. Let's work together in DM. https://t.co/GDrqU22YpT,2,1,1,SUPPORT_RESPONSE_PRESENT,Phone be dimming down and brightening up as it pleases. Shits not gonna fly with me .,9,iphone_hardware_issue,iphone_hardware_issue,,human_verified
apple_2754710,"@AppleSupport my Mac is so broken it won’t even start, spoke to support on the phone said to get Genius Bar appointment but there are none for a week. Got university work I need to recover and do ASAP","CUSTOMER: @AppleSupport my Mac is so broken it won’t even start, spoke to support on the phone said to get Genius Bar appointment but there are none for a week. Got university work I need to recover and do ASAP
SUPPORT: @771041 Thank you for reaching out. We're here to help. Please DM us, and we will take a closer look into your support options. https://t.co/GDrqU22YpT","@771041 Thank you for reaching out. We're here to help. Please DM us, and we will take a closer look into your support options. https://t.co/GDrqU22YpT",2,1,1,SUPPORT_RESPONSE_PRESENT,"my Mac is so broken it won’t even start, spoke to support on the phone said to get Genius Bar appointment but there are none for a week. Got university work I need to recover and do ASAP",3,macbook_issues,macbook_issues,,human_verified
apple_2485683,@115858 never had a problem listening to my music until ios11. when y’all gonna fix it,"CUSTOMER: @115858 never had a problem listening to my music until ios11. when y’all gonna fix it
SUPPORT: @710026 What problems are you having? We'll be happy to assist as best we can.",@710026 What problems are you having? We'll be happy to assist as best we can.,2,1,1,SUPPORT_RESPONSE_PRESENT,never had a problem listening to my music until ios11. when y’all gonna fix it,4,ios_update_issues,ios_update_issues,,human_verified
apple_49200,"Unbelievable from @115858, watch screen seems to have popped, perfect laser like crack all around outer of screen. No impact. 6mths old 1/2","CUSTOMER: Unbelievable from @115858, watch screen seems to have popped, perfect laser like crack all around outer of screen. No impact. 6mths old 1/2
SUPPORT: @126994 We're here for you. Send us a DM, and we'll get started there. https://t.co/GDrqU22YpT
CUSTOMER: @AppleSupport I DM’d yesterday. unable to update the repair as there was no information. I have now been informed my watch is being returned, broken.
CUSTOMER: @AppleSupport So, no word from @applesupport and now my watch has been returned to Apple store. Still broken. 😐😐😐😐#ThursdayThoughts #iphone10 #applewatch #CustomerServiceFail
SUPPORT: @126994 We want to help. We would like to have you DM us so we can continue to help out regarding your Watch. https://t.co/GDrqU22YpT",@126994 We want to help. We would like to have you DM us so we can continue to help out regarding your Watch. https://t.co/GDrqU22YpT,5,3,2,SUPPORT_RESPONSE_PRESENT,"Unbelievable from , watch screen seems to have popped, perfect laser like crack all around outer of screen. No impact. 6mths old 1/2",3,macbook_issues,other_unclear,Apple Watch hardware problem,human_verified
apple_2689461,@AppleSupport the latest version of iTunes on windows 7 doesn’t allow adding albums artwork in my library.,"CUSTOMER: @AppleSupport the latest version of iTunes on windows 7 doesn’t allow adding albums artwork in my library.
SUPPORT: @612897 We love being able to add custom artwork, so we'd love to work with you on this. To make sure we're on the same page, are you following these steps: https://t.co/khXB3JnoYx
CUSTOMER: @AppleSupport Doesn’t work on windows
SUPPORT: @612897 Here are the steps for Windows: https://t.co/I3Cpq2g7yf - Send us a DM and tell us more about what's going wrong if it's still not working. https://t.co/GDrqU22YpT",@612897 Here are the steps for Windows: https://t.co/I3Cpq2g7yf - Send us a DM and tell us more about what's going wrong if it's still not working. https://t.co/GDrqU22YpT,4,2,2,SUPPORT_RESPONSE_PRESENT,the latest version of iTunes on windows 7 doesn’t allow adding albums artwork in my library.,6,music_audio_issue,music_audio_issue,,human_verified
apple_2207522,Why does my battery go down when I charge it AND go up 10-20% instantly when I plug the charger in @AppleSupport,"CUSTOMER: Why does my battery go down when I charge it AND go up 10-20% instantly when I plug the charger in @AppleSupport
SUPPORT: @645405 We'd love to help with your charging problem! Which version of iOS are you updated to? Are you using an Apple certified charger, or a third party charger? Send us a DM with your device type and iOS version so we can look into this further. https://t.co/GDrqU22YpT","@645405 We'd love to help with your charging problem! Which version of iOS are you updated to? Are you using an Apple certified charger, or a third party charger? Send us a DM with your device type and iOS version so we can look into this further. https://t.co/GDrqU22YpT",2,1,1,SUPPORT_RESPONSE_PRESENT,Why does my battery go down when I charge it AND go up 10-20% instantly when I plug the charger in,11,battery_life_issue,battery_life_issue,,human_verified
apple_1598565,"Why tf is @115858 not doing anything about these “I️”, boxed A and ? mark keyboard issues? It’s been two days. Hurry tf up","CUSTOMER: Why tf is @115858 not doing anything about these “I️”, boxed A and ? mark keyboard issues? It’s been two days. Hurry tf up
SUPPORT: @490983 We'd love to help. Reach us via DM to continue. https://t.co/GDrqU22YpT",@490983 We'd love to help. Reach us via DM to continue. https://t.co/GDrqU22YpT,2,1,1,SUPPORT_RESPONSE_PRESENT,"Why tf is not doing anything about these “I️”, boxed A and ? mark keyboard issues? It’s been two days. Hurry tf up",5,keyboard_autocorrect_issue,keyboard_autocorrect_issue,,human_verified
apple_1464388,@AppleSupport why does the letter 👁 not show up on a sent message?,"CUSTOMER: @AppleSupport why does the letter 👁 not show up on a sent message?
SUPPORT: @459905 What iOS version are you currently on? Let us know in Direct Message and we'll take a look. https://t.co/GDrqU22YpT",@459905 What iOS version are you currently on? Let us know in Direct Message and we'll take a look. https://t.co/GDrqU22YpT,2,1,1,SUPPORT_RESPONSE_PRESENT,why does the letter 👁 not show up on a sent message?,5,keyboard_autocorrect_issue,keyboard_autocorrect_issue,,human_verified
apple_909813,"Seriously @115858, my iPhone’s heating up again,battery life has gone from 88% to 62% in a blink of an eye! Keypad freezing etc etc 😡😤 #Fedup","CUSTOMER: Seriously @115858, my iPhone’s heating up again,battery life has gone from 88% to 62% in a blink of an eye! Keypad freezing etc etc 😡😤 #Fedup
SUPPORT: @336101 Send us a DM so we can help with your iPhone. https://t.co/GDrqU22YpT",@336101 Send us a DM so we can help with your iPhone. https://t.co/GDrqU22YpT,2,1,1,SUPPORT_RESPONSE_PRESENT,"Seriously , my iPhone’s heating up again,battery life has gone from 88% to 62% in a blink of an eye! Keypad freezing etc etc 😡😤 Fedup",11,battery_life_issue,battery_life_issue,,human_verified
apple_1441508,"@AppleSupport iCloud backup won't back up even tho I have enough storage. I turned it off to turn it on again, but now it won't turn on?","CUSTOMER: @AppleSupport iCloud backup won't back up even tho I have enough storage. I turned it off to turn it on again, but now it won't turn on?
SUPPORT: @454446 We're happy to help. What device are you trying to back up? Also, what version of iOS are you running?
CUSTOMER: @AppleSupport Trying to back up my iPhone 6s on iOS 10.2.1
SUPPORT: @454446 Let's try following this article, and let us know in DM if it doesn't help: https://t.co/4f8hwT5to6 https://t.co/GDrqU22YpT","@454446 Let's try following this article, and let us know in DM if it doesn't help: https://t.co/4f8hwT5to6 https://t.co/GDrqU22YpT",4,2,2,SUPPORT_RESPONSE_PRESENT,"iCloud backup won't back up even tho I have enough storage. I turned it off to turn it on again, but now it won't turn on?",3,macbook_issues,macbook_issues,,human_verified
apple_2408599,"@AppleSupport HOW DID YOU BREAK THE MESSAGE FROM CONTACTS FUNCTION?!!! WHEN I CLICK SEND A MESSAGE FROM THE CONTACTS SCREEN IT JUST GOES INTO MESSAGE LANDING PAGE BUT DOESNT OPEN UP TO DO A MESSAGE TO THAT CONTACT WHAT IS YOUR QA, PRODUCT &amp; TECH TEAMS ARE DOING?!!!!","CUSTOMER: @AppleSupport HOW DID YOU BREAK THE MESSAGE FROM CONTACTS FUNCTION?!!! WHEN I CLICK SEND A MESSAGE FROM THE CONTACTS SCREEN IT JUST GOES INTO MESSAGE LANDING PAGE BUT DOESNT OPEN UP TO DO A MESSAGE TO THAT CONTACT WHAT IS YOUR QA, PRODUCT &amp; TECH TEAMS ARE DOING?!!!!
SUPPORT: @144390 We'd like to help. Let us know which device you're using for Messages and the system version installed via DM. We'll go from there. https://t.co/GDrqU22YpT",@144390 We'd like to help. Let us know which device you're using for Messages and the system version installed via DM. We'll go from there. https://t.co/GDrqU22YpT,2,1,1,SUPPORT_RESPONSE_PRESENT,"HOW DID YOU BREAK THE MESSAGE FROM CONTACTS FUNCTION?! WHEN I CLICK SEND A MESSAGE FROM THE CONTACTS SCREEN IT JUST GOES INTO MESSAGE LANDING PAGE BUT DOESNT OPEN UP TO DO A MESSAGE TO THAT CONTACT WHAT IS YOUR QA, PRODUCT &amp; TECH TEAMS ARE DOING?!",5,keyboard_autocorrect_issue,keyboard_autocorrect_issue,,human_verified
apple_2699113,"@115858 HEY APPLE. FIX THE THING WHERE WHENEVER SOMEBODY TYPES THE LETTER ""i"" or ""I"" IT TURNS INTO ""A ?""","CUSTOMER: @115858 HEY APPLE. FIX THE THING WHERE WHENEVER SOMEBODY TYPES THE LETTER ""i"" or ""I"" IT TURNS INTO ""A ?""
SUPPORT: @758310 An update has been released to assist with this issue. If you haven’t yet, please back up your device and update it. For more info, check out: https://t.co/4f8hwT5to6","@758310 An update has been released to assist with this issue. If you haven’t yet, please back up your device and update it. For more info, check out: https://t.co/4f8hwT5to6",2,1,1,SUPPORT_RESPONSE_PRESENT,"HEY APPLE. FIX THE THING WHERE WHENEVER SOMEBODY TYPES THE LETTER ""i"" or ""I"" IT TURNS INTO ""A ?""",10,keyboard_autocorrect_issue,keyboard_autocorrect_issue,,human_verified
apple_2691784,@AppleSupport @116333  it is such a hassle to purchase apps/movies from the app store/itunes here in India. Majority of the people don't have credit cards or their debit cards activated for international use. Google has a way better payment method over here in India,"CUSTOMER: @AppleSupport @116333  it is such a hassle to purchase apps/movies from the app store/itunes here in India. Majority of the people don't have credit cards or their debit cards activated for international use. Google has a way better payment method over here in India
CUSTOMER: @AppleSupport @116333 It would be great if you guys introduce gift cards or other payment methods like online banking or through third party apps like Paytm. Google has all of those methods mentioned above.I feel like lots of people wanting to buy stuffs but are unable due very limited payment options
SUPPORT: @756675 Hey there. We appreciate your insights. Let your voice be heard through Feedback. Each feedback submission is carefully reviewed, then forwarded to the appropriate team for further review. Click here to share your thoughts: https://t.co/eTPVYVFyd8","@756675 Hey there. We appreciate your insights. Let your voice be heard through Feedback. Each feedback submission is carefully reviewed, then forwarded to the appropriate team for further review. Click here to share your thoughts: https://t.co/eTPVYVFyd8",3,2,1,SUPPORT_RESPONSE_PRESENT,it is such a hassle to purchase apps/movies from the app store/itunes here in India. Majority of the people don't have credit cards or their debit cards activated for international use. Google has a way better payment method over here in India,8,account_identity_issue,account_identity_issue,,human_verified
apple_2026186,@AppleSupport @115858 after a day and a half of use. Bad line of pixels #iPhoneX #greenline https://t.co/SaKEMBmKJv,"CUSTOMER: @AppleSupport @115858 after a day and a half of use. Bad line of pixels #iPhoneX #greenline https://t.co/SaKEMBmKJv
SUPPORT: @599176 We'd like to look into this with you. Could you Direct Message us and let us know what country you're located in? https://t.co/GDrqU22YpT",@599176 We'd like to look into this with you. Could you Direct Message us and let us know what country you're located in? https://t.co/GDrqU22YpT,2,1,1,SUPPORT_RESPONSE_PRESENT,after a day and a half of use. Bad line of pixels iPhoneX greenline,7,iphone_hardware_issue,iphone_hardware_issue,,human_verified
apple_1551813,@115858 was finally forced to download iOS 11.1 onto my iPod 6. Suddenly my battery life has been cut short by about 80%!?!?,"CUSTOMER: @115858 was finally forced to download iOS 11.1 onto my iPod 6. Suddenly my battery life has been cut short by about 80%!?!?
SUPPORT: @480187 We've received your DM and will continue with you there.",@480187 We've received your DM and will continue with you there.,2,1,1,SUPPORT_RESPONSE_PRESENT,was finally forced to download iOS 11.1 onto my iPod 6. Suddenly my battery life has been cut short by about 80%!?!?,11,battery_life_issue,battery_life_issue,,human_verified
apple_1013821,"For reals, @AppleSupport ? https://t.co/4Uva3BgCnK","CUSTOMER: For reals, @AppleSupport ? https://t.co/4Uva3BgCnK
SUPPORT: @359890 We'd like to help! Which Mac do you have, and what's the software version? Take a look here: https://t.co/bsJcIonDxT","@359890 We'd like to help! Which Mac do you have, and what's the software version? Take a look here: https://t.co/bsJcIonDxT",2,1,1,SUPPORT_RESPONSE_PRESENT,"For reals, ?",2,other_unclear,other_unclear,,human_verified
apple_1691728,"Can someone help me understand .. 

Cc: @AppleSupport https://t.co/LWg3jES2aT","CUSTOMER: Can someone help me understand .. 

Cc: @AppleSupport https://t.co/LWg3jES2aT
SUPPORT: @121771 Here’s what you can do to work around the issue until it’s fixed in a future software update: https://t.co/xXaXeeSRt9",@121771 Here’s what you can do to work around the issue until it’s fixed in a future software update: https://t.co/xXaXeeSRt9,2,1,1,SUPPORT_RESPONSE_PRESENT,Can someone help me understand .. Cc:,2,other_unclear,other_unclear,,human_verified
apple_2014847,@115858 what the hell is wrong with my phone,"CUSTOMER: @115858 what the hell is wrong with my phone
SUPPORT: @595784 We're here to help. We'd like to look into what's going on with your phone. Let us know in DM what you are experiencing. https://t.co/GDrqU22YpT",@595784 We're here to help. We'd like to look into what's going on with your phone. Let us know in DM what you are experiencing. https://t.co/GDrqU22YpT,2,1,1,SUPPORT_RESPONSE_PRESENT,what the hell is wrong with my phone,9,iphone_hardware_issue,iphone_hardware_issue,,human_verified
apple_712078,@115858 this damn IOS sucks. If I’m listening to a podcast and turn volume up it goes to music. And vise versa... TERRIBLE,"CUSTOMER: @115858 this damn IOS sucks. If I’m listening to a podcast and turn volume up it goes to music. And vise versa... TERRIBLE
SUPPORT: @290289 We want to help out! When you change the volume in the Music app, does the Podcast app open?
CUSTOMER: @AppleSupport No. I push play on podcast, it plays it. Then I turn radio up on headphones, car, etc and it goes to my music.
CUSTOMER: @AppleSupport Then you can’t change your song in music from your lock screen anymore. It shows the podcast instead. Like it can’t differentiate the two.
SUPPORT: @290289 Got it. Can you tell us which steps you've tried so far? This way, we won't have you do any steps over again.","@290289 Got it. Can you tell us which steps you've tried so far? This way, we won't have you do any steps over again.",5,3,2,SUPPORT_RESPONSE_PRESENT,this damn IOS sucks. If I’m listening to a podcast and turn volume up it goes to music. And vise versa... TERRIBLE,6,music_audio_issue,music_audio_issue,,human_verified
apple_441085,NO!! The #iOS update 11.0.3 is draining the battery life faster than ever!! @AppleSupport 100% to %7 in two hours!,"CUSTOMER: NO!! The #iOS update 11.0.3 is draining the battery life faster than ever!! @AppleSupport 100% to %7 in two hours!
SUPPORT: @219646 Battery life is important, and we can help. As a starting point, try these steps to help: https://t.co/bivpdfBNJ6
CUSTOMER: @AppleSupport This still hasn’t resolved my battery life .@AppleSupport I’m not even using my iPhone and battery drains!
SUPPORT: @219646 Let's take a more in-depth look at what's using the battery. Check out this article: https://t.co/8L66CCzpK6 DM us more info. https://t.co/GDrqU22YpT
CUSTOMER: @AppleSupport And why does Bluetooth keep switching on! .@AppleSupport
SUPPORT: @219646 Thanks for reaching out. We would love to help you. Can you please tell us if you are talking about a device or a computer?
CUSTOMER: @AppleSupport iPhone 6s . So nice updating to iOS 11 nothing big but silly problems!
CUSTOMER: @AppleSupport Please advise on what I can do with this battery life problem since updating to ios11! .@AppleSupport
SUPPORT: @219646 We received your DM and will reply there.",@219646 We received your DM and will reply there.,9,5,4,SUPPORT_RESPONSE_PRESENT,NO! The iOS update 11.0.3 is draining the battery life faster than ever! 100% to %7 in two hours!,11,battery_life_issue,battery_life_issue,,human_verified
apple_1763669,Oh the irony https://t.co/bcEZVjGRP9,"CUSTOMER: Oh the irony https://t.co/bcEZVjGRP9
CUSTOMER: @AppleSupport if y’all aren’t fixing this soon, I’m switching to Samsung 😤 this is the last straw
SUPPORT: @530592 We're here to help. Tell us what issue you're having. We can work on it together.
CUSTOMER: @AppleSupport Everytime my keyboard types the letter “i” it auto corrects to I️.... ever since the update. Please fix it
SUPPORT: @530592 Thanks for reaching out. If you're on iOS 11.1, try this: https://t.co/xU1AGHStV6 Questions? Feel free to send us a DM. https://t.co/GDrqU22YpT","@530592 Thanks for reaching out. If you're on iOS 11.1, try this: https://t.co/xU1AGHStV6 Questions? Feel free to send us a DM. https://t.co/GDrqU22YpT",5,3,2,SUPPORT_RESPONSE_PRESENT,Oh the irony,2,other_unclear,other_unclear,,human_verified
apple_1444459,@AppleSupport @115858 I’ve updated my phone to the latest version of IOS with your suggestion and it is not working well as before!,"CUSTOMER: @AppleSupport @115858 I’ve updated my phone to the latest version of IOS with your suggestion and it is not working well as before!
SUPPORT: @455192 We’d like to learn more. Can you tell us what’s not working well? Also which iPhone and exact version of iOS are you using?
CUSTOMER: @AppleSupport I’m using Iphone 7 with 11.0.3 version of iOS. I cannot use my speaker without restarting my phone and sometimes it’s freezing.
SUPPORT: @455192 Let's follow this article to back up, then update to 11.1 and try this again: https://t.co/80YRnjDFDk","@455192 Let's follow this article to back up, then update to 11.1 and try this again: https://t.co/80YRnjDFDk",4,2,2,SUPPORT_RESPONSE_PRESENT,I’ve updated my phone to the latest version of IOS with your suggestion and it is not working well as before!,4,ios_update_issues,ios_update_issues,,human_verified
apple_1930554,@AppleSupport what happened to App Store? Why i cannot connect to it?,"CUSTOMER: @AppleSupport what happened to App Store? Why i cannot connect to it?
SUPPORT: @245519 We'd be happy to look into this with you.  Let us know in DM the device you're using and we'll continue from there. https://t.co/GDrqU22YpT
CUSTOMER: @AppleSupport Hi! I’m getting the “Cannot connect to App Store” error, too. I’ve checked the date settings, WiFi is OK... IPhone 7Plus. Also, why don’t we have “¡” and “¿” in our Spanish keyboard? You need to improve the select option, as well because it doesn’t work smoothly https://t.co/k12Vruoon3
SUPPORT: @574477 We want to look a little deeper into this with you. Here's a link to DM us. https://t.co/GDrqU22YpT",@574477 We want to look a little deeper into this with you. Here's a link to DM us. https://t.co/GDrqU22YpT,4,2,2,SUPPORT_RESPONSE_PRESENT,what happened to App Store? Why i cannot connect to it?,8,account_identity_issue,account_identity_issue,,human_verified
apple_403557,Whoa @115858 I see I'm definitely not alone with recurring #MBP2011 GPU issues,"CUSTOMER: Whoa @115858 I see I'm definitely not alone with recurring #MBP2011 GPU issues
SUPPORT: @211515 We'd be happy to look into this with you.  Please reach out to us via DM and we'll get started. https://t.co/GDrqU22YpT",@211515 We'd be happy to look into this with you.  Please reach out to us via DM and we'll get started. https://t.co/GDrqU22YpT,2,1,1,SUPPORT_RESPONSE_PRESENT,Whoa I see I'm definitely not alone with recurring MBP2011 GPU issues,3,macbook_issues,macbook_issues,,human_verified
apple_2255262,@AppleSupport   Now the A-box and question mark is the first suggested word. What the hell? https://t.co/VK9HwysvrQ,"CUSTOMER: @AppleSupport   Now the A-box and question mark is the first suggested word. What the hell? https://t.co/VK9HwysvrQ
SUPPORT: @656885 This should go away naturally as you type more on the device.  If it persists, let us know and we'll take a look.","@656885 This should go away naturally as you type more on the device.  If it persists, let us know and we'll take a look.",2,1,1,SUPPORT_RESPONSE_PRESENT,Now the A-box and question mark is the first suggested word. What the hell?,5,keyboard_autocorrect_issue,keyboard_autocorrect_issue,,human_verified
apple_2062311,@115858 @AppleSupport u guys have to fix the battery drainage issue with a new update! It just drains too fast! Or tell us how to roll back to ios 10 without jailbreak!,"CUSTOMER: @115858 @AppleSupport u guys have to fix the battery drainage issue with a new update! It just drains too fast! Or tell us how to roll back to ios 10 without jailbreak!
SUPPORT: @609919 Having a reliable device is important. Let's work together to find a solution. DM us with details about the issues you've noticed https://t.co/GDrqU22YpT",@609919 Having a reliable device is important. Let's work together to find a solution. DM us with details about the issues you've noticed https://t.co/GDrqU22YpT,2,1,1,SUPPORT_RESPONSE_PRESENT,u guys have to fix the battery drainage issue with a new update! It just drains too fast! Or tell us how to roll back to ios 10 without jailbreak!,11,battery_life_issue,battery_life_issue,,human_verified
apple_109046,@AppleSupport why have you taken my Apple subscription twice within two days?,"CUSTOMER: @AppleSupport why have you taken my Apple subscription twice within two days?
SUPPORT: @140203 We can help out. We'd want to get you in touch with our iTunes Store support here:   https://t.co/SDIe7UiyJN",@140203 We can help out. We'd want to get you in touch with our iTunes Store support here:   https://t.co/SDIe7UiyJN,2,1,1,SUPPORT_RESPONSE_PRESENT,why have you taken my Apple subscription twice within two days?,8,account_identity_issue,account_identity_issue,,human_verified
apple_1328656,@118845 Would you be kind enough to shoot me a DM please. I have a question.,"CUSTOMER: @118845 Would you be kind enough to shoot me a DM please. I have a question.
SUPPORT: @429982 Let’s get you pointed in the right direction. Our @159983 team will take it from here. https://t.co/GDrqU22YpT",@429982 Let’s get you pointed in the right direction. Our @159983 team will take it from here. https://t.co/GDrqU22YpT,2,1,1,SUPPORT_RESPONSE_PRESENT,Would you be kind enough to shoot me a DM please. I have a question.,2,other_unclear,other_unclear,,human_verified
apple_1911088,My Apple Music is overriding Spotify on my Bluetooth headphones AND my watch I AM NOT AMUSED @115858,"CUSTOMER: My Apple Music is overriding Spotify on my Bluetooth headphones AND my watch I AM NOT AMUSED @115858
SUPPORT: @569304 We'd like to help. DM us details on which iOS version you have installed and we'll take a closer look. https://t.co/GDrqU22YpT",@569304 We'd like to help. DM us details on which iOS version you have installed and we'll take a closer look. https://t.co/GDrqU22YpT,2,1,1,SUPPORT_RESPONSE_PRESENT,My Apple Music is overriding Spotify on my Bluetooth headphones AND my watch I AM NOT AMUSED,6,music_audio_issue,music_audio_issue,,human_verified
apple_1899984,"After a week of being phoneless, apple really tryna do me dirty by making me create a new iCloud?! 
-upset loyal costumer 
@115858","CUSTOMER: After a week of being phoneless, apple really tryna do me dirty by making me create a new iCloud?! 
-upset loyal costumer 
@115858
SUPPORT: @550689 We'd like to look into this with you. Please DM us about what's happening and let's go from there. https://t.co/GDrqU22YpT",@550689 We'd like to look into this with you. Please DM us about what's happening and let's go from there. https://t.co/GDrqU22YpT,2,1,1,SUPPORT_RESPONSE_PRESENT,"After a week of being phoneless, apple really tryna do me dirty by making me create a new iCloud?! -upset loyal costumer",8,account_identity_issue,account_identity_issue,,human_verified
apple_1857959,@AppleSupport why is the battery life so much worse with the new update? My phone is literally lasting 5 hours max 😩,"CUSTOMER: @AppleSupport why is the battery life so much worse with the new update? My phone is literally lasting 5 hours max 😩
SUPPORT: @555573 That should not be happening. We want to help. Send us a DM letting us know which iPhone and iOS version you have. https://t.co/GDrqU22YpT",@555573 That should not be happening. We want to help. Send us a DM letting us know which iPhone and iOS version you have. https://t.co/GDrqU22YpT,2,1,1,SUPPORT_RESPONSE_PRESENT,why is the battery life so much worse with the new update? My phone is literally lasting 5 hours max 😩,11,battery_life_issue,battery_life_issue,,human_verified
apple_2146530,"@AppleSupport why do I️ get this A and a ? when trying to type the letter I? Also, my screen keeps going blank in the middle of a text?","CUSTOMER: @AppleSupport why do I️ get this A and a ? when trying to type the letter I? Also, my screen keeps going blank in the middle of a text?
SUPPORT: @630996 Here’s what you can do to work around the issue until it’s fixed in a future software update: https://t.co/xXaXeeSRt9",@630996 Here’s what you can do to work around the issue until it’s fixed in a future software update: https://t.co/xXaXeeSRt9,2,1,1,SUPPORT_RESPONSE_PRESENT,"why do I️ get this A and a ? when trying to type the letter I? Also, my screen keeps going blank in the middle of a text?",10,keyboard_autocorrect_issue,keyboard_autocorrect_issue,,human_verified
apple_2371199,"@AppleSupport https://t.co/vsOV8U9cAt is down - asking for 2 step verification then giving me “Connection Error: iCloud encountered an error while trying to connect to the server."" My phone has been stolen so I need to use Find my iPhone to lock it ASAP.","CUSTOMER: @AppleSupport https://t.co/vsOV8U9cAt is down - asking for 2 step verification then giving me “Connection Error: iCloud encountered an error while trying to connect to the server."" My phone has been stolen so I need to use Find my iPhone to lock it ASAP.
SUPPORT: @684201 Thank you for reaching out to us. We know how important it is to be able to access your account, especially in a time like this, and we'd be happy to help. Can you tell us how you're trying to access https://t.co/tmRhWEkIq4? Which browser are you using?
CUSTOMER: @AppleSupport @684201 Not OP but I’m seeing this issue as well on Safari and Chrome, this needs to be fixed… https://t.co/v24bjQ978D
CUSTOMER: @applesupport Safari Chrome &amp; Firefox. It’s on your end.
CUSTOMER: @AppleSupport @684201 Getting the same issue. I'm waiting on the phone for customer support.
SUPPORT: @684201 Thank you for the screenshot. We don't see any issues on our end. Which device are you using to try to connect to iCloud? Send us a DM with the details. https://t.co/GDrqU22YpT
CUSTOMER: @AppleSupport @684201 I’ve completed the IOS11 update &amp; now it’s saying accept new iCloud terms &amp; conditions before using iCloud on my iPhone but then freezes when you try to accept?!??
SUPPORT: @684202 We'd love to help. Have you tried signing back into iCloud and attempting to accept the terms again to see if it allows you to a second time?
CUSTOMER: @applesupport Able to get in now. Definitely wasn’t alone though. Thanks. https://t.co/Lqe2GODb13
SUPPORT: @684201 We're glad to see that you were able to get access. Please feel free to reach out to us again if you need any more help. We’re available every day to answer your questions from 5am-8pm Pacific. Have a great night!",@684201 We're glad to see that you were able to get access. Please feel free to reach out to us again if you need any more help. We’re available every day to answer your questions from 5am-8pm Pacific. Have a great night!,10,6,4,SUPPORT_RESPONSE_PRESENT,"is down - asking for 2 step verification then giving me “Connection Error: iCloud encountered an error while trying to connect to the server."" My phone has been stolen so I need to use Find my iPhone to lock it ASAP.",8,account_identity_issue,account_identity_issue,,human_verified
apple_4901,Please fix the battery issues in Ios 11! @AppleSupport @115858,"CUSTOMER: Please fix the battery issues in Ios 11! @AppleSupport @115858
SUPPORT: @116860 We want to make sure you have a working battery. Have you had a chance to update to the latest 11.1?
CUSTOMER: @AppleSupport @116860 I have and my battery life has become even worse
SUPPORT: @116861 Let's look into this further in DM. https://t.co/GDrqU22YpT",@116861 Let's look into this further in DM. https://t.co/GDrqU22YpT,4,2,2,SUPPORT_RESPONSE_PRESENT,Please fix the battery issues in Ios 11!,11,battery_life_issue,battery_life_issue,,human_verified
apple_1484150,Why did this update just delete my whole library 😐 @115858,"CUSTOMER: Why did this update just delete my whole library 😐 @115858
SUPPORT: @464649 We're here to help. DM us, and let us know what you're missing exactly. We'll see what we can do. https://t.co/GDrqU22YpT","@464649 We're here to help. DM us, and let us know what you're missing exactly. We'll see what we can do. https://t.co/GDrqU22YpT",2,1,1,SUPPORT_RESPONSE_PRESENT,Why did this update just delete my whole library 😐,3,macbook_issues,macbook_issues,,human_verified
apple_1128227,"@AppleSupport when I start a mail and contacts sync, is just impossible to use my Mac. Can you help on this? Thanks!","CUSTOMER: @AppleSupport when I start a mail and contacts sync, is just impossible to use my Mac. Can you help on this? Thanks!
SUPPORT: @385970 We’d be happy to offer our support. Send us a DM and we’ll look into it together. https://t.co/GDrqU22YpT",@385970 We’d be happy to offer our support. Send us a DM and we’ll look into it together. https://t.co/GDrqU22YpT,2,1,1,SUPPORT_RESPONSE_PRESENT,"when I start a mail and contacts sync, is just impossible to use my Mac. Can you help on this? Thanks!",3,macbook_issues,macbook_issues,,human_verified
apple_2003025,Please send us an update to fix this keyboard problem!!! 😩😩😩 @AppleSupport,"CUSTOMER: Please send us an update to fix this keyboard problem!!! 😩😩😩 @AppleSupport
SUPPORT: @592297 Let us know via DM which iPhone you currently have and exactly what you see occurring, then we can help from there. https://t.co/GDrqU22YpT","@592297 Let us know via DM which iPhone you currently have and exactly what you see occurring, then we can help from there. https://t.co/GDrqU22YpT",2,1,1,SUPPORT_RESPONSE_PRESENT,Please send us an update to fix this keyboard problem! 😩😩😩,5,keyboard_autocorrect_issue,keyboard_autocorrect_issue,,human_verified
apple_1281475,#AppleWatch @115858 why can’t I access typed notes from the note app? #Series3,"CUSTOMER: #AppleWatch @115858 why can’t I access typed notes from the note app? #Series3
SUPPORT: @419823 Let's look into this together. Send us a DM with more information, and we'll continue from there. https://t.co/GDrqU22YpT","@419823 Let's look into this together. Send us a DM with more information, and we'll continue from there. https://t.co/GDrqU22YpT",2,1,1,SUPPORT_RESPONSE_PRESENT,AppleWatch why can’t I access typed notes from the note app? Series3,3,macbook_issues,macbook_issues,,human_verified
apple_1770790,@AppleSupport trying to log into my Itunes account. Stupidly set up 2 step - not getting SMS to registered number.,"CUSTOMER: @AppleSupport trying to log into my Itunes account. Stupidly set up 2 step - not getting SMS to registered number.
SUPPORT: @532329 We'd be happy to help. Let's follow the steps outlined in our support article here: https://t.co/y8ghmuXVpf
CUSTOMER: @AppleSupport That's not the issue. It's saying it's sending an SMS (4 times - website and Itunes), but hasn't. Your system is b0rked.
SUPPORT: @532329 We’d like to look into this further with you. To start, please send us a DM. https://t.co/GDrqU22YpT","@532329 We’d like to look into this further with you. To start, please send us a DM. https://t.co/GDrqU22YpT",4,2,2,SUPPORT_RESPONSE_PRESENT,trying to log into my Itunes account. Stupidly set up 2 step - not getting SMS to registered number.,8,account_identity_issue,account_identity_issue,,human_verified
apple_188655,@AppleSupport there’s not improvement I’ve updated the OS to 11.0.1 but nothing 😐 https://t.co/vsVsEWotKE,"CUSTOMER: @AppleSupport there’s not improvement I’ve updated the OS to 11.0.1 but nothing 😐 https://t.co/vsVsEWotKE
CUSTOMER: @160278 @AppleSupport No better on iOS 11.0.2 either. Battery still terrible. And what’s with the spinning network activity?
SUPPORT: @160277 We'll be glad to work with you and get this figured out. To start, please send us a DM including which device you have. https://t.co/GDrqU22YpT
CUSTOMER: @AppleSupport I really appreciate your responsiveness, but already did your diagnostic process. Seems like iOS 11 is just a battery thief.
SUPPORT: @160277 We can look into this further with you. Please send us a DM. https://t.co/GDrqU22YpT",@160277 We can look into this further with you. Please send us a DM. https://t.co/GDrqU22YpT,5,3,2,SUPPORT_RESPONSE_PRESENT,there’s not improvement I’ve updated the OS to 11.0.1 but nothing 😐,4,ios_update_issues,ios_update_issues,,human_verified
apple_1738794,@115858 cmon . Fix this i crap.,"CUSTOMER: @115858 cmon . Fix this i crap.
SUPPORT: @524805 Here’s what you can do to work around the issue until it’s fixed in a future software update: https://t.co/qODbOsp4wz",@524805 Here’s what you can do to work around the issue until it’s fixed in a future software update: https://t.co/qODbOsp4wz,2,1,1,SUPPORT_RESPONSE_PRESENT,cmon . Fix this i crap.,5,keyboard_autocorrect_issue,keyboard_autocorrect_issue,,human_verified
apple_2220835,Yo @AppleSupport my notifications don’t show up for some reason. I’ve checked and they’re enabled and we’re working fine earlier.,"CUSTOMER: Yo @AppleSupport my notifications don’t show up for some reason. I’ve checked and they’re enabled and we’re working fine earlier.
SUPPORT: @149594 We don't want you missing any important notifications, so we're definitely glad to look into this with you. Is this occurring for all apps? What's the version number of iOS installed? This can be found under Settings &gt; General &gt; About.
CUSTOMER: @AppleSupport iOS 11.2 public beta on iPhone X. I had same software on my iPhone 7 and it worked fine. Sometimes the notifications disappear or don’t show up at all. A text disappeared and Snapchat works sometimes and sometimes it doesn’t.","@149594 We don't want you missing any important notifications, so we're definitely glad to look into this with you. Is this occurring for all apps? What's the version number of iOS installed? This can be found under Settings &gt; General &gt; About.",3,2,1,SUPPORT_RESPONSE_PRESENT,Yo my notifications don’t show up for some reason. I’ve checked and they’re enabled and we’re working fine earlier.,3,macbook_issues,macbook_issues,,human_verified
apple_2834443,@AppleSupport pls help! I purchased this album but I can't listen to it 😭 https://t.co/QUHeqAq4iT,"CUSTOMER: @AppleSupport pls help! I purchased this album but I can't listen to it 😭 https://t.co/QUHeqAq4iT
SUPPORT: @789026 We want to make sure you're able to listen to your purchases. What happens when you attempt to play the album? Do you receive any error messages?
CUSTOMER: @AppleSupport Yes, this shows up. https://t.co/tCHBI5lnXY
SUPPORT: @789026 Thank you for providing the screenshot of the error you're receiving.  Please come on over to DM and we'll take a closer look into this issue. https://t.co/GDrqU22YpT",@789026 Thank you for providing the screenshot of the error you're receiving.  Please come on over to DM and we'll take a closer look into this issue. https://t.co/GDrqU22YpT,4,2,2,SUPPORT_RESPONSE_PRESENT,pls help! I purchased this album but I can't listen to it 😭,6,music_audio_issue,music_audio_issue,,human_verified
apple_565008,"@AppleSupport to recycle an Apple device, do I just bring it to an Apple Store? Are there any process that I have to go through?","CUSTOMER: @AppleSupport to recycle an Apple device, do I just bring it to an Apple Store? Are there any process that I have to go through?
SUPPORT: @156798 Thanks for reaching out to us. We can definitely offer some guidance to help with recycling your device. Follow this link to learn about our recycling programs: https://t.co/ev5QiiHXHb",@156798 Thanks for reaching out to us. We can definitely offer some guidance to help with recycling your device. Follow this link to learn about our recycling programs: https://t.co/ev5QiiHXHb,2,1,1,SUPPORT_RESPONSE_PRESENT,"to recycle an Apple device, do I just bring it to an Apple Store? Are there any process that I have to go through?",8,account_identity_issue,account_identity_issue,,human_verified
apple_1643956,I️ this is annoying @AppleSupport @115858,"CUSTOMER: I️ this is annoying @AppleSupport @115858
SUPPORT: @502417 Here’s what you can do to work around the issue until it’s fixed in a future software update: https://t.co/xXaXeeSRt9
CUSTOMER: @AppleSupport Thank you",@502417 Here’s what you can do to work around the issue until it’s fixed in a future software update: https://t.co/xXaXeeSRt9,3,2,1,SUPPORT_RESPONSE_PRESENT,I️ this is annoying,2,other_unclear,other_unclear,,human_verified
apple_2977486,@AppleSupport Neithet set of my Powerbeats2 Wireless headphones will stay connected to my iPhone X.  My Apple Watch is also not displaying contact names when I receive texts/calls,"CUSTOMER: @AppleSupport Neithet set of my Powerbeats2 Wireless headphones will stay connected to my iPhone X.  My Apple Watch is also not displaying contact names when I receive texts/calls
SUPPORT: @821168 Let's get this turned around. Do your Beats connect to other devices without issue? How about other Bluetooth devices connecting to your iPhone X? Does that work without issue? Let us know these answers and anything else relevant in DM, and we'll get to work. https://t.co/GDrqU22YpT","@821168 Let's get this turned around. Do your Beats connect to other devices without issue? How about other Bluetooth devices connecting to your iPhone X? Does that work without issue? Let us know these answers and anything else relevant in DM, and we'll get to work. https://t.co/GDrqU22YpT",2,1,1,SUPPORT_RESPONSE_PRESENT,Neithet set of my Powerbeats2 Wireless headphones will stay connected to my iPhone X. My Apple Watch is also not displaying contact names when I receive texts/calls,6,music_audio_issue,music_audio_issue,,human_verified
apple_1403881,I hate how everytime you update your iPhone it slowly starts fucking up Thanks @115858,"CUSTOMER: I hate how everytime you update your iPhone it slowly starts fucking up Thanks @115858
SUPPORT: @446387 We'd be happy to help. What seems to be the issue you're experiencing?",@446387 We'd be happy to help. What seems to be the issue you're experiencing?,2,1,1,SUPPORT_RESPONSE_PRESENT,I hate how everytime you update your iPhone it slowly starts fucking up Thanks,1,ios_update_issues,ios_update_issues,,human_verified
apple_1592822,@AppleSupport can you explain this? When I type capital letter i this happens https://t.co/ACWswwAcub,"CUSTOMER: @AppleSupport can you explain this? When I type capital letter i this happens https://t.co/ACWswwAcub
SUPPORT: @316278 Hey there! While you await a future software update to address this, check out this workaround: https://t.co/pjfPUtm7HO","@316278 Hey there! While you await a future software update to address this, check out this workaround: https://t.co/pjfPUtm7HO",2,1,1,SUPPORT_RESPONSE_PRESENT,can you explain this? When I type capital letter i this happens,10,keyboard_autocorrect_issue,keyboard_autocorrect_issue,,human_verified
apple_1940934,"@AppleSupport New iOS 11.0.3 on 6s: touchscreen is unresponsive, phone freezes completely and can’t turn it off.. #HELP","CUSTOMER: @AppleSupport New iOS 11.0.3 on 6s: touchscreen is unresponsive, phone freezes completely and can’t turn it off.. #HELP
SUPPORT: @577222 Thanks for reaching out to us. We'd like to help you and look into this further. Please DM us to continue working on this. https://t.co/GDrqU22YpT",@577222 Thanks for reaching out to us. We'd like to help you and look into this further. Please DM us to continue working on this. https://t.co/GDrqU22YpT,2,1,1,SUPPORT_RESPONSE_PRESENT,"New iOS 11.0.3 on 6s: touchscreen is unresponsive, phone freezes completely and can’t turn it off.. HELP",4,ios_update_issues,ios_update_issues,,human_verified
apple_594617,"@115858 @AppleSupport can you please seriously sort out older iPhone compatibilities with the latest iOS? Battery life is shockingly awful, having to charge 3-4 times daily &amp; battery dies at 40%, then straight back up to 40% as soon as plugged in! #Ridiculous 🤬🤬","CUSTOMER: @115858 @AppleSupport can you please seriously sort out older iPhone compatibilities with the latest iOS? Battery life is shockingly awful, having to charge 3-4 times daily &amp; battery dies at 40%, then straight back up to 40% as soon as plugged in! #Ridiculous 🤬🤬
SUPPORT: @260874 We'd love to look into your battery life! Please send us a DM with which iOS version you're updated to, and which iPhone model you're using to begin. https://t.co/GDrqU22YpT","@260874 We'd love to look into your battery life! Please send us a DM with which iOS version you're updated to, and which iPhone model you're using to begin. https://t.co/GDrqU22YpT",2,1,1,SUPPORT_RESPONSE_PRESENT,"can you please seriously sort out older iPhone compatibilities with the latest iOS? Battery life is shockingly awful, having to charge 3-4 times daily &amp; battery dies at 40%, then straight back up to 40% as soon as plugged in! Ridiculous 🤬🤬",11,battery_life_issue,battery_life_issue,,human_verified
apple_1928044,@AppleSupport the definition of stupid is when i download the newest install of itunes and the prompt i get when i go to sync is “requires newest version” WTF #POS too much crap guys #makinglifedifficult https://t.co/4bszSgcEYX,"CUSTOMER: @AppleSupport the definition of stupid is when i download the newest install of itunes and the prompt i get when i go to sync is “requires newest version” WTF #POS too much crap guys #makinglifedifficult https://t.co/4bszSgcEYX
SUPPORT: @190486 We'd like to help. You may get this error for several reasons. We can look into it with you. Can you please message us in DM? https://t.co/GDrqU22YpT",@190486 We'd like to help. You may get this error for several reasons. We can look into it with you. Can you please message us in DM? https://t.co/GDrqU22YpT,2,1,1,SUPPORT_RESPONSE_PRESENT,the definition of stupid is when i download the newest install of itunes and the prompt i get when i go to sync is “requires newest version” WTF POS too much crap guys makinglifedifficult,6,music_audio_issue,music_audio_issue,,human_verified
apple_753242,@AppleSupport 11.2.uodate is still draining the battery . Please sort it out,"CUSTOMER: @AppleSupport 11.2.uodate is still draining the battery . Please sort it out
SUPPORT: @300031 Let us help you with this battery issue. Join us in DM so we may better assist you: https://t.co/GDrqU22YpT",@300031 Let us help you with this battery issue. Join us in DM so we may better assist you: https://t.co/GDrqU22YpT,2,1,1,SUPPORT_RESPONSE_PRESENT,11.2.uodate is still draining the battery . Please sort it out,11,battery_life_issue,battery_life_issue,,human_verified
apple_1777253,"@115858  since I updated ios11 in my iPhone 6s the battery is horrible, I changed from @1647 for battery, run so good before io11 bad bad","CUSTOMER: @115858  since I updated ios11 in my iPhone 6s the battery is horrible, I changed from @1647 for battery, run so good before io11 bad bad
SUPPORT: @534036 Battery life is extremely important. Let's help. Check out the suggestions here, and keep us posted: https://t.co/bivpdfBNJ6
CUSTOMER: @AppleSupport That doesnt help,previous to update ios11 I didnt have this problem @115858 with every update of software,iPhones 6 run so so bad, dont buy!
SUPPORT: @534036 We want to help. So that we may continue, please use the link below to start a DM conversation with us. https://t.co/GDrqU22YpT","@534036 We want to help. So that we may continue, please use the link below to start a DM conversation with us. https://t.co/GDrqU22YpT",4,2,2,SUPPORT_RESPONSE_PRESENT,"since I updated ios11 in my iPhone 6s the battery is horrible, I changed from for battery, run so good before io11 bad bad",11,battery_life_issue,battery_life_issue,,human_verified
apple_1763639,@AppleSupport please fix the I️ problem I’m getting so annoyed.,"CUSTOMER: @AppleSupport please fix the I️ problem I’m getting so annoyed.
SUPPORT: @530585 Here’s what you can do to work around the issue until it’s fixed in a future software update: https://t.co/xXaXeeSRt9",@530585 Here’s what you can do to work around the issue until it’s fixed in a future software update: https://t.co/xXaXeeSRt9,2,1,1,SUPPORT_RESPONSE_PRESENT,please fix the I️ problem I’m getting so annoyed.,10,keyboard_autocorrect_issue,keyboard_autocorrect_issue,,human_verified
apple_1151001,Anyone else with iOS 11.0.3 can’t see their music play on the lock screen? @AppleSupport #iphone https://t.co/Wd9bo2SrSr,"CUSTOMER: Anyone else with iOS 11.0.3 can’t see their music play on the lock screen? @AppleSupport #iphone https://t.co/Wd9bo2SrSr
SUPPORT: @390858 We're happy to help. Does this happen with every song? Does it make a difference if you're using Wi-Fi or cellular data?
CUSTOMER: @AppleSupport Every song
SUPPORT: @390858 OK! In DM, please let us know if you notice a difference when connected to Wi-Fi versus using cellular data. https://t.co/GDrqU22YpT","@390858 OK! In DM, please let us know if you notice a difference when connected to Wi-Fi versus using cellular data. https://t.co/GDrqU22YpT",4,2,2,SUPPORT_RESPONSE_PRESENT,Anyone else with iOS 11.0.3 can’t see their music play on the lock screen? iphone,6,music_audio_issue,music_audio_issue,,human_verified
apple_2111323,@AppleSupport I'm running into a storage issue with my macbook and I want to remove all my music and photos that are synced from cloud without deleting them from the cloud. How can I do that?,"CUSTOMER: @AppleSupport I'm running into a storage issue with my macbook and I want to remove all my music and photos that are synced from cloud without deleting them from the cloud. How can I do that?
SUPPORT: @311212 We'd like to help! check out this article: https://t.co/YdxMLCGw05",@311212 We'd like to help! check out this article: https://t.co/YdxMLCGw05,2,1,1,SUPPORT_RESPONSE_PRESENT,I'm running into a storage issue with my macbook and I want to remove all my music and photos that are synced from cloud without deleting them from the cloud. How can I do that?,6,music_audio_issue,music_audio_issue,,human_verified
apple_1557792,I remember when my iPhone wasn’t laggy as all hell &amp; wouldn’t lose 50% of battery in an hour every morning. Sigh. iOS update @115858??,"CUSTOMER: I remember when my iPhone wasn’t laggy as all hell &amp; wouldn’t lose 50% of battery in an hour every morning. Sigh. iOS update @115858??
SUPPORT: @481513 We'd like to take a closer look at the issues you're having on your iPhone. DM us which iOS version you have installed. https://t.co/GDrqU22YpT
CUSTOMER: @AppleSupport I’ve already been through all this, after a lengthy phone call I was advised to wait for the next update...",@481513 We'd like to take a closer look at the issues you're having on your iPhone. DM us which iOS version you have installed. https://t.co/GDrqU22YpT,3,2,1,SUPPORT_RESPONSE_PRESENT,I remember when my iPhone wasn’t laggy as all hell &amp; wouldn’t lose 50% of battery in an hour every morning. Sigh. iOS update ?,11,battery_life_issue,battery_life_issue,,human_verified
apple_2626451,Apple store iPad app glitches on Oct 27. X order confirm rec’d at 3:16am. Shipping date 2-3wk. Called @115858 to discuss. #theycannothelpme,"CUSTOMER: Apple store iPad app glitches on Oct 27. X order confirm rec’d at 3:16am. Shipping date 2-3wk. Called @115858 to discuss. #theycannothelpme
SUPPORT: @741847 We want to help. DM us and let us know more about your phone call. https://t.co/GDrqU22YpT",@741847 We want to help. DM us and let us know more about your phone call. https://t.co/GDrqU22YpT,2,1,1,SUPPORT_RESPONSE_PRESENT,Apple store iPad app glitches on Oct 27. X order confirm rec’d at 3:16am. Shipping date 2-3wk. Called to discuss. theycannothelpme,8,account_identity_issue,account_identity_issue,,human_verified
apple_1735097,notifications still on crack @115858,"CUSTOMER: notifications still on crack @115858
SUPPORT: @523951 We'd love to assist you with notifications. Tell us what's happening. We'll take it from there.",@523951 We'd love to assist you with notifications. Tell us what's happening. We'll take it from there.,2,1,1,SUPPORT_RESPONSE_PRESENT,notifications still on crack,2,other_unclear,other_unclear,,human_verified
apple_406643,"@AppleSupport After the recent update, I can no longer get to my main screen through my running armband. :( Can you fix that please?","CUSTOMER: @AppleSupport After the recent update, I can no longer get to my main screen through my running armband. :( Can you fix that please?
SUPPORT: @211920 Thank you for reaching out. May we ask which device you're referring to?
CUSTOMER: @AppleSupport iPhone SE
SUPPORT: @211920 Understood. What type of running band do you have? Let us know in DM. https://t.co/GDrqU22YpT",@211920 Understood. What type of running band do you have? Let us know in DM. https://t.co/GDrqU22YpT,4,2,2,SUPPORT_RESPONSE_PRESENT,"After the recent update, I can no longer get to my main screen through my running armband. :( Can you fix that please?",3,macbook_issues,macbook_issues,,human_verified
apple_1352239,@AppleSupport worse experience ever with your mail in repair sent phone twice with no fix and 6 engineers looking at it,"CUSTOMER: @AppleSupport worse experience ever with your mail in repair sent phone twice with no fix and 6 engineers looking at it
SUPPORT: @435342 We want to take a deeper look into this with you. Please meet us in DM. https://t.co/GDrqU22YpT",@435342 We want to take a deeper look into this with you. Please meet us in DM. https://t.co/GDrqU22YpT,2,1,1,SUPPORT_RESPONSE_PRESENT,worse experience ever with your mail in repair sent phone twice with no fix and 6 engineers looking at it,9,iphone_hardware_issue,iphone_hardware_issue,,human_verified
apple_1979885,Downloaded iOS 11. Left my phone unattended for 3 hours. Came back and the battery drained 40%!!!!!!  @AppleSupport please help. Ridiculous,"CUSTOMER: Downloaded iOS 11. Left my phone unattended for 3 hours. Came back and the battery drained 40%!!!!!!  @AppleSupport please help. Ridiculous
SUPPORT: @586115 We'd like to gather some more information for better troubleshooting. Can you DM us the country you are located in? https://t.co/GDrqU22YpT",@586115 We'd like to gather some more information for better troubleshooting. Can you DM us the country you are located in? https://t.co/GDrqU22YpT,2,1,1,SUPPORT_RESPONSE_PRESENT,Downloaded iOS 11. Left my phone unattended for 3 hours. Came back and the battery drained 40%! please help. Ridiculous,11,battery_life_issue,battery_life_issue,,human_verified
apple_898709,@115858 my new iPod isn't working what do I do ?,"CUSTOMER: @115858 my new iPod isn't working what do I do ?
SUPPORT: @333403 We want to help with any issues you're having. To provide the best support, may we have a description of the issue?
CUSTOMER: @AppleSupport I had this thing since 2011
SUPPORT: @333403 Got it. We'll need some more details to provide the most appropriate solution for this. Please let us know in a DM. https://t.co/GDrqU22YpT
CUSTOMER: @AppleSupport Thanks",@333403 Got it. We'll need some more details to provide the most appropriate solution for this. Please let us know in a DM. https://t.co/GDrqU22YpT,5,3,2,SUPPORT_RESPONSE_PRESENT,my new iPod isn't working what do I do ?,6,music_audio_issue,music_audio_issue,,human_verified
apple_1819168,I am charging phone 3 times in a day. Slow &amp; sluggish are other major issues. @AppleSupport when are you fixing these? #iOS11 #iPhone6,"CUSTOMER: I am charging phone 3 times in a day. Slow &amp; sluggish are other major issues. @AppleSupport when are you fixing these? #iOS11 #iPhone6
SUPPORT: @399487 We're here for you. Charging the iPhone with an original power cable? Any updates to apps in the App Store? Tell us more in a DM. https://t.co/GDrqU22YpT
CUSTOMER: @AppleSupport As if you guys don’t know how badly your update has fucked up iPhone 6? Can’t even downgrade. Hating it every second 😡
SUPPORT: @399487 We want you to have a good experience with the update &amp; want to help. Please send us a DM so we can assist you. https://t.co/GDrqU22YpT
CUSTOMER: @AppleSupport @399487 I think all Apple phones have battery issues. Live with it.
CUSTOMER: @546370 @AppleSupport No it was far better on the previous OS. Atleast it was lasting till 7-8 pm  with the similar usage. Now the phone dies by 3-4 pm max.
CUSTOMER: @399487 @AppleSupport OK, I am used to charging phone 3-4 times a day. Usually it's got a shelf life of 3-4 hours.
CUSTOMER: @546370 @AppleSupport What a sad state is this. On the othwr hand mac survives for 7-8 hours.",@399487 We want you to have a good experience with the update &amp; want to help. Please send us a DM so we can assist you. https://t.co/GDrqU22YpT,8,6,2,SUPPORT_RESPONSE_PRESENT,I am charging phone 3 times in a day. Slow &amp; sluggish are other major issues. when are you fixing these? iOS11 iPhone6,11,battery_life_issue,battery_life_issue,,human_verified
apple_2560448,"@AppleSupport my iPhone 7 (only 4 weeks old) has been unresponsive all morning and stuck on the white apple startup screen. I made a Genius Bar appointment for tomorrow afternoon, but if I walk in today, would someone be able to help me? I can't use my phone at all like this.","CUSTOMER: @AppleSupport my iPhone 7 (only 4 weeks old) has been unresponsive all morning and stuck on the white apple startup screen. I made a Genius Bar appointment for tomorrow afternoon, but if I walk in today, would someone be able to help me? I can't use my phone at all like this.
SUPPORT: @593907 We're here to help. This is certainly not the experience we want for our customers. 

Let's start by taking a look at the steps in this article: https://t.co/8MvHMFZ83h

The relevant section is ""If your device turns on but gets stuck during start up""

Keep us posted.
CUSTOMER: @AppleSupport I've tried that. When I hold the up volume button and power button down for over a minute, nothing happens. Do Apple Stores accept walk ins? Waiting 30 hours for my appointment without a functioning phone is a real problem.
SUPPORT: @593907 The stores do have walk in queues, however, we are unable to estimate or determine the wait times. They change throughout the day depending on the store.
CUSTOMER: @AppleSupport great, thanks for the info.","@593907 The stores do have walk in queues, however, we are unable to estimate or determine the wait times. They change throughout the day depending on the store.",5,3,2,SUPPORT_RESPONSE_PRESENT,"my iPhone 7 (only 4 weeks old) has been unresponsive all morning and stuck on the white apple startup screen. I made a Genius Bar appointment for tomorrow afternoon, but if I walk in today, would someone be able to help me? I can't use my phone at all like this.",7,iphone_hardware_issue,iphone_hardware_issue,,human_verified
apple_2280919,@AppleSupport My Apple Music app wont play any of my songs!,"CUSTOMER: @AppleSupport My Apple Music app wont play any of my songs!
SUPPORT: @663035 We're here to help. What happens when you try to play a song? Are you getting an error message. Let us know to continue.
CUSTOMER: @AppleSupport It plays for about 2 seconds and then stops. And then when I press play it crashes.
CUSTOMER: @AppleSupport I’m not getting any error messages.
SUPPORT: @663035 Thanks for those details. How are you connected to the internet? When did you start noticing this behavior?
CUSTOMER: @AppleSupport I’m connected to WiFi and I noticed it about 2 days ago.
SUPPORT: @663035 We want to look further into this issue. Reach us via DM to continue. https://t.co/GDrqU22YpT",@663035 We want to look further into this issue. Reach us via DM to continue. https://t.co/GDrqU22YpT,7,4,3,SUPPORT_RESPONSE_PRESENT,My Apple Music app wont play any of my songs!,6,music_audio_issue,music_audio_issue,,human_verified
apple_1897581,"Come on @115858 !!!!  Battery draining way too fast, screen rotation problems, blank screens, app terminations, crap wi-fi ... FIX THIS SHIT!","CUSTOMER: Come on @115858 !!!!  Battery draining way too fast, screen rotation problems, blank screens, app terminations, crap wi-fi ... FIX THIS SHIT!
SUPPORT: @548936 Let us know via DM the type of iPhone that you have, then we can work with you on resolving these issues. https://t.co/GDrqU22YpT","@548936 Let us know via DM the type of iPhone that you have, then we can work with you on resolving these issues. https://t.co/GDrqU22YpT",2,1,1,SUPPORT_RESPONSE_PRESENT,"Come on ! Battery draining way too fast, screen rotation problems, blank screens, app terminations, crap wi-fi ... FIX THIS SHIT!",11,battery_life_issue,battery_life_issue,,human_verified
apple_2633080,@AppleSupport I need help but it seems I can't get anywhere with support.,"CUSTOMER: @AppleSupport I need help but it seems I can't get anywhere with support.
SUPPORT: @219220 We're happy to help. Let us know how we can assist.",@219220 We're happy to help. Let us know how we can assist.,2,1,1,SUPPORT_RESPONSE_PRESENT,I need help but it seems I can't get anywhere with support.,3,macbook_issues,macbook_issues,,human_verified
apple_2744245,"Tried to buy a MacBook last week. Never turned on, no matter what I did. Returned it this weekend. The guy (who was very nice and apologetic) tried to get me a new one there, but couldn't. Now I wait for my bank to get the money back, THEN I can reorder it. Again. And pick it up.","CUSTOMER: Tried to buy a MacBook last week. Never turned on, no matter what I did. Returned it this weekend. The guy (who was very nice and apologetic) tried to get me a new one there, but couldn't. Now I wait for my bank to get the money back, THEN I can reorder it. Again. And pick it up.
CUSTOMER: ...Again. So, @AppleSupport, is there no better way to do this? I'm almost considering switching back to PC. This is overly complicated.
SUPPORT: @768603 Let's get you connected with our Online Sales team. They would be best to answer this question for you. Use this link to connect: https://t.co/8yjRd1Xo0i",@768603 Let's get you connected with our Online Sales team. They would be best to answer this question for you. Use this link to connect: https://t.co/8yjRd1Xo0i,3,2,1,SUPPORT_RESPONSE_PRESENT,"Tried to buy a MacBook last week. Never turned on, no matter what I did. Returned it this weekend. The guy (who was very nice and apologetic) tried to get me a new one there, but couldn't. Now I wait for my bank to get the money back, THEN I can reorder it. Again. And pick it up.",8,account_identity_issue,account_identity_issue,,human_verified
apple_1753284,Yo mah doods @115858 @AppleSupport fix the shitty glitch that turns the “I” into [?]. Shit’s annoying man.,"CUSTOMER: Yo mah doods @115858 @AppleSupport fix the shitty glitch that turns the “I” into [?]. Shit’s annoying man.
SUPPORT: @528128 Here’s what you can do to work around the issue until it’s fixed in a future software update: https://t.co/xXaXeeSRt9",@528128 Here’s what you can do to work around the issue until it’s fixed in a future software update: https://t.co/xXaXeeSRt9,2,1,1,SUPPORT_RESPONSE_PRESENT,Yo mah doods fix the shitty glitch that turns the “I” into [?]. Shit’s annoying man.,10,keyboard_autocorrect_issue,keyboard_autocorrect_issue,,human_verified
apple_9190,Hey @115858 just wondering why this new update has had my phone going bananas all day so far?? Please enlighten me.,"CUSTOMER: Hey @115858 just wondering why this new update has had my phone going bananas all day so far?? Please enlighten me.
SUPPORT: @117651 You've come to the right place. What seems to be going on with your phone?
CUSTOMER: @AppleSupport My screen is lagging, my apps are all glitching, your new screen updates are slowing my processsing speed down. Y’all are killin me fr yo
SUPPORT: @117651 Is this happening only with certain applications? Meet up with us in a DM, we'll continue there. https://t.co/GDrqU22YpT","@117651 Is this happening only with certain applications? Meet up with us in a DM, we'll continue there. https://t.co/GDrqU22YpT",4,2,2,SUPPORT_RESPONSE_PRESENT,Hey just wondering why this new update has had my phone going bananas all day so far? Please enlighten me.,1,ios_update_issues,ios_update_issues,,human_verified
apple_1700991,"How can i disable the 802.11d detection for the WiFi on my macbook pro ? There are routers around me with wrong location ""DZ"" @AppleSupport","CUSTOMER: How can i disable the 802.11d detection for the WiFi on my macbook pro ? There are routers around me with wrong location ""DZ"" @AppleSupport
SUPPORT: @515782 Thanks for reaching out. The short answer is there is not a setting for shutting off certain modes on the Wi-Fi chipset in your Mac.
CUSTOMER: @515782 @AppleSupport  https://t.co/jvpQCcV0uS
CUSTOMER: @529226 @AppleSupport @115858 , please ask engineering to offer a script in order to disable the location beacon inside the airport drivers.
SUPPORT: @515782 Go ahead and send us a DM to continue. We'd like to see how we can help. https://t.co/GDrqU22YpT",@515782 Go ahead and send us a DM to continue. We'd like to see how we can help. https://t.co/GDrqU22YpT,5,3,2,SUPPORT_RESPONSE_PRESENT,"How can i disable the 802.11d detection for the WiFi on my macbook pro ? There are routers around me with wrong location ""DZ""",3,macbook_issues,macbook_issues,,human_verified
apple_1526118,@115858 plz get ur shit together this sucks,"CUSTOMER: @115858 plz get ur shit together this sucks
SUPPORT: @473958 We're here to help. Send us a DM with more information on what's going on and we'll go from there. https://t.co/GDrqU22YpT",@473958 We're here to help. Send us a DM with more information on what's going on and we'll go from there. https://t.co/GDrqU22YpT,2,1,1,SUPPORT_RESPONSE_PRESENT,plz get ur shit together this sucks,2,other_unclear,other_unclear,,human_verified
apple_408441,Thanks @115858 for these worst customer service I’ve ever experienced in one of your stores. And I love your products 😥,"CUSTOMER: Thanks @115858 for these worst customer service I’ve ever experienced in one of your stores. And I love your products 😥
SUPPORT: @212359 Thanks for reaching out. DM us more info about your experience and we'll get you to the right spot. https://t.co/GDrqU22YpT",@212359 Thanks for reaching out. DM us more info about your experience and we'll get you to the right spot. https://t.co/GDrqU22YpT,2,1,1,SUPPORT_RESPONSE_PRESENT,Thanks for these worst customer service I’ve ever experienced in one of your stores. And I love your products 😥,2,other_unclear,other_unclear,,human_verified
apple_84205,@115858 you need to get your act right! #SMH https://t.co/vzBOeEagXk,"CUSTOMER: @115858 you need to get your act right! #SMH https://t.co/vzBOeEagXk
CUSTOMER: @115858 @AppleSupport any chance that you can look into this?
SUPPORT: @134518 We want to help. Which version of iOS are you using? You can check in Settings &gt; General &gt; About.
CUSTOMER: @AppleSupport I am using iPhone X. This is very easy to reproduce even on an iPhone X simulator in X Code. https://t.co/JCVKtJP0lP
SUPPORT: @134518 Does this persist even when restarting your iPhone?
CUSTOMER: @AppleSupport No, it doesn’t persist after restarting my iPhone. Thanks!
SUPPORT: @134518 Excellent! We're here if you have further questions. Have a great day!",@134518 Excellent! We're here if you have further questions. Have a great day!,7,4,3,SUPPORT_RESPONSE_PRESENT,you need to get your act right! SMH,2,other_unclear,other_unclear,,human_verified
apple_2779300,@AppleSupport Please explain how my phone battery was at 64% then randomly dropped down to 1% and then went up to 39%,"CUSTOMER: @AppleSupport Please explain how my phone battery was at 64% then randomly dropped down to 1% and then went up to 39%
SUPPORT: @776309 Let's get to the bottom of this together. Can you tell us what device  model and iOS version you're using?
CUSTOMER: @AppleSupport iphone 6s plus &amp; IOS 11!
SUPPORT: @776309 Good to know. We'd like to look into this a little deeper. DM us and we'll continue there. https://t.co/GDrqU22YpT
CUSTOMER: @AppleSupport @776309 https://t.co/aYfTIHDBue",@776309 Good to know. We'd like to look into this a little deeper. DM us and we'll continue there. https://t.co/GDrqU22YpT,5,3,2,SUPPORT_RESPONSE_PRESENT,Please explain how my phone battery was at 64% then randomly dropped down to 1% and then went up to 39%,11,battery_life_issue,battery_life_issue,,human_verified
apple_964374,Every 1 out of 4 times I use Siri it glitches. 🗣fix yo shit! @115858,"CUSTOMER: Every 1 out of 4 times I use Siri it glitches. 🗣fix yo shit! @115858
SUPPORT: @348897 We’d like to help. Give us some details on the issue you’re noticing with Siri, and we’ll look into it with you.","@348897 We’d like to help. Give us some details on the issue you’re noticing with Siri, and we’ll look into it with you.",2,1,1,SUPPORT_RESPONSE_PRESENT,Every 1 out of 4 times I use Siri it glitches. 🗣fix yo shit!,9,iphone_hardware_issue,iphone_hardware_issue,,human_verified
apple_2220457,@AppleSupport Will my phone battery life degrades if I use the phone while charging? just asking,"CUSTOMER: @AppleSupport Will my phone battery life degrades if I use the phone while charging? just asking
SUPPORT: @357591 With normal usage, you shouldn't see any battery loss while charging.  If you are let us know so we can help.
CUSTOMER: @AppleSupport Thanks!! Just wanted to know if my phone battery life degrades because I use it while I charge it.
SUPPORT: @357591 You're welcome. Feel free to reach out to us if you have any further questions. Have a wonderful day!",@357591 You're welcome. Feel free to reach out to us if you have any further questions. Have a wonderful day!,4,2,2,SUPPORT_RESPONSE_PRESENT,Will my phone battery life degrades if I use the phone while charging? just asking,11,battery_life_issue,battery_life_issue,,human_verified
apple_1148067,"@AppleSupport Why won’t my AppleTV acknowledge my username/password? Receiving verification code on phone &amp; everything, but still no access.","CUSTOMER: @AppleSupport Why won’t my AppleTV acknowledge my username/password? Receiving verification code on phone &amp; everything, but still no access.
SUPPORT: @390192 Let's get you in the right place for your Apple TV. Reach out to an Apple TV Advisor here: https://t.co/IBIY3vMgPj",@390192 Let's get you in the right place for your Apple TV. Reach out to an Apple TV Advisor here: https://t.co/IBIY3vMgPj,2,1,1,SUPPORT_RESPONSE_PRESENT,"Why won’t my AppleTV acknowledge my username/password? Receiving verification code on phone &amp; everything, but still no access.",8,account_identity_issue,account_identity_issue,,human_verified
apple_2015153,"So, @115858, thx for the new emojis with the latest update. But also can I️ have the letter “I️” back? Please.","CUSTOMER: So, @115858, thx for the new emojis with the latest update. But also can I️ have the letter “I️” back? Please.
SUPPORT: @595880 Thanks for reaching out. We have a workaround for this here: https://t.co/xXaXeeSRt9 DM us if you still need help. https://t.co/GDrqU22YpT",@595880 Thanks for reaching out. We have a workaround for this here: https://t.co/xXaXeeSRt9 DM us if you still need help. https://t.co/GDrqU22YpT,2,1,1,SUPPORT_RESPONSE_PRESENT,"So, , thx for the new emojis with the latest update. But also can I️ have the letter “I️” back? Please.",10,keyboard_autocorrect_issue,keyboard_autocorrect_issue,,human_verified
apple_2888482,i was setting up the face id on my iphone x and my screen cracked like wtf @115858,"CUSTOMER: i was setting up the face id on my iphone x and my screen cracked like wtf @115858
SUPPORT: @800912 That's not the type of experience that we'd like for you to have with your phone. We'd like to look into this with you. Join us in DM and provide us with your location. Click here: https://t.co/GDrqU22YpT",@800912 That's not the type of experience that we'd like for you to have with your phone. We'd like to look into this with you. Join us in DM and provide us with your location. Click here: https://t.co/GDrqU22YpT,2,1,1,SUPPORT_RESPONSE_PRESENT,i was setting up the face id on my iphone x and my screen cracked like wtf,7,iphone_hardware_issue,iphone_hardware_issue,,human_verified
apple_717150,. @AppleSupport   Not a fan of the iPhone OS X update. Why do my text messages look like this? Why no shortcut to turn off night mode? https://t.co/pGZqHNfrAA,"CUSTOMER: . @AppleSupport   Not a fan of the iPhone OS X update. Why do my text messages look like this? Why no shortcut to turn off night mode? https://t.co/pGZqHNfrAA
SUPPORT: @291691 We'd like to hear more about what's happening with your text messages. Please DM us and we'll go from there. https://t.co/GDrqU22YpT",@291691 We'd like to hear more about what's happening with your text messages. Please DM us and we'll go from there. https://t.co/GDrqU22YpT,2,1,1,SUPPORT_RESPONSE_PRESENT,. Not a fan of the iPhone OS X update. Why do my text messages look like this? Why no shortcut to turn off night mode?,7,iphone_hardware_issue,iphone_hardware_issue,,human_verified
apple_1766808,Wow I️ got 3 more apartments to lease and I️ will be 100% leased. I’ve been busting my ass. Specially last week,"CUSTOMER: Wow I️ got 3 more apartments to lease and I️ will be 100% leased. I’ve been busting my ass. Specially last week
CUSTOMER: Bro what’s up with these damn question marks @AppleSupport I️ can’t send messages on fb or even tweet without the question marks coming out
SUPPORT: @531308 We are aware of this issue and are working hard to find a resolution. We do have a workaround: https://t.co/xXaXeeSRt9",@531308 We are aware of this issue and are working hard to find a resolution. We do have a workaround: https://t.co/xXaXeeSRt9,3,2,1,SUPPORT_RESPONSE_PRESENT,Wow I️ got 3 more apartments to lease and I️ will be 100% leased. I’ve been busting my ass. Specially last week,2,other_unclear,other_unclear,,human_verified
apple_1660384,@AppleSupport - what’s up with this ?? https://t.co/wbiCBDHiJa,"CUSTOMER: @AppleSupport - what’s up with this ?? https://t.co/wbiCBDHiJa
SUPPORT: @506500 Here’s what you can do to work around the issue until it’s fixed in a future software update: https://t.co/xXaXefaskH",@506500 Here’s what you can do to work around the issue until it’s fixed in a future software update: https://t.co/xXaXefaskH,2,1,1,SUPPORT_RESPONSE_PRESENT,- what’s up with this ?,2,other_unclear,other_unclear,,human_verified
apple_866648,Hey @AppleSupport how do I permanently turn off that ‘live’ thing on my iphones camera? It keeps turning back on and I hate it.,"CUSTOMER: Hey @AppleSupport how do I permanently turn off that ‘live’ thing on my iphones camera? It keeps turning back on and I hate it.
SUPPORT: @325784 You can turn off the Live Photos feature by going to Settings &gt; Camera &gt; Preserve Settings. For more: https://t.co/C3E4kiTqdx",@325784 You can turn off the Live Photos feature by going to Settings &gt; Camera &gt; Preserve Settings. For more: https://t.co/C3E4kiTqdx,2,1,1,SUPPORT_RESPONSE_PRESENT,Hey how do I permanently turn off that ‘live’ thing on my iphones camera? It keeps turning back on and I hate it.,7,iphone_hardware_issue,iphone_hardware_issue,,human_verified
apple_2713217,Hey @115858 you should make it so you have to put in a passcode to turn the phone off and please take airplane mode/cellular off the locked control center. Would make it a little harder for thieves to get away with stolen phones 🙃 @116333 @AppleSupport #byebye1000dollars,"CUSTOMER: Hey @115858 you should make it so you have to put in a passcode to turn the phone off and please take airplane mode/cellular off the locked control center. Would make it a little harder for thieves to get away with stolen phones 🙃 @116333 @AppleSupport #byebye1000dollars
SUPPORT: @748080 We always welcome feedback on our products and software, and you can leave that feedback here: https://t.co/eTPVYVFyd8
CUSTOMER: @AppleSupport @748080 So pretty much.... “fuck your feedback”
CUSTOMER: @761696 @AppleSupport Oh no, I’ll be leaving feedback- persistently until I get a sufficient response at that.","@748080 We always welcome feedback on our products and software, and you can leave that feedback here: https://t.co/eTPVYVFyd8",4,3,1,SUPPORT_RESPONSE_PRESENT,Hey you should make it so you have to put in a passcode to turn the phone off and please take airplane mode/cellular off the locked control center. Would make it a little harder for thieves to get away with stolen phones 🙃 byebye1000dollars,8,account_identity_issue,account_identity_issue,,human_verified
apple_346989,Trying to create my son an Apple ID for his new iPhone and the Apple website isn’t working 😒 really apple  @AppleSupport,"CUSTOMER: Trying to create my son an Apple ID for his new iPhone and the Apple website isn’t working 😒 really apple  @AppleSupport
CUSTOMER: @AppleSupport No matter how many times I put in the verification code this keeps coming out 😒 @AppleSupport https://t.co/9RibEU4FtO
SUPPORT: @198627  We'd love to look into this with you. Are you using the iPhone to create the Apple ID or are you on a computer?
CUSTOMER: @AppleSupport I tried from his iPhone then a tablet at the sprint store and it kept telling me the same thing
SUPPORT: @198627 Have you tried to complete these steps on a Wi-Fi network?
CUSTOMER: @AppleSupport Yes now it’s saying an Apple ID cannot be created at this time
CUSTOMER: @AppleSupport I finally got it to work thank you
SUPPORT: @198627  Are you using Family Sharing to create the Apple ID? Check out this link: https://t.co/kjmaq5VHyA DM us if this helps https://t.co/GDrqU22YpT
CUSTOMER: @AppleSupport It finally started working thank you!
SUPPORT: @198627 Sounds good. If you need support in the future, we're here to help.","@198627 Sounds good. If you need support in the future, we're here to help.",10,6,4,SUPPORT_RESPONSE_PRESENT,Trying to create my son an Apple ID for his new iPhone and the Apple website isn’t working 😒 really apple,8,account_identity_issue,account_identity_issue,,human_verified
apple_484589,"@AppleSupport screwed up with iOS11, so many problems happening with my 6s!!! Really board with problems....","CUSTOMER: @AppleSupport screwed up with iOS11, so many problems happening with my 6s!!! Really board with problems....
CUSTOMER: @AppleSupport 7. Battery drain drastically 
8. Application hanged rapidly 
9. Sometimes Phone not responded 
etc etc
SUPPORT: @230320 We want to make sure your iPhone is working great and we'd like to help. We've received your DM as well, so we'll continue there, and get started sorting these issues out. https://t.co/GDrqU22YpT","@230320 We want to make sure your iPhone is working great and we'd like to help. We've received your DM as well, so we'll continue there, and get started sorting these issues out. https://t.co/GDrqU22YpT",3,2,1,SUPPORT_RESPONSE_PRESENT,"screwed up with iOS11, so many problems happening with my 6s! Really board with problems..",4,ios_update_issues,ios_update_issues,,human_verified
apple_505153,@AppleSupport why is my music uninstalling itself? They were all installed just yesterday https://t.co/JKSMmVhyd7,"CUSTOMER: @AppleSupport why is my music uninstalling itself? They were all installed just yesterday https://t.co/JKSMmVhyd7
SUPPORT: @235815 We want you to be able to enjoy your Music and manage your library, so let's work together on this. To clarify, by installed, do you mean they were not grayed out or did not have the cloud icon beside them?
CUSTOMER: @AppleSupport No they were not grayed out. And did not have the cloud icon.
CUSTOMER: @AppleSupport I had to go and reinstall them when they should have been installed in the first place.
SUPPORT: @235815 Thanks for clarifying. Have you made sure your device is up-to-date on the latest iOS version? You can check by visiting Settings &gt; General &gt; Software Update. 

If you need to update, make sure to backup first: https://t.co/80YRnjDFDk","@235815 Thanks for clarifying. Have you made sure your device is up-to-date on the latest iOS version? You can check by visiting Settings &gt; General &gt; Software Update. 

If you need to update, make sure to backup first: https://t.co/80YRnjDFDk",5,3,2,SUPPORT_RESPONSE_PRESENT,why is my music uninstalling itself? They were all installed just yesterday,6,music_audio_issue,music_audio_issue,,human_verified
apple_18886,@AppleSupport my Apple Watch has been like this for 2 days any suggestions. Also tried to do a reboot but to no avail. https://t.co/06IgjQuApq,"CUSTOMER: @AppleSupport my Apple Watch has been like this for 2 days any suggestions. Also tried to do a reboot but to no avail. https://t.co/06IgjQuApq
SUPPORT: @120221 Thanks for the photo, and for reaching out to us. We'll do all we can to get your Apple Watch up and running for you. 

We'd like a few details from you in order to assist. Please meet us in DM so we may ask some isolation questions, and resolve your issue. https://t.co/GDrqU22YpT","@120221 Thanks for the photo, and for reaching out to us. We'll do all we can to get your Apple Watch up and running for you. 

We'd like a few details from you in order to assist. Please meet us in DM so we may ask some isolation questions, and resolve your issue. https://t.co/GDrqU22YpT",2,1,1,SUPPORT_RESPONSE_PRESENT,my Apple Watch has been like this for 2 days any suggestions. Also tried to do a reboot but to no avail.,3,macbook_issues,macbook_issues,,human_verified
apple_2095866,Anyone else getting messages about heart rates when your weren’t even wearing your Apple Watch at that time? @AppleSupport https://t.co/J7PNglOHYS,"CUSTOMER: Anyone else getting messages about heart rates when your weren’t even wearing your Apple Watch at that time? @AppleSupport https://t.co/J7PNglOHYS
SUPPORT: @619181 We can look into this with you. Are you only getting the alerts when you haven't worn it? Let us know in DM. https://t.co/GDrqU22YpT",@619181 We can look into this with you. Are you only getting the alerts when you haven't worn it? Let us know in DM. https://t.co/GDrqU22YpT,2,1,1,SUPPORT_RESPONSE_PRESENT,Anyone else getting messages about heart rates when your weren’t even wearing your Apple Watch at that time?,8,account_identity_issue,account_identity_issue,,human_verified
apple_2185547,@AppleSupport just did the update and my phone is still doing the I️ thing. Any ideas?,"CUSTOMER: @AppleSupport just did the update and my phone is still doing the I️ thing. Any ideas?
SUPPORT: @640071 Here’s what you can do to work around the issue until it’s fixed in a future software update: https://t.co/xXaXeeSRt9 https://t.co/GDrqU22YpT",@640071 Here’s what you can do to work around the issue until it’s fixed in a future software update: https://t.co/xXaXeeSRt9 https://t.co/GDrqU22YpT,2,1,1,SUPPORT_RESPONSE_PRESENT,just did the update and my phone is still doing the I️ thing. Any ideas?,1,ios_update_issues,ios_update_issues,,human_verified
apple_2696030,"Man , @115858 yal ass cappin with this goof ass I️ shit. Where tf this shit come from?","CUSTOMER: Man , @115858 yal ass cappin with this goof ass I️ shit. Where tf this shit come from?
SUPPORT: @757606 We've released an update that includes a fix for autocorrect issues. Be sure to back up your device prior to updating, and let us know if the issue persists afterwards.
CUSTOMER: @AppleSupport yal nessin
CUSTOMER: @757606 @AppleSupport 😂. Yo ass tarded","@757606 We've released an update that includes a fix for autocorrect issues. Be sure to back up your device prior to updating, and let us know if the issue persists afterwards.",4,3,1,SUPPORT_RESPONSE_PRESENT,"Man , yal ass cappin with this goof ass I️ shit. Where tf this shit come from?",2,other_unclear,other_unclear,,human_verified
apple_2776059,I want to be able to search for a date and be able to view all pictures from that day or month @AppleSupport @115858,"CUSTOMER: I want to be able to search for a date and be able to view all pictures from that day or month @AppleSupport @115858
SUPPORT: @217271 Check out ways to organize and find your photos here: https://t.co/kvXaz3cIzj Have more suggestions? Provide us feedback here: https://t.co/eTPVYVFyd8",@217271 Check out ways to organize and find your photos here: https://t.co/kvXaz3cIzj Have more suggestions? Provide us feedback here: https://t.co/eTPVYVFyd8,2,1,1,SUPPORT_RESPONSE_PRESENT,I want to be able to search for a date and be able to view all pictures from that day or month,3,macbook_issues,macbook_issues,,human_verified
apple_1303325,@AppleSupport I can’t use my Apple Music. y’all charged my account but asking me to choose a plan when I go to play a song. Fix it,"CUSTOMER: @AppleSupport I can’t use my Apple Music. y’all charged my account but asking me to choose a plan when I go to play a song. Fix it
SUPPORT: @126711 We’re investigating and will update our System Status page as more info becomes available: https://t.co/Fcu0biZf0L
CUSTOMER: @AppleSupport so it’s a known issue?",@126711 We’re investigating and will update our System Status page as more info becomes available: https://t.co/Fcu0biZf0L,3,2,1,SUPPORT_RESPONSE_PRESENT,I can’t use my Apple Music. y’all charged my account but asking me to choose a plan when I go to play a song. Fix it,6,music_audio_issue,music_audio_issue,,human_verified
apple_2454540,@AppleSupport Best app or Website to get live wallpapers from?,"CUSTOMER: @AppleSupport Best app or Website to get live wallpapers from?
SUPPORT: @325840 We'd recommend searching the App Store for the app that's best for you. This can help with how to change your iPhone wallpaper: https://t.co/0YaOHJLwdF Please feel free to DM us with any additional questions. https://t.co/GDrqU22YpT",@325840 We'd recommend searching the App Store for the app that's best for you. This can help with how to change your iPhone wallpaper: https://t.co/0YaOHJLwdF Please feel free to DM us with any additional questions. https://t.co/GDrqU22YpT,2,1,1,SUPPORT_RESPONSE_PRESENT,Best app or Website to get live wallpapers from?,2,other_unclear,other_unclear,,human_verified
apple_2403814,@115858 @AppleSupport after the new update why does my brand new phone die faster than before? A lot faster too.,"CUSTOMER: @115858 @AppleSupport after the new update why does my brand new phone die faster than before? A lot faster too.
SUPPORT: @683196 We know battery life is important, and we're here for you. Send us a DM with the exact iOS version your iPhone is running, and we'll continue with you from there. https://t.co/GDrqU22YpT","@683196 We know battery life is important, and we're here for you. Send us a DM with the exact iOS version your iPhone is running, and we'll continue with you from there. https://t.co/GDrqU22YpT",2,1,1,SUPPORT_RESPONSE_PRESENT,after the new update why does my brand new phone die faster than before? A lot faster too.,1,ios_update_issues,ios_update_issues,,human_verified
apple_1527702,Why is it since I’ve updated to IOS 11 that my phone keeps crashing @AppleSupport,"CUSTOMER: Why is it since I’ve updated to IOS 11 that my phone keeps crashing @AppleSupport
SUPPORT: @474345 When you say that your iPhone is crashing, what exactly do you mean? We’ll do all we can to assist.
CUSTOMER: @AppleSupport It freezes, hands free doesn’t work, screen freezes on a daily basis.
SUPPORT: @474345 Understood. Which device and version of iOS 11 are you using? Check Settings&gt;General&gt;About.
CUSTOMER: @AppleSupport 11.0.3
SUPPORT: @474345 Do you happen to notice this behavior with certain apps or all apps? Let us know in DM to continue. https://t.co/GDrqU22YpT",@474345 Do you happen to notice this behavior with certain apps or all apps? Let us know in DM to continue. https://t.co/GDrqU22YpT,6,3,3,SUPPORT_RESPONSE_PRESENT,Why is it since I’ve updated to IOS 11 that my phone keeps crashing,4,ios_update_issues,ios_update_issues,,human_verified
apple_2152144,@115858 @AppleSupport Auto correct just makes things whatever it wants. Even if it doesn’t make sense or is anything remotely close to the word.,"CUSTOMER: @115858 @AppleSupport Auto correct just makes things whatever it wants. Even if it doesn’t make sense or is anything remotely close to the word.
SUPPORT: @471341 Thanks for reaching out about this behavior. Let’s work together to get this addressed. To clarify, which device are you using? How long has this been happening? Let us know via a DM. We’ll go from there. https://t.co/GDrqU22YpT","@471341 Thanks for reaching out about this behavior. Let’s work together to get this addressed. To clarify, which device are you using? How long has this been happening? Let us know via a DM. We’ll go from there. https://t.co/GDrqU22YpT",2,1,1,SUPPORT_RESPONSE_PRESENT,Auto correct just makes things whatever it wants. Even if it doesn’t make sense or is anything remotely close to the word.,10,keyboard_autocorrect_issue,keyboard_autocorrect_issue,,human_verified
apple_1662254,@applesupport I’m having delay with speech when on a call...this is happening since updating to iOS 11.3!?it’s so frustrating!,"CUSTOMER: @applesupport I’m having delay with speech when on a call...this is happening since updating to iOS 11.3!?it’s so frustrating!
SUPPORT: @506912 We've received your DM. We'll continue to work with you there.",@506912 We've received your DM. We'll continue to work with you there.,2,1,1,SUPPORT_RESPONSE_PRESENT,I’m having delay with speech when on a call...this is happening since updating to iOS 11.3!?it’s so frustrating!,4,ios_update_issues,ios_update_issues,,human_verified
apple_2412468,@AppleSupport please check dms :(,"CUSTOMER: @AppleSupport please check dms :(
SUPPORT: @693548 Thanks for reaching out!  We've received your DM and will continue with you there.
CUSTOMER: @AppleSupport Thank you!! 🙌🏻",@693548 Thanks for reaching out!  We've received your DM and will continue with you there.,3,2,1,SUPPORT_RESPONSE_PRESENT,please check dms :(,2,other_unclear,other_unclear,,human_verified
apple_435213,@AppleSupport What should we do when the latest software update means the call function on an iPhone no longer works? Won't connect outgoing,"CUSTOMER: @AppleSupport What should we do when the latest software update means the call function on an iPhone no longer works? Won't connect outgoing
SUPPORT: @218380 We'd like to help. Does this happen in multiple locations? Have you tried rebooting the device to see if that helps?
CUSTOMER: @AppleSupport Thanks,I’ve done everything except restoring based on the advice on an apple support page.My n/wk @118101 has problems also, so it could be them
SUPPORT: @218380 Understood! Let's meet in DM and we can continue there: https://t.co/GDrqU22YpT",@218380 Understood! Let's meet in DM and we can continue there: https://t.co/GDrqU22YpT,4,2,2,SUPPORT_RESPONSE_PRESENT,What should we do when the latest software update means the call function on an iPhone no longer works? Won't connect outgoing,1,ios_update_issues,ios_update_issues,,human_verified
apple_1839547,iOS battery issues are insanely bad - app refresh off and still need to charge phone 3x a day.  Fix it @115858,"CUSTOMER: iOS battery issues are insanely bad - app refresh off and still need to charge phone 3x a day.  Fix it @115858
SUPPORT: @551302 Having a reliable battery is important! Let us help you with yours. DM us your exact iOS version to proceed. https://t.co/GDrqU22YpT",@551302 Having a reliable battery is important! Let us help you with yours. DM us your exact iOS version to proceed. https://t.co/GDrqU22YpT,2,1,1,SUPPORT_RESPONSE_PRESENT,iOS battery issues are insanely bad - app refresh off and still need to charge phone 3x a day. Fix it,11,battery_life_issue,battery_life_issue,,human_verified
apple_1343635,. @ATT and @AppleSupport can you guys help me out with why my $800 devices can’t hold phone calls? Dropped a call to 911 last week.,"CUSTOMER: . @ATT and @AppleSupport can you guys help me out with why my $800 devices can’t hold phone calls? Dropped a call to 911 last week.
SUPPORT: @433374 We know how important it is to be able to make calls. Which device and software version are you using?
CUSTOMER: @AppleSupport iOS 11.0.3 / iPhone 6 / zip 19083 - thank you
SUPPORT: @433374 Does this issue occur in multiple places or one in particular? Click here and let us know in DM: https://t.co/GDrqU22YpT
SUPPORT: @433374 We want to help out, Scott! Mark your dropped calls here https://t.co/nGh6SrVUHm DM your wireless number &amp; zip code to further assist. ^NdyE","@433374 We want to help out, Scott! Mark your dropped calls here https://t.co/nGh6SrVUHm DM your wireless number &amp; zip code to further assist. ^NdyE",5,2,3,SUPPORT_RESPONSE_PRESENT,. and can you guys help me out with why my $800 devices can’t hold phone calls? Dropped a call to 911 last week.,9,iphone_hardware_issue,iphone_hardware_issue,,human_verified
apple_1367083,@AppleSupport received this trying to order this AM. Now being told by store and phone that I have no order. Yet site says reserved. Help? https://t.co/DXa1SaqsJX,"CUSTOMER: @AppleSupport received this trying to order this AM. Now being told by store and phone that I have no order. Yet site says reserved. Help? https://t.co/DXa1SaqsJX
SUPPORT: @438236 DM us and we'll look into what we can do to help with your order. https://t.co/GDrqU22YpT
CUSTOMER: @AppleSupport Done. Thank you.",@438236 DM us and we'll look into what we can do to help with your order. https://t.co/GDrqU22YpT,3,2,1,SUPPORT_RESPONSE_PRESENT,received this trying to order this AM. Now being told by store and phone that I have no order. Yet site says reserved. Help?,8,account_identity_issue,account_identity_issue,,human_verified
apple_523869,@AppleSupport why ios 11.1.2 often self rebooting? It back to passcode again,"CUSTOMER: @AppleSupport why ios 11.1.2 often self rebooting? It back to passcode again
SUPPORT: @241089 We want you to have an iPhone that works. Send us a DM and we'll tackle this issue together. https://t.co/GDrqU2kzhr",@241089 We want you to have an iPhone that works. Send us a DM and we'll tackle this issue together. https://t.co/GDrqU2kzhr,2,1,1,SUPPORT_RESPONSE_PRESENT,why ios 11.1.2 often self rebooting? It back to passcode again,4,ios_update_issues,ios_update_issues,,human_verified
apple_1983786,"Every single update the volume/ringer interface is supposedly fixed. 

Still waiting for it ... @115858 @AppleSupport","CUSTOMER: Every single update the volume/ringer interface is supposedly fixed. 

Still waiting for it ... @115858 @AppleSupport
SUPPORT: @394934 Meet us in DM, then we can take a look at this with you and get your iPhone back to your expectations. https://t.co/GDrqU22YpT","@394934 Meet us in DM, then we can take a look at this with you and get your iPhone back to your expectations. https://t.co/GDrqU22YpT",2,1,1,SUPPORT_RESPONSE_PRESENT,Every single update the volume/ringer interface is supposedly fixed. Still waiting for it ...,6,music_audio_issue,music_audio_issue,,human_verified
apple_1770387,.@AppleSupport I don’t want a dinosaur emoji; I want a battery that lasts longer than 45 minutes.,"CUSTOMER: .@AppleSupport I don’t want a dinosaur emoji; I want a battery that lasts longer than 45 minutes.
SUPPORT: @532223 We’d be happy to take a look at this with you. Send us a DM so we can help. https://t.co/GDrqU22YpT",@532223 We’d be happy to take a look at this with you. Send us a DM so we can help. https://t.co/GDrqU22YpT,2,1,1,SUPPORT_RESPONSE_PRESENT,. I don’t want a dinosaur emoji; I want a battery that lasts longer than 45 minutes.,2,other_unclear,other_unclear,,human_verified
apple_1954706,"Once again, @AppleSupport sucks like never before.  My #ApplePencil doesn’t pair/charge with new software on iPad Pro.  #fixit or I’m out","CUSTOMER: Once again, @AppleSupport sucks like never before.  My #ApplePencil doesn’t pair/charge with new software on iPad Pro.  #fixit or I’m out
SUPPORT: @486265 Let's look into this together. To start, can you DM us which version of iOS 11 you're using on your iPad Pro? https://t.co/GDrqU22YpT
CUSTOMER: @AppleSupport 11.0.3","@486265 Let's look into this together. To start, can you DM us which version of iOS 11 you're using on your iPad Pro? https://t.co/GDrqU22YpT",3,2,1,SUPPORT_RESPONSE_PRESENT,"Once again, sucks like never before. My ApplePencil doesn’t pair/charge with new software on iPad Pro. fixit or I’m out",3,macbook_issues,macbook_issues,,human_verified
apple_851772,"@115858 seriously, so over iOS 11. Getting pretty tired of Apple. Multiple native apps (safari, settings cause major battery drain.) WTF?","CUSTOMER: @115858 seriously, so over iOS 11. Getting pretty tired of Apple. Multiple native apps (safari, settings cause major battery drain.) WTF?
SUPPORT: @322332 We're happy to assist. Which iOS 11 version are you currently running? Go to Settings &gt; General &gt; About for the version.
CUSTOMER: @AppleSupport Version 11.0  Been reluctant to update to 11.0.1 or .2 or .3 based on reviews. Battery bug fixes?
SUPPORT: @322332 Thank you for that information.  Please go ahead and update to our latest iOS 11.0.3, and let us know if the issue persists.","@322332 Thank you for that information.  Please go ahead and update to our latest iOS 11.0.3, and let us know if the issue persists.",4,2,2,SUPPORT_RESPONSE_PRESENT,"seriously, so over iOS 11. Getting pretty tired of Apple. Multiple native apps (safari, settings cause major battery drain.) WTF?",11,battery_life_issue,battery_life_issue,,human_verified
apple_1625408,@AppleSupport I bought apple music and now I can't add/delete my itunes music folders onto my iphone.  What's the deal?,"CUSTOMER: @AppleSupport I bought apple music and now I can't add/delete my itunes music folders onto my iphone.  What's the deal?
SUPPORT: @497768 Help is here! Have you restarted your device to see if that helps? What iOS version is currently installed?",@497768 Help is here! Have you restarted your device to see if that helps? What iOS version is currently installed?,2,1,1,SUPPORT_RESPONSE_PRESENT,I bought apple music and now I can't add/delete my itunes music folders onto my iphone. What's the deal?,6,music_audio_issue,music_audio_issue,,human_verified
apple_2138809,Why does this say the 12th instead of the 10th? @115858 @115948 @AppleSupport https://t.co/n9wqoGlH6s,"CUSTOMER: Why does this say the 12th instead of the 10th? @115858 @115948 @AppleSupport https://t.co/n9wqoGlH6s
SUPPORT: @629048 We'd like to check into this. What model of iPad are you using and is it up to date? DM us the details please. https://t.co/GDrqU22YpT",@629048 We'd like to check into this. What model of iPad are you using and is it up to date? DM us the details please. https://t.co/GDrqU22YpT,2,1,1,SUPPORT_RESPONSE_PRESENT,Why does this say the 12th instead of the 10th?,2,other_unclear,other_unclear,,human_verified
apple_260856,@AppleSupport does the Apple Watch 3 work in the Caribbean? We are preparing for a cruise. AT&amp;T network.,"CUSTOMER: @AppleSupport does the Apple Watch 3 work in the Caribbean? We are preparing for a cruise. AT&amp;T network.
SUPPORT: @178105 Great question! Roaming on the Apple Watch Series 3 with cellular is not available outside your carrier network coverage area.",@178105 Great question! Roaming on the Apple Watch Series 3 with cellular is not available outside your carrier network coverage area.,2,1,1,SUPPORT_RESPONSE_PRESENT,does the Apple Watch 3 work in the Caribbean? We are preparing for a cruise. AT&amp;T network.,8,account_identity_issue,account_identity_issue,,human_verified
apple_2067564,ios 11 is shit @AppleSupport,"CUSTOMER: ios 11 is shit @AppleSupport
CUSTOMER: @AppleSupport my battery dies in twenty minutes of use and its just shit..
SUPPORT: @611406 Let's work on it together. Please join us in DM and let us know which version of iOS 11 your iPhone has installed. https://t.co/GDrqU22YpT",@611406 Let's work on it together. Please join us in DM and let us know which version of iOS 11 your iPhone has installed. https://t.co/GDrqU22YpT,3,2,1,SUPPORT_RESPONSE_PRESENT,ios 11 is shit,4,ios_update_issues,ios_update_issues,,human_verified
apple_1594980,I’m a bit upset that all of my activity data disappeared last night 😭 @AppleSupport,"CUSTOMER: I’m a bit upset that all of my activity data disappeared last night 😭 @AppleSupport
SUPPORT: @156179 Let's look into this together. Do you remember anything happening before noticing your activity was gone? Let us know in DM. https://t.co/GDrqU22YpT
CUSTOMER: @AppleSupport Well my health app had two Apple watches on it so I deleted one and then it happened but would this affect all of my activities data it didn’t really affect anything else but
SUPPORT: @156179 Have you been creating iCloud backups? Send us a DM and let us know. https://t.co/GDrqU22YpT",@156179 Have you been creating iCloud backups? Send us a DM and let us know. https://t.co/GDrqU22YpT,4,2,2,SUPPORT_RESPONSE_PRESENT,I’m a bit upset that all of my activity data disappeared last night 😭,3,macbook_issues,macbook_issues,,human_verified
apple_1993082,I UPDATED. GET THESE ? BOXES OFF MY DEVICES! @115858 https://t.co/1Sh6pWaXAE,"CUSTOMER: I UPDATED. GET THESE ? BOXES OFF MY DEVICES! @115858 https://t.co/1Sh6pWaXAE
SUPPORT: @589850 We’re happy to help with any complications you’re facing. Could you let us know more details via a DM? We’ll move from there. https://t.co/GDrqU22YpT",@589850 We’re happy to help with any complications you’re facing. Could you let us know more details via a DM? We’ll move from there. https://t.co/GDrqU22YpT,2,1,1,SUPPORT_RESPONSE_PRESENT,I UPDATED. GET THESE ? BOXES OFF MY DEVICES!,3,macbook_issues,macbook_issues,,human_verified
apple_549635,@AppleSupport my beats are having weird audio issues,"CUSTOMER: @AppleSupport my beats are having weird audio issues
SUPPORT: @247987 Let’s get you pointed in the right direction. Our @159983 team will take it from here.",@247987 Let’s get you pointed in the right direction. Our @159983 team will take it from here.,2,1,1,SUPPORT_RESPONSE_PRESENT,my beats are having weird audio issues,6,music_audio_issue,music_audio_issue,,human_verified
apple_2206136,@AppleSupport how do I️ stop the keyboard making these weird symbols when I️ type the letter I️. The letter after H. I️ can’t take it anymore. I️ think I’m going crazy.,"CUSTOMER: @AppleSupport how do I️ stop the keyboard making these weird symbols when I️ type the letter I️. The letter after H. I️ can’t take it anymore. I️ think I’m going crazy.
SUPPORT: @645029 Here’s what you can do to work around the issue until it’s fixed in a future software update: https://t.co/xXaXeeSRt9
CUSTOMER: @AppleSupport Thank you for responding. I️ really appreciate it.
SUPPORT: @645029 Great news. The issue was fixed in iOS 11.1.1. To update to the latest version of iOS, go to Settings &gt; General &gt; Software Update and tap Download and Install. We recommend having a current backup prior to updating. If you have any questions, just let us know.
CUSTOMER: @AppleSupport Omg! Thank you!! 🙏🏻 you guys are the best! 🙌🏻","@645029 Great news. The issue was fixed in iOS 11.1.1. To update to the latest version of iOS, go to Settings &gt; General &gt; Software Update and tap Download and Install. We recommend having a current backup prior to updating. If you have any questions, just let us know.",5,3,2,SUPPORT_RESPONSE_PRESENT,how do I️ stop the keyboard making these weird symbols when I️ type the letter I️. The letter after H. I️ can’t take it anymore. I️ think I’m going crazy.,10,keyboard_autocorrect_issue,keyboard_autocorrect_issue,,human_verified
apple_2939305,"And while I am on a dexamethasone induced rant series (ITP strikes again) , please @115858 get your iOS shit together :GPS not working anymore, @115948 app is a disaster , and I have to reset my iPhone every other day.","CUSTOMER: And while I am on a dexamethasone induced rant series (ITP strikes again) , please @115858 get your iOS shit together :GPS not working anymore, @115948 app is a disaster , and I have to reset my iPhone every other day.
SUPPORT: @812398 We'd like to take a look at this with you. Send us a DM with more information on your device and the issue. We'll get started from there. https://t.co/GDrqU22YpT",@812398 We'd like to take a look at this with you. Send us a DM with more information on your device and the issue. We'll get started from there. https://t.co/GDrqU22YpT,2,1,1,SUPPORT_RESPONSE_PRESENT,"And while I am on a dexamethasone induced rant series (ITP strikes again) , please get your iOS shit together :GPS not working anymore, app is a disaster , and I have to reset my iPhone every other day.",7,iphone_hardware_issue,iphone_hardware_issue,,human_verified
apple_1620557,@AppleSupport my phone has the newest update but im still getting the box with the question mark in predictive text and on social media,"CUSTOMER: @AppleSupport my phone has the newest update but im still getting the box with the question mark in predictive text and on social media
SUPPORT: @496663 Thanks for reaching out. We have a workaround for this here: https://t.co/xXaXeeSRt9 DM us if you still need help.
CUSTOMER: @AppleSupport Tried that, it didn’t work",@496663 Thanks for reaching out. We have a workaround for this here: https://t.co/xXaXeeSRt9 DM us if you still need help.,3,2,1,SUPPORT_RESPONSE_PRESENT,my phone has the newest update but im still getting the box with the question mark in predictive text and on social media,5,keyboard_autocorrect_issue,keyboard_autocorrect_issue,,human_verified
apple_1757724,"Dear @115858, 

My phone has turned to complete 💩 since the recent updates. Thanks for that. I hate you. 

Sincerely, 
Every iPhone user","CUSTOMER: Dear @115858, 

My phone has turned to complete 💩 since the recent updates. Thanks for that. I hate you. 

Sincerely, 
Every iPhone user
SUPPORT: @529189 We'd like to learn more about what you're experiencing. DM us and let us know the details. https://t.co/GDrqU22YpT",@529189 We'd like to learn more about what you're experiencing. DM us and let us know the details. https://t.co/GDrqU22YpT,2,1,1,SUPPORT_RESPONSE_PRESENT,"Dear , My phone has turned to complete 💩 since the recent updates. Thanks for that. I hate you. Sincerely, Every iPhone user",7,iphone_hardware_issue,iphone_hardware_issue,,human_verified
apple_2401557,@AppleSupport is there anyway to undo this new update?!? My phone keeps on crashing &amp; freezing &amp; I’m trying to work Lyft &amp; Uber here!! 😡,"CUSTOMER: @AppleSupport is there anyway to undo this new update?!? My phone keeps on crashing &amp; freezing &amp; I’m trying to work Lyft &amp; Uber here!! 😡
SUPPORT: @690961 We want to help. Meet us in DM and we'll work towards a solution together. https://t.co/GDrqU22YpT",@690961 We want to help. Meet us in DM and we'll work towards a solution together. https://t.co/GDrqU22YpT,2,1,1,SUPPORT_RESPONSE_PRESENT,is there anyway to undo this new update?!? My phone keeps on crashing &amp; freezing &amp; I’m trying to work Lyft &amp; Uber here! 😡,1,ios_update_issues,ios_update_issues,,human_verified
apple_2149174,"Hey @AppleSupport when are y'all going to fix the weird thing that happens every time you type ""I"" on your iPhone? Ya know, that weird symbol and the deleted second half of your message.","CUSTOMER: Hey @AppleSupport when are y'all going to fix the weird thing that happens every time you type ""I"" on your iPhone? Ya know, that weird symbol and the deleted second half of your message.
SUPPORT: @631648 Here’s what you can do to work around the issue until it’s fixed in a future software update: https://t.co/xXaXeeSRt9
CUSTOMER: @AppleSupport Yea, that wasn’t my question. When are y’all planning on releasing a patch?",@631648 Here’s what you can do to work around the issue until it’s fixed in a future software update: https://t.co/xXaXeeSRt9,3,2,1,SUPPORT_RESPONSE_PRESENT,"Hey when are y'all going to fix the weird thing that happens every time you type ""I"" on your iPhone? Ya know, that weird symbol and the deleted second half of your message.",10,keyboard_autocorrect_issue,keyboard_autocorrect_issue,,human_verified
apple_2015983,WHAT IS HAPPENING https://t.co/wuGVnrJwoV,"CUSTOMER: WHAT IS HAPPENING https://t.co/wuGVnrJwoV
CUSTOMER: @115858 fix this. help.
SUPPORT: @596153 Thanks for reaching out. We have a workaround for this here: https://t.co/xXaXeeSRt9 DM us if you still need help. https://t.co/GDrqU22YpT",@596153 Thanks for reaching out. We have a workaround for this here: https://t.co/xXaXeeSRt9 DM us if you still need help. https://t.co/GDrqU22YpT,3,2,1,SUPPORT_RESPONSE_PRESENT,WHAT IS HAPPENING,2,other_unclear,other_unclear,,human_verified
apple_2058533,"@AppleSupport daughter’s iPhone thinks the headphones are always attached. Site says bring to store, but no appointments are available","CUSTOMER: @AppleSupport daughter’s iPhone thinks the headphones are always attached. Site says bring to store, but no appointments are available
SUPPORT: @439072  No worries. Could you let us know what you reviewed for this concern? We'd certainly like to help. Send us a DM. https://t.co/GDrqU22YpT",@439072  No worries. Could you let us know what you reviewed for this concern? We'd certainly like to help. Send us a DM. https://t.co/GDrqU22YpT,2,1,1,SUPPORT_RESPONSE_PRESENT,"daughter’s iPhone thinks the headphones are always attached. Site says bring to store, but no appointments are available",8,account_identity_issue,account_identity_issue,,human_verified
apple_2041735,"Literally gave myself a heart attack from this @115858 sorcery... hit ""copy"" on my iPhone then ""paste"" on my Mac and it appeared. Mind blown","CUSTOMER: Literally gave myself a heart attack from this @115858 sorcery... hit ""copy"" on my iPhone then ""paste"" on my Mac and it appeared. Mind blown
SUPPORT: @603711 Nice! Sounds like you used Universal Clipboard. To learn more, check this out: https://t.co/jmMBILbFAw DM us any questions. https://t.co/GDrqU22YpT","@603711 Nice! Sounds like you used Universal Clipboard. To learn more, check this out: https://t.co/jmMBILbFAw DM us any questions. https://t.co/GDrqU22YpT",2,1,1,SUPPORT_RESPONSE_PRESENT,"Literally gave myself a heart attack from this sorcery... hit ""copy"" on my iPhone then ""paste"" on my Mac and it appeared. Mind blown",2,other_unclear,other_unclear,,human_verified
apple_851223,Ever since I updated my phone this shit doesn’t work the same @115858 🤦🏽‍♂️ fix this shit,"CUSTOMER: Ever since I updated my phone this shit doesn’t work the same @115858 🤦🏽‍♂️ fix this shit
SUPPORT: @322211 Let's work on getting the issue resolved together. Can you tell us what is happening specifically? https://t.co/GDrqU22YpT",@322211 Let's work on getting the issue resolved together. Can you tell us what is happening specifically? https://t.co/GDrqU22YpT,2,1,1,SUPPORT_RESPONSE_PRESENT,Ever since I updated my phone this shit doesn’t work the same 🤦🏽‍♂️ fix this shit,1,ios_update_issues,ios_update_issues,,human_verified
apple_682109,"@AppleSupport @115858 running out of time to fix this bug, ridiculous.","CUSTOMER: @AppleSupport @115858 running out of time to fix this bug, ridiculous.
SUPPORT: @282795 What issues are you running into? We're here for you.",@282795 What issues are you running into? We're here for you.,2,1,1,SUPPORT_RESPONSE_PRESENT,"running out of time to fix this bug, ridiculous.",5,keyboard_autocorrect_issue,keyboard_autocorrect_issue,,human_verified
apple_1841047,@AppleSupport I just bought an old iphone 4 off my friend. The passcodes arent working and I dont have itunes.,"CUSTOMER: @AppleSupport I just bought an old iphone 4 off my friend. The passcodes arent working and I dont have itunes.
SUPPORT: @544463 You will need a computer to follow the steps here: https://t.co/F1QfwW1u1N If you can't let us know your country location in DM. https://t.co/GDrqU22YpT",@544463 You will need a computer to follow the steps here: https://t.co/F1QfwW1u1N If you can't let us know your country location in DM. https://t.co/GDrqU22YpT,2,1,1,SUPPORT_RESPONSE_PRESENT,I just bought an old iphone 4 off my friend. The passcodes arent working and I dont have itunes.,8,account_identity_issue,account_identity_issue,,human_verified
apple_148249,@AppleSupport why has my iPhone 5S text message window started to show only telephone numbers rather than names? I have no idea who texts are from anymore.,"CUSTOMER: @AppleSupport why has my iPhone 5S text message window started to show only telephone numbers rather than names? I have no idea who texts are from anymore.
SUPPORT: @149729 That is not at all expected behavior. Let's work together to get this resolved. To get started, can you tell us when did this issue start, and which iOS version currently running on your device?
CUSTOMER: @AppleSupport Started yesterday. On iOS 11.1.2
SUPPORT: @149729 We'd be happy to look into this with you more in detail. Please reach out to us via DM and we'll get started. https://t.co/GDrqU22YpT",@149729 We'd be happy to look into this with you more in detail. Please reach out to us via DM and we'll get started. https://t.co/GDrqU22YpT,4,2,2,SUPPORT_RESPONSE_PRESENT,why has my iPhone 5S text message window started to show only telephone numbers rather than names? I have no idea who texts are from anymore.,9,iphone_hardware_issue,iphone_hardware_issue,,human_verified
apple_2077299,"Just dropped my phone on my face and now my lip is bleeding. @AppleSupport, you’ll be hearing from my lawyer.","CUSTOMER: Just dropped my phone on my face and now my lip is bleeding. @AppleSupport, you’ll be hearing from my lawyer.
SUPPORT: @190205 We’d like to understand more about this situation. Please DM us some details and we’ll take it from there. https://t.co/GDrqU22YpT",@190205 We’d like to understand more about this situation. Please DM us some details and we’ll take it from there. https://t.co/GDrqU22YpT,2,1,1,SUPPORT_RESPONSE_PRESENT,"Just dropped my phone on my face and now my lip is bleeding. , you’ll be hearing from my lawyer.",2,other_unclear,other_unclear,,human_verified
apple_2015943,Can we get some help with this? @AppleSupport @115858 i can’t type a capital i https://t.co/CC6wu0XkVv,"CUSTOMER: Can we get some help with this? @AppleSupport @115858 i can’t type a capital i https://t.co/CC6wu0XkVv
SUPPORT: @596137 Thanks for reaching out. We have a workaround for this here: https://t.co/xXaXeeSRt9 DM us if you still need help. https://t.co/GDrqU22YpT",@596137 Thanks for reaching out. We have a workaround for this here: https://t.co/xXaXeeSRt9 DM us if you still need help. https://t.co/GDrqU22YpT,2,1,1,SUPPORT_RESPONSE_PRESENT,Can we get some help with this? i can’t type a capital i,10,keyboard_autocorrect_issue,keyboard_autocorrect_issue,,human_verified
