case_id,customer_message,support_conversation,final_support_response,num_turns,num_customer_turns,num_support_turns,evidence_status
apple_1000012,@AppleSupport explain yourself. https://t.co/356zUHKRCF,"CUSTOMER: @AppleSupport explain yourself. https://t.co/356zUHKRCF
SUPPORT: @356751 Thanks for reaching out to us for support. We would love to help you. Please DM us so that we can look into this together. https://t.co/GDrqU22YpT",@356751 Thanks for reaching out to us for support. We would love to help you. Please DM us so that we can look into this together. https://t.co/GDrqU22YpT,2,1,1,SUPPORT_RESPONSE_PRESENT
apple_1000018,"CANT STAND THOSE DAMN SQUARES, @115858 . Y’all need to fix that shit.","CUSTOMER: CANT STAND THOSE DAMN SQUARES, @115858 . Y’all need to fix that shit.
SUPPORT: @356753 Let us know via DM the device you are experiencing this on and with which version of the iOS, then we can advise from there. https://t.co/GDrqU22YpT","@356753 Let us know via DM the device you are experiencing this on and with which version of the iOS, then we can advise from there. https://t.co/GDrqU22YpT",2,1,1,SUPPORT_RESPONSE_PRESENT
apple_1000024,I’m so tired of these question mark boxes on my TL. Get your shit together  @115858 @AppleSupport,"CUSTOMER: I’m so tired of these question mark boxes on my TL. Get your shit together  @115858 @AppleSupport
SUPPORT: @356755 We'd be happy to look this over with you. Please meet us in DM so we may gather information, and better assist. https://t.co/GDrqU22YpT","@356755 We'd be happy to look this over with you. Please meet us in DM so we may gather information, and better assist. https://t.co/GDrqU22YpT",2,1,1,SUPPORT_RESPONSE_PRESENT
apple_1000074,FUCK YOU @115858 &amp; @123765! NOW I️ CAN’T TWEET THE LETTER I️?!,"CUSTOMER: FUCK YOU @115858 &amp; @123765! NOW I️ CAN’T TWEET THE LETTER I️?!
SUPPORT: @356764 Hello, thanks for reaching out about this. DM us with which device and iOS version you’re using and we’ll continue there. https://t.co/GDrqU22YpT","@356764 Hello, thanks for reaching out about this. DM us with which device and iOS version you’re using and we’ll continue there. https://t.co/GDrqU22YpT",2,1,1,SUPPORT_RESPONSE_PRESENT
apple_1000078,@AppleSupport any outlook to fixing this issue? https://t.co/Ku6LgeX67D,"CUSTOMER: @AppleSupport any outlook to fixing this issue? https://t.co/Ku6LgeX67D
SUPPORT: @356765 We're here to help. What happens when you give it another try on LTE? Send us a DM so we can look into what's going on. https://t.co/GDrqU22YpT",@356765 We're here to help. What happens when you give it another try on LTE? Send us a DM so we can look into what's going on. https://t.co/GDrqU22YpT,2,1,1,SUPPORT_RESPONSE_PRESENT
apple_1000080,Why is shit popping up as questions marks on my phone?? What’s going on @AppleSupport,"CUSTOMER: Why is shit popping up as questions marks on my phone?? What’s going on @AppleSupport
SUPPORT: @356766 We're here to help. DM us which model of iPhone and version of the operating system you're using and we'll get started. https://t.co/GDrqU22YpT",@356766 We're here to help. DM us which model of iPhone and version of the operating system you're using and we'll get started. https://t.co/GDrqU22YpT,2,1,1,SUPPORT_RESPONSE_PRESENT
apple_1000092,"@AppleSupport your c/s sucks, I was just disconnected after waiting on hold for 45+ minutes","CUSTOMER: @AppleSupport your c/s sucks, I was just disconnected after waiting on hold for 45+ minutes
SUPPORT: @356770 That's not the experience we want you to have. Tell us in DM what's going on so we can determine the best support for you today. https://t.co/GDrqU22YpT",@356770 That's not the experience we want you to have. Tell us in DM what's going on so we can determine the best support for you today. https://t.co/GDrqU22YpT,2,1,1,SUPPORT_RESPONSE_PRESENT
apple_1000099,"@AppleSupport my iPhone X keeps getting a ""Could Not Activate iPhone"" error. Is the activation server down?","CUSTOMER: @AppleSupport my iPhone X keeps getting a ""Could Not Activate iPhone"" error. Is the activation server down?
SUPPORT: @356773 Congrats on the new iPhone X! These steps can help with Activation issues: https://t.co/cJ57VP3gxT
DM us if still an issue. https://t.co/GDrqU22YpT
CUSTOMER: @AppleSupport That was hectic, but I’m all set. Thanks guys!","@356773 Congrats on the new iPhone X! These steps can help with Activation issues: https://t.co/cJ57VP3gxT
DM us if still an issue. https://t.co/GDrqU22YpT",3,2,1,SUPPORT_RESPONSE_PRESENT
apple_1000104,you people are criminals of the highest fucking order @AppleSupport  merely HOURS after the iphone x is released my 7 starts getting glitchy,"CUSTOMER: you people are criminals of the highest fucking order @AppleSupport  merely HOURS after the iphone x is released my 7 starts getting glitchy
CUSTOMER: @AppleSupport have u no shame?????????? YALL SUCK
SUPPORT: @356774 That's certainly not something we want for a brand new product. DM us more info about the glitches you're seeing. https://t.co/GDrqU22YpT",@356774 That's certainly not something we want for a brand new product. DM us more info about the glitches you're seeing. https://t.co/GDrqU22YpT,3,2,1,SUPPORT_RESPONSE_PRESENT
apple_1000109,"Dear @115858, 

WTF is going on with my keyboard and this “I️” bull-ish 😡","CUSTOMER: Dear @115858, 

WTF is going on with my keyboard and this “I️” bull-ish 😡
SUPPORT: @356776 Let's work on that keyboard issue together so we can get you back to normal. Send us a DM and we'll get started. https://t.co/GDrqU22YpT",@356776 Let's work on that keyboard issue together so we can get you back to normal. Send us a DM and we'll get started. https://t.co/GDrqU22YpT,2,1,1,SUPPORT_RESPONSE_PRESENT
apple_1000115,@AppleSupport I’m continually getting the “Could Not Activate iPhone” message … any updates on when this will be working?,"CUSTOMER: @AppleSupport I’m continually getting the “Could Not Activate iPhone” message … any updates on when this will be working?
SUPPORT: @356778 Getting your new iPhone activated is a top priority. Let us know in DM which iPhone you're experiencing this issue with. https://t.co/GDrqU22YpT",@356778 Getting your new iPhone activated is a top priority. Let us know in DM which iPhone you're experiencing this issue with. https://t.co/GDrqU22YpT,2,1,1,SUPPORT_RESPONSE_PRESENT
apple_1000152,I have the same question Kristi for AT&amp;T. It sounds like it might be an Apple issue. @117735 @AppleSupport https://t.co/UHM3RWZvFK,"CUSTOMER: I have the same question Kristi for AT&amp;T. It sounds like it might be an Apple issue. @117735 @AppleSupport https://t.co/UHM3RWZvFK
SUPPORT: @356787 Hi Martin! Plry activating your device again. If the issue persist, try these steps and DM the result: https://t.co/ywHIZGN4Ac https://t.co/GDrqU22YpT
CUSTOMER: @AppleSupport @AppleSupport, link not helpful - Issue was getting the Zip, SS# AT&amp;T verification- Is that Apple's Servers or AT&amp;T? #transparency #iphoneX","@356787 Hi Martin! Plry activating your device again. If the issue persist, try these steps and DM the result: https://t.co/ywHIZGN4Ac https://t.co/GDrqU22YpT",3,2,1,SUPPORT_RESPONSE_PRESENT
apple_1000186,@115858 @AppleSupport  y’all need to fix this fr I️ shouldn’t be having this petty ass problem,"CUSTOMER: @115858 @AppleSupport  y’all need to fix this fr I️ shouldn’t be having this petty ass problem
SUPPORT: @356792 Thanks for reaching out to us for support. We would love to help you. Please DM us so that we can look into this together. https://t.co/GDrqU22YpT",@356792 Thanks for reaching out to us for support. We would love to help you. Please DM us so that we can look into this together. https://t.co/GDrqU22YpT,2,1,1,SUPPORT_RESPONSE_PRESENT
apple_1000205,@115858 is buggy. My dock is gone on iOS 11 #Appleisdoomed https://t.co/l3tFt7DaPc,"CUSTOMER: @115858 is buggy. My dock is gone on iOS 11 #Appleisdoomed https://t.co/l3tFt7DaPc
SUPPORT: @356794 We're here for you. Send us a DM, and we'll take a look at this issue together. https://t.co/GDrqU22YpT
CUSTOMER: @AppleSupport This thing happens frequently https://t.co/prS4nOiHSh
SUPPORT: @356794 We'd like to look into this further. Please DM us to continue working on this. https://t.co/GDrqU22YpT",@356794 We'd like to look into this further. Please DM us to continue working on this. https://t.co/GDrqU22YpT,4,2,2,SUPPORT_RESPONSE_PRESENT
apple_1000208,"Seriously @115858 I LITERALLY have trouble doing anything on my 12 month old MacBook Air, transferring files, that'll be two crashes....","CUSTOMER: Seriously @115858 I LITERALLY have trouble doing anything on my 12 month old MacBook Air, transferring files, that'll be two crashes....
SUPPORT: @356795 We'd love to help with your Mac. Can you DM us the exact version of macOS running? https://t.co/GDrqU22YpT",@356795 We'd love to help with your Mac. Can you DM us the exact version of macOS running? https://t.co/GDrqU22YpT,2,1,1,SUPPORT_RESPONSE_PRESENT
apple_1000210,@AppleSupport are y’all going to fix the “I.T” thing?,"CUSTOMER: @AppleSupport are y’all going to fix the “I.T” thing?
SUPPORT: @356796 Thanks for reaching out! So we can provide you with the best steps, DM us which device and iOS version you're using. https://t.co/GDrqU22YpT","@356796 Thanks for reaching out! So we can provide you with the best steps, DM us which device and iOS version you're using. https://t.co/GDrqU22YpT",2,1,1,SUPPORT_RESPONSE_PRESENT
apple_1000215,@AppleSupport Can you help with this?,"CUSTOMER: @AppleSupport Can you help with this?
SUPPORT: @356797 Yes, we can. Can you tell us which iOS version you are currently using please?
CUSTOMER: @AppleSupport 11.0.3
SUPPORT: @356797 Okay. Have you been having this issue since updating to iOS 11.0.3? DM us your response here: https://t.co/GDrqU22YpT",@356797 Okay. Have you been having this issue since updating to iOS 11.0.3? DM us your response here: https://t.co/GDrqU22YpT,4,2,2,SUPPORT_RESPONSE_PRESENT
apple_1000217,@AppleSupport my iPhone 7 isn't sending or receiving iMessages and I can't make or receive phone calls. Tried doing a reset multiple times,"CUSTOMER: @AppleSupport my iPhone 7 isn't sending or receiving iMessages and I can't make or receive phone calls. Tried doing a reset multiple times
SUPPORT: @356798 Thanks for reaching out today. We received your DM and we'll continue helping out from there.",@356798 Thanks for reaching out today. We received your DM and we'll continue helping out from there.,2,1,1,SUPPORT_RESPONSE_PRESENT
apple_1000219,@AppleSupport any way to check overall battery health of my iPhone 7?,"CUSTOMER: @AppleSupport any way to check overall battery health of my iPhone 7?
SUPPORT: @356799 We appreciate you reaching out!  We've received your DM and will continue with you there.",@356799 We appreciate you reaching out!  We've received your DM and will continue with you there.,2,1,1,SUPPORT_RESPONSE_PRESENT
apple_1000223,"Wth @115858, I've been clicking ""download &amp; install"" for almost a week now but the update doesn't want to start download. 🤔","CUSTOMER: Wth @115858, I've been clicking ""download &amp; install"" for almost a week now but the update doesn't want to start download. 🤔
SUPPORT: @356800 We'd be happy to help you get your apps updated. Have you tried another Wi-Fi network? Please DM us your device and version of OS: https://t.co/GDrqU22YpT
CUSTOMER: @AppleSupport Apps weren't a problem, System update was. I was able to download &amp; install the system update via iTunes just after I sent the tweet.
SUPPORT: @356800 Got it. Thanks for clarifying! We're glad that it's all worked out. If you need anything else, just let us know. Have a great day.","@356800 Got it. Thanks for clarifying! We're glad that it's all worked out. If you need anything else, just let us know. Have a great day.",4,2,2,SUPPORT_RESPONSE_PRESENT
apple_1000225,I need @115858 to fix this fucking issue 👉🏼 I️,"CUSTOMER: I need @115858 to fix this fucking issue 👉🏼 I️
SUPPORT: @356801 Let's help you get this addressed. Meet up with us in DM at the link below. Tell us your iOS version there please. https://t.co/GDrqU22YpT",@356801 Let's help you get this addressed. Meet up with us in DM at the link below. Tell us your iOS version there please. https://t.co/GDrqU22YpT,2,1,1,SUPPORT_RESPONSE_PRESENT
apple_1000229,@AppleSupport Please. Let the people in charge of the updates to fix the battery issue. Last two iOS updates worsen the battery life.,"CUSTOMER: @AppleSupport Please. Let the people in charge of the updates to fix the battery issue. Last two iOS updates worsen the battery life.
SUPPORT: @356802 We'd like to help. Send us a DM and we can start there. https://t.co/GDrqU22YpT",@356802 We'd like to help. Send us a DM and we can start there. https://t.co/GDrqU22YpT,2,1,1,SUPPORT_RESPONSE_PRESENT
apple_1000235,@AppleSupport updated my phone the other day and it keeps freezing so I have to restart it. Then it’s really slow. Sort it out.,"CUSTOMER: @AppleSupport updated my phone the other day and it keeps freezing so I have to restart it. Then it’s really slow. Sort it out.
SUPPORT: @356803 Thanks for reaching out to us. We want to help. What's your exact iOS version? Check here: https://t.co/ZTw54HL4Rm
CUSTOMER: @AppleSupport 11.0.3
SUPPORT: @356803 Glad to see you're up to date. Does the unresponsiveness happen when using certain apps, or system-wide?
CUSTOMER: @AppleSupport All apps. I’ve restarted my phone 6 times today. On twitter, Facebook, snapchat and messages etc
SUPPORT: @356803 Got it, thanks! So we can provide you with the next best options, reach out to us in DM and we'll continue from there. https://t.co/GDrqU22YpT","@356803 Got it, thanks! So we can provide you with the next best options, reach out to us in DM and we'll continue from there. https://t.co/GDrqU22YpT",6,3,3,SUPPORT_RESPONSE_PRESENT
apple_1001114,"@AppleSupport after updating to iOS 11.0.3, my iPhone 7 will randomly freeze on any app/screen. The buttons won’t even work","CUSTOMER: @AppleSupport after updating to iOS 11.0.3, my iPhone 7 will randomly freeze on any app/screen. The buttons won’t even work
SUPPORT: @357005 We'd like to look into appropriate options for your region. DM your current location. https://t.co/GDrqU22YpT
CUSTOMER: @357005 @AppleSupport Had that problem too, lemme know the remedy
SUPPORT: @566132 We'd be happy to take a look!  Let us know in DM what model iPhone and what country you're in and we'll go from there: https://t.co/GDrqU22YpT",@566132 We'd be happy to take a look!  Let us know in DM what model iPhone and what country you're in and we'll go from there: https://t.co/GDrqU22YpT,4,2,2,SUPPORT_RESPONSE_PRESENT
apple_1001117,"@AppleSupport 8,000 pictures lost and your help time can’t help.. 😡😡😡","CUSTOMER: @AppleSupport 8,000 pictures lost and your help time can’t help.. 😡😡😡
SUPPORT: @357006 We'd be happy to look into this with you! Which device are you using?",@357006 We'd be happy to look into this with you! Which device are you using?,2,1,1,SUPPORT_RESPONSE_PRESENT
apple_1001119,"The new iPhone update is a giant dumpster fire that will ruin your phone. It updated while I was sleeping, I didn’t ask for this 😤 @115858","CUSTOMER: The new iPhone update is a giant dumpster fire that will ruin your phone. It updated while I was sleeping, I didn’t ask for this 😤 @115858
SUPPORT: @357007 We want to help with any issues that you're having on your iPhone. Send us a DM, and we'll get started. https://t.co/GDrqU22YpT","@357007 We want to help with any issues that you're having on your iPhone. Send us a DM, and we'll get started. https://t.co/GDrqU22YpT",2,1,1,SUPPORT_RESPONSE_PRESENT
apple_1001123,@AppleSupport where is personal hotspot in iPhone 7? https://t.co/qh3l74Q2Sl,"CUSTOMER: @AppleSupport where is personal hotspot in iPhone 7? https://t.co/qh3l74Q2Sl
SUPPORT: @357008 Good question. We'd recommend checking with you carrier to make sure they support that feature: https://t.co/BpXde6g2r7
CUSTOMER: @AppleSupport Hotspot is related to carrier? Thats something new.
CUSTOMER: @AppleSupport My carrier BSNL allows hotspot. Please tell me what should I do now?
SUPPORT: @357008 DM the country or region where you are currently located to continue. https://t.co/GDrqU22YpT
CUSTOMER: @AppleSupport Pls check DM",@357008 DM the country or region where you are currently located to continue. https://t.co/GDrqU22YpT,6,4,2,SUPPORT_RESPONSE_PRESENT
apple_1001128,"@AppleSupport my mother received this phishing text message a few days ago. I assume you’re aware of the scam, but the website obviously needs to be stopped. https://t.co/u2pP8gTJ8I","CUSTOMER: @AppleSupport my mother received this phishing text message a few days ago. I assume you’re aware of the scam, but the website obviously needs to be stopped. https://t.co/u2pP8gTJ8I
SUPPORT: @357009 Thanks for bringing it to our attention. Take a look at this article for more info on reporting: https://t.co/LNMCdqt6fD
CUSTOMER: @AppleSupport Already been on there and couldn’t see how to report - that’s why I tweeted you. Cheers anyway lads 😘",@357009 Thanks for bringing it to our attention. Take a look at this article for more info on reporting: https://t.co/LNMCdqt6fD,3,2,1,SUPPORT_RESPONSE_PRESENT
apple_1001130,"@AppleSupport my iPhone 7 Plus doesn’t work properly with 11.0.3 😡😡. The speaker doesn’t work on calls, is non responsive &amp; screen locks!!","CUSTOMER: @AppleSupport my iPhone 7 Plus doesn’t work properly with 11.0.3 😡😡. The speaker doesn’t work on calls, is non responsive &amp; screen locks!!
SUPPORT: @357010 Thanks for reaching out. We're here to help. DM us so we can look into this further with you. https://t.co/GDrqU22YpT",@357010 Thanks for reaching out. We're here to help. DM us so we can look into this further with you. https://t.co/GDrqU22YpT,2,1,1,SUPPORT_RESPONSE_PRESENT
apple_1001132,@AppleSupport IOS update is a total disaster / phone freezing constantly .... battery draining faster than before.,"CUSTOMER: @AppleSupport IOS update is a total disaster / phone freezing constantly .... battery draining faster than before.
SUPPORT: @357011 We'd be happy to take a deeper look with you to get you up and running again. Please send us a DM. https://t.co/GDrqU22YpT",@357011 We'd be happy to take a deeper look with you to get you up and running again. Please send us a DM. https://t.co/GDrqU22YpT,2,1,1,SUPPORT_RESPONSE_PRESENT
apple_1001134,@115858 if my screen say poor connection does that mean my wifi is messed up or theres? cause i tired of having this argument erry night 😭💯,"CUSTOMER: @115858 if my screen say poor connection does that mean my wifi is messed up or theres? cause i tired of having this argument erry night 😭💯
SUPPORT: @357012 Thanks for reaching out. We're here to help. DM us so we can look into this further with you. https://t.co/GDrqU22YpT",@357012 Thanks for reaching out. We're here to help. DM us so we can look into this further with you. https://t.co/GDrqU22YpT,2,1,1,SUPPORT_RESPONSE_PRESENT
apple_1001136,Ojalá @115858 @AppleSupport saque una actualización donde la caga De celular pare de pegarse 😠,"CUSTOMER: Ojalá @115858 @AppleSupport saque una actualización donde la caga De celular pare de pegarse 😠
SUPPORT: @357013 We offer support via Twitter in English. Get help in Spanish here: https://t.co/IBIY3vMgPj or join https://t.co/OczyRx7IOs",@357013 We offer support via Twitter in English. Get help in Spanish here: https://t.co/IBIY3vMgPj or join https://t.co/OczyRx7IOs,2,1,1,SUPPORT_RESPONSE_PRESENT
apple_1001141,"@AppleSupport @115948  I preordered an entire album, it's out but my phone is only allowing me to listen to a few of the songs https://t.co/KAYWne4wZF","CUSTOMER: @AppleSupport @115948  I preordered an entire album, it's out but my phone is only allowing me to listen to a few of the songs https://t.co/KAYWne4wZF
SUPPORT: @357015 Thanks for reaching out!  We've received your DM and will continue with you there.",@357015 Thanks for reaching out!  We've received your DM and will continue with you there.,2,1,1,SUPPORT_RESPONSE_PRESENT
apple_1001145,@AppleSupport I can’t update or download any apps... when I go to download it just does that flashing circle thing.,"CUSTOMER: @AppleSupport I can’t update or download any apps... when I go to download it just does that flashing circle thing.
SUPPORT: @357016 Thanks for reaching out, we're happy to help. What version number of iOS are you on? Also, have you restarted your device?
CUSTOMER: @AppleSupport Turning it off worked thanks","@357016 Thanks for reaching out, we're happy to help. What version number of iOS are you on? Also, have you restarted your device?",3,2,1,SUPPORT_RESPONSE_PRESENT
apple_1001147,"These iOS updates have fucked my phone, never buying from @115858 again","CUSTOMER: These iOS updates have fucked my phone, never buying from @115858 again
SUPPORT: @357017 We'd like to know more about the issue you're experiencing. Join us in DM to get started: https://t.co/GDrqU22YpT",@357017 We'd like to know more about the issue you're experiencing. Join us in DM to get started: https://t.co/GDrqU22YpT,2,1,1,SUPPORT_RESPONSE_PRESENT
apple_1001152,Well ios11 is a swarm of bugs. I literally was stranded in a foreign country because my battery suddenly died. @AppleSupport,"CUSTOMER: Well ios11 is a swarm of bugs. I literally was stranded in a foreign country because my battery suddenly died. @AppleSupport
SUPPORT: @357018 We’d like to learn more about your experience. Please meet us in DM to continue. https://t.co/GDrqU22YpT
CUSTOMER: @AppleSupport The battery dies in seconds. I’ve contacted my company IT department and they stated it is a known 11.3 issue.
SUPPORT: @357018 Please send us a DM to continue. We’d like to learn more about your experience. https://t.co/GDrqU22YpT
CUSTOMER: @AppleSupport This is fine, like I said my IT Department is aware and they will take it from here. Very disappointed with Apple’s handling of this.",@357018 Please send us a DM to continue. We’d like to learn more about your experience. https://t.co/GDrqU22YpT,5,3,2,SUPPORT_RESPONSE_PRESENT
apple_1001160,"@AppleSupport Hi, Will 3rd party Bluetooth Ear Phones / Head Phones Works with Apple Watch ⌚️?","CUSTOMER: @AppleSupport Hi, Will 3rd party Bluetooth Ear Phones / Head Phones Works with Apple Watch ⌚️?
CUSTOMER: @AppleSupport Any Reply?
SUPPORT: @296334 Yes, you can use compatible third-party Bluetooth headphones with your Apple Watch. Read more here: https://t.co/HcGr7FXkSp
CUSTOMER: @AppleSupport Thanks
CUSTOMER: @AppleSupport Hi, there is one issue with my iphone 7 ios 11.0.3. I am not getting Whatsapp notifications. Why it so? Is it Whatsapp issue/ ios 11.0.3?
SUPPORT: @296334 Are you having this issue with this app only?
CUSTOMER: @AppleSupport Yes
SUPPORT: @296334 Okay. Join us in DM so we can better assist you: https://t.co/GDrqU22YpT",@296334 Okay. Join us in DM so we can better assist you: https://t.co/GDrqU22YpT,8,5,3,SUPPORT_RESPONSE_PRESENT
apple_1001166,@115858 this new phone software is making my phone slow and glitchy!  Not impressed!,"CUSTOMER: @115858 this new phone software is making my phone slow and glitchy!  Not impressed!
SUPPORT: @357019 We want your iPhone working great. We're happy to help. DM us your model iPhone,  iOS 11 version installed, &amp; we'll get started. https://t.co/GDrqU22YpT
CUSTOMER: @AppleSupport It’s iPhone 6+ and it’s the latest software update.  Thanks
SUPPORT: @357019 Great. Let's move on over to DM so we can take a deeper look into this with you. Join us here: https://t.co/GDrqU22YpT
CUSTOMER: @AppleSupport @357019 Older model iPhones have always slowed down with big software upgrades ! They design the upgrade based on the new models capabilities.
SUPPORT: @357020 We look forward to hearing about your experience in DM. We want to learn more about the changes you've seen there. https://t.co/GDrqU22YpT",@357020 We look forward to hearing about your experience in DM. We want to learn more about the changes you've seen there. https://t.co/GDrqU22YpT,6,3,3,SUPPORT_RESPONSE_PRESENT
apple_1001168,Sull’iPhone avevo più di 8gb di “altro” e l’unico modo per eliminarlo è backup+ripristino. @115858 vogliamo fare qualcosa a riguardo?,"CUSTOMER: Sull’iPhone avevo più di 8gb di “altro” e l’unico modo per eliminarlo è backup+ripristino. @115858 vogliamo fare qualcosa a riguardo?
SUPPORT: @357021 We offer support via Twitter in English. Contact us for help in your preferred language here: https://t.co/IBIY3vMgPj",@357021 We offer support via Twitter in English. Contact us for help in your preferred language here: https://t.co/IBIY3vMgPj,2,1,1,SUPPORT_RESPONSE_PRESENT
apple_1001171,"@AppleSupport ios 11.0.3 tons of bugs on my iphone 5s, battery drains while charging, no clock or date on lock screen, visual artifacts","CUSTOMER: @AppleSupport ios 11.0.3 tons of bugs on my iphone 5s, battery drains while charging, no clock or date on lock screen, visual artifacts
SUPPORT: @357023 Thanks for reaching out. We're here to help. DM us so we can look into this further with you. https://t.co/GDrqU22YpT",@357023 Thanks for reaching out. We're here to help. DM us so we can look into this further with you. https://t.co/GDrqU22YpT,2,1,1,SUPPORT_RESPONSE_PRESENT
apple_1001174,@188 app is constantly crashing on #iOS11 @AppleSupport @115858 Haptic feedback is still not working even in 11.0.3 on my 7Plus #apple,"CUSTOMER: @188 app is constantly crashing on #iOS11 @AppleSupport @115858 Haptic feedback is still not working even in 11.0.3 on my 7Plus #apple
SUPPORT: @357024 Let us help you get this sorted out. Join us in DM so we may better assist you: https://t.co/GDrqU22YpT
CUSTOMER: @AppleSupport I have already send my diagnosis reports in past but nothing seems to working with this iOS 11.0.3 update. Each day 7Plus getting slower",@357024 Let us help you get this sorted out. Join us in DM so we may better assist you: https://t.co/GDrqU22YpT,3,2,1,SUPPORT_RESPONSE_PRESENT
apple_1001176,"@115858 @118721  as u can tell I feel very burned!   I’m shocked!  I expected better from y’all !  WTH so upset, going to tell everyone!","CUSTOMER: @115858 @118721  as u can tell I feel very burned!   I’m shocked!  I expected better from y’all !  WTH so upset, going to tell everyone!
SUPPORT: @357025 We're here to help. DM us more information: https://t.co/GDrqU22YpT",@357025 We're here to help. DM us more information: https://t.co/GDrqU22YpT,2,1,1,SUPPORT_RESPONSE_PRESENT
apple_1001178,"So the new #ios update has not been pleasant for me, FFS! ugh!!!!  @115858 #iphone7plus #iphone","CUSTOMER: So the new #ios update has not been pleasant for me, FFS! ugh!!!!  @115858 #iphone7plus #iphone
SUPPORT: @357026 We've got your back! What kind of issues are you having with the update on your iPhone?",@357026 We've got your back! What kind of issues are you having with the update on your iPhone?,2,1,1,SUPPORT_RESPONSE_PRESENT
apple_1001180,@AppleSupport enfia no cu essa atualização maldita que fica ligando o Wi-Fi sozinho,"CUSTOMER: @AppleSupport enfia no cu essa atualização maldita que fica ligando o Wi-Fi sozinho
SUPPORT: @357027 Since our Twitter support is available in English, get help at https://t.co/IBIY3vMgPj or join https://t.co/pvaOFfPbjt","@357027 Since our Twitter support is available in English, get help at https://t.co/IBIY3vMgPj or join https://t.co/pvaOFfPbjt",2,1,1,SUPPORT_RESPONSE_PRESENT
apple_1001189,@115858 why am I unable to use fingerprint access after the latest update,"CUSTOMER: @115858 why am I unable to use fingerprint access after the latest update
SUPPORT: @357029 You should be able to! Let's work on that. Try the steps in the article and DM us if the issue continues: https://t.co/vP1pBZhZw1 https://t.co/GDrqU22YpT
CUSTOMER: @AppleSupport @357029 Battery draining fast on ios 11.0.3 6s plus. Please apple signed ios 10.3.3 so that i can go back.
CUSTOMER: @AppleSupport @357029 Ever since the new update its FUCKED my phone. Constantly freezing. Who do i get in touch with cause its ridiculous!!!!!
SUPPORT: @357028 Hello. We'd like to help. DM us and we can take a closer look there. https://t.co/GDrqU22YpT
CUSTOMER: @AppleSupport I want to go back to ios 10.3.3 as I am facing battery and lag issue on my 6s plus
SUPPORT: @357028 We're happy to take a closer look at your issues in DM. You can use the following link to meet us there. https://t.co/GDrqU22YpT
CUSTOMER: @AppleSupport What should I do?
SUPPORT: @357028 We'd be happy to look into your battery concerns with you. Send us a DM using the link below and we'll go from there. https://t.co/GDrqU22YpT",@357028 We'd be happy to look into your battery concerns with you. Send us a DM using the link below and we'll go from there. https://t.co/GDrqU22YpT,9,5,4,SUPPORT_RESPONSE_PRESENT
apple_1001191,I thought we was going to have Apple Pay in iMessages 🤔🤔🤔 @AppleSupport Explain... https://t.co/SPPDhjPG7d,"CUSTOMER: I thought we was going to have Apple Pay in iMessages 🤔🤔🤔 @AppleSupport Explain... https://t.co/SPPDhjPG7d
SUPPORT: @354155 Thanks for reaching out. We encourage you to encourage you to stay up to date and check this out:  https://t.co/uHrOd2X7XG",@354155 Thanks for reaching out. We encourage you to encourage you to stay up to date and check this out:  https://t.co/uHrOd2X7XG,2,1,1,SUPPORT_RESPONSE_PRESENT
apple_1001221,"@AppleSupport I close my MacBook Pro at night,but I found that it would automatically shut down. What happened?","CUSTOMER: @AppleSupport I close my MacBook Pro at night,but I found that it would automatically shut down. What happened?
SUPPORT: @357035 We'd like to take a closer look at what's going on. DM us with your current macOS version to get started. https://t.co/GDrqU22YpT",@357035 We'd like to take a closer look at what's going on. DM us with your current macOS version to get started. https://t.co/GDrqU22YpT,2,1,1,SUPPORT_RESPONSE_PRESENT
apple_1001225,@AppleSupport Bluetooth suddenly turns off automatically while streaming on wireless speaker on iPhone 8 plus. Happens several time.,"CUSTOMER: @AppleSupport Bluetooth suddenly turns off automatically while streaming on wireless speaker on iPhone 8 plus. Happens several time.
SUPPORT: @357036 We want to ensure you're able to stay connected to Bluetooth. What iOS version is your iPhone on?
CUSTOMER: @AppleSupport iOS 11.0.3
CUSTOMER: @AppleSupport And it is only one week old phone
SUPPORT: @357036 When this occurs, is Bluetooth completely turning off on either device or is it just disconnecting?
CUSTOMER: @AppleSupport On iPhone Bluetooth turns off and immediately turns on automatically and try’s to reconnect with speaker.
CUSTOMER: @AppleSupport Before this Bluetooth connection starts to flicker
SUPPORT: @357036 Let's go ahead and continue over in Direct Message and we'll look further into Bluetooth with you. https://t.co/GDrqU22YpT",@357036 Let's go ahead and continue over in Direct Message and we'll look further into Bluetooth with you. https://t.co/GDrqU22YpT,8,5,3,SUPPORT_RESPONSE_PRESENT
apple_1001234,@43936 @115858 Ever since the update my phone can't even last the whole day with one charge. Ticks me right off.,"CUSTOMER: @43936 @115858 Ever since the update my phone can't even last the whole day with one charge. Ticks me right off.
SUPPORT: @357037 This is not the experience we want you to have. Which iPhone model do you own?
CUSTOMER: @AppleSupport I have the iPhone 6s +
SUPPORT: @357037 To confirm, are you currently running the latest version of iOS 11, 11.0.3? Let us know via DM. We'll go from there. https://t.co/GDrqU22YpT","@357037 To confirm, are you currently running the latest version of iOS 11, 11.0.3? Let us know via DM. We'll go from there. https://t.co/GDrqU22YpT",4,2,2,SUPPORT_RESPONSE_PRESENT
apple_1001260,"@115858 dude, you guys have to fix these god damn bug issues! Cmon Man!","CUSTOMER: @115858 dude, you guys have to fix these god damn bug issues! Cmon Man!
SUPPORT: @357043 We're here to assist. What's happening with your device(s)? Tell us in a DM. https://t.co/GDrqU22YpT",@357043 We're here to assist. What's happening with your device(s)? Tell us in a DM. https://t.co/GDrqU22YpT,2,1,1,SUPPORT_RESPONSE_PRESENT
apple_1001985,"I really appreciate how @115858 forced my old phone to update iOS so that it can run slower, crash more &amp; eventually die. Thanks a ton!😆🔫","CUSTOMER: I really appreciate how @115858 forced my old phone to update iOS so that it can run slower, crash more &amp; eventually die. Thanks a ton!😆🔫
CUSTOMER: @357182 @115858 Same. And Android is looking better and better. My battery runs down so FAST since that damn update.
SUPPORT: @560358 We'd like to help with the battery issues you're experiencing. DM us with what type of device you're using. https://t.co/GDrqU22YpT
CUSTOMER: @357182 @115858 I feel your pain. New update is destroying my battery.
SUPPORT: @357181 We'd be happy to help. Send us a DM and we can start there. https://t.co/GDrqU22YpT",@357181 We'd be happy to help. Send us a DM and we can start there. https://t.co/GDrqU22YpT,5,3,2,SUPPORT_RESPONSE_PRESENT
apple_1001988,"@AppleSupport Since I've updated my iPhone 7,it freezes all the time for severest minutes,the screen turns all black,it reboots without me asking for it,battery turns low super fast n apps close by themselves,and when I have a phone call I can't hear anything. iOS 11 = nightmare","CUSTOMER: @AppleSupport Since I've updated my iPhone 7,it freezes all the time for severest minutes,the screen turns all black,it reboots without me asking for it,battery turns low super fast n apps close by themselves,and when I have a phone call I can't hear anything. iOS 11 = nightmare
SUPPORT: @357183 We'd love to help you sort out the problems that your iPhone's having. Please send us a DM with which version of iOS 11 you're using. https://t.co/GDrqU22YpT",@357183 We'd love to help you sort out the problems that your iPhone's having. Please send us a DM with which version of iOS 11 you're using. https://t.co/GDrqU22YpT,2,1,1,SUPPORT_RESPONSE_PRESENT
apple_1001990,"@AppleSupport pushed 11.0.3 update. Battery drains 1% a minute when typing. WiFi issues, WhatsApp working funny, touch non responsive.","CUSTOMER: @AppleSupport pushed 11.0.3 update. Battery drains 1% a minute when typing. WiFi issues, WhatsApp working funny, touch non responsive.
SUPPORT: @357184 We'd loved to help with your device. Can you DM us the model we are working with? https://t.co/GDrqU22YpT",@357184 We'd loved to help with your device. Can you DM us the model we are working with? https://t.co/GDrqU22YpT,2,1,1,SUPPORT_RESPONSE_PRESENT
apple_1001992,@AppleSupport string substitution not quite working https://t.co/JqZB3GLLUF,"CUSTOMER: @AppleSupport string substitution not quite working https://t.co/JqZB3GLLUF
SUPPORT: @357185 Let's take a look at this together. Please send us a DM so we may better assist you. https://t.co/GDrqU22YpT",@357185 Let's take a look at this together. Please send us a DM so we may better assist you. https://t.co/GDrqU22YpT,2,1,1,SUPPORT_RESPONSE_PRESENT
apple_1001998,Why is my new @115858 tv 4K endlessly “loading”  when selecting the 4K hdr section of iTunes?rebooted from settings many times @AppleSupport,"CUSTOMER: Why is my new @115858 tv 4K endlessly “loading”  when selecting the 4K hdr section of iTunes?rebooted from settings many times @AppleSupport
CUSTOMER: @115858 @AppleSupport never mind. It resolved itself after about 20 mins
SUPPORT: @357186 We're glad the issue has been resolved. Let us know if the issue comes back. We're here to help.",@357186 We're glad the issue has been resolved. Let us know if the issue comes back. We're here to help.,3,2,1,SUPPORT_RESPONSE_PRESENT
apple_1002000,Anyone experience nothin but issues with #iPhone6 since @115858 @AppleSupport did their stupid updates for the iPhone 7? My phone is F*****!😡,"CUSTOMER: Anyone experience nothin but issues with #iPhone6 since @115858 @AppleSupport did their stupid updates for the iPhone 7? My phone is F*****!😡
SUPPORT: @357187 We’re here to address your concerns. Let's team up in Direct Message using the link below. https://t.co/GDrqU22YpT
CUSTOMER: @357187 @115858 @AppleSupport I second that @357187 ! The issues in my iPhone 6 have just been increasing day by day 🤦‍♂️! Thought I would be able to use for a year
SUPPORT: @358818 We've got your DM and will continue with you there! Thanks so much. https://t.co/GDrqU22YpT",@358818 We've got your DM and will continue with you there! Thanks so much. https://t.co/GDrqU22YpT,4,2,2,SUPPORT_RESPONSE_PRESENT
apple_1002003,"the only thing @115858 makes that ""doesn't break"" https://t.co/KC8tBDKWfy","CUSTOMER: the only thing @115858 makes that ""doesn't break"" https://t.co/KC8tBDKWfy
SUPPORT: @357188 We'd like to look into this with you. DM us what's happened to get started. https://t.co/GDrqU22YpT",@357188 We'd like to look into this with you. DM us what's happened to get started. https://t.co/GDrqU22YpT,2,1,1,SUPPORT_RESPONSE_PRESENT
apple_1002005,"@115858 @AppleSupport Sigo sin ver los beneficios del nuevo IOS... batería se descarga el doble, apps se cuelgan y wifi no funciona bien","CUSTOMER: @115858 @AppleSupport Sigo sin ver los beneficios del nuevo IOS... batería se descarga el doble, apps se cuelgan y wifi no funciona bien
SUPPORT: @357189 We offer support via Twitter in English. Get help in Spanish here: https://t.co/IBIY3vMgPj or join https://t.co/OczyRx7IOs",@357189 We offer support via Twitter in English. Get help in Spanish here: https://t.co/IBIY3vMgPj or join https://t.co/OczyRx7IOs,2,1,1,SUPPORT_RESPONSE_PRESENT
apple_1002008,Anyone here work for @115858 ? I need your help,"CUSTOMER: Anyone here work for @115858 ? I need your help
SUPPORT: @357190 Hey there! We'd be delighted to help out. What can we do for you?",@357190 Hey there! We'd be delighted to help out. What can we do for you?,2,1,1,SUPPORT_RESPONSE_PRESENT
apple_1002020,@AppleSupport stop making me download the iOS update! I don't want to upgrade and it's clogging up my phone! Have to erase it every time :-(,"CUSTOMER: @AppleSupport stop making me download the iOS update! I don't want to upgrade and it's clogging up my phone! Have to erase it every time :-(
SUPPORT: @357194 We'd like to help any way we can over Twitter with the iOS update. Please DM us more details here: https://t.co/GDrqU22YpT",@357194 We'd like to help any way we can over Twitter with the iOS update. Please DM us more details here: https://t.co/GDrqU22YpT,2,1,1,SUPPORT_RESPONSE_PRESENT
apple_1002023,@AppleSupport this screen freezing in the horizontal is absolutely unacceptable. Please see the MANY complaints on this.,"CUSTOMER: @AppleSupport this screen freezing in the horizontal is absolutely unacceptable. Please see the MANY complaints on this.
SUPPORT: @357195 This is certainly not the behavior we want you to experience. Could you tell us which Apple device you're using?
CUSTOMER: @AppleSupport iPhone 7+
SUPPORT: @357195 Great! Thank you for keeping us updated. Are you currently updated to iOS 11.0.3.?
CUSTOMER: @AppleSupport Yes. This is when the freeze began. Post current update. No issues prior. Have seen similar tweet complaints.
SUPPORT: @357195 Is your iPhone unresponsive when using any particular apps, or is it at random? Let us know more in DM, please. https://t.co/GDrqU22YpT","@357195 Is your iPhone unresponsive when using any particular apps, or is it at random? Let us know more in DM, please. https://t.co/GDrqU22YpT",6,3,3,SUPPORT_RESPONSE_PRESENT
apple_1002029,@115858 @AppleSupport since last update my iPhone 6s Plus touch if buttom stopped working iPhone also unresponsive keyboard all messed up,"CUSTOMER: @115858 @AppleSupport since last update my iPhone 6s Plus touch if buttom stopped working iPhone also unresponsive keyboard all messed up
SUPPORT: @357196 Thanks for contacting us, we can help you. Which iOS version is installed? https://t.co/ZTw54HL4Rm
CUSTOMER: @AppleSupport iOS 11.0.3
SUPPORT: @357196 Got it. Let's try a restart. This article will help with the steps: https://t.co/OWRDHWSt4h",@357196 Got it. Let's try a restart. This article will help with the steps: https://t.co/OWRDHWSt4h,4,2,2,SUPPORT_RESPONSE_PRESENT
apple_1002038,My #iphone6 cannot stay charged since I updated it. Is this a way to force me to upgrade? @6126 @115858 @AppleSupport,"CUSTOMER: My #iphone6 cannot stay charged since I updated it. Is this a way to force me to upgrade? @6126 @115858 @AppleSupport
SUPPORT: @150888 we want you to have a good experience with the update. Please send us a DM so we may better assist you. https://t.co/GDrqU22YpT",@150888 we want you to have a good experience with the update. Please send us a DM so we may better assist you. https://t.co/GDrqU22YpT,2,1,1,SUPPORT_RESPONSE_PRESENT
apple_1002040,@AppleSupport please fix this battery issue. Ridiculous!,"CUSTOMER: @AppleSupport please fix this battery issue. Ridiculous!
SUPPORT: @357198 Thanks for reaching out to us. Please send us a DM with details about your issue. https://t.co/GDrqU22YpT",@357198 Thanks for reaching out to us. Please send us a DM with details about your issue. https://t.co/GDrqU22YpT,2,1,1,SUPPORT_RESPONSE_PRESENT
apple_1002042,"The adapter stopped working. I know it’s not the earbuds, they work just fine with my iPad. All I hear is static using the adapter @115858 https://t.co/oYxQ5aKMWB","CUSTOMER: The adapter stopped working. I know it’s not the earbuds, they work just fine with my iPad. All I hear is static using the adapter @115858 https://t.co/oYxQ5aKMWB
SUPPORT: @357199 We can help! Have you tested the adapater with any other devices? Let us know in DM. https://t.co/GDrqU22YpT",@357199 We can help! Have you tested the adapater with any other devices? Let us know in DM. https://t.co/GDrqU22YpT,2,1,1,SUPPORT_RESPONSE_PRESENT
apple_1002047,@AppleSupport Why is my battery so bad on my 7 after downloading 11 last night. Now I have low power mode on all day. Utterly unacceptable!,"CUSTOMER: @AppleSupport Why is my battery so bad on my 7 after downloading 11 last night. Now I have low power mode on all day. Utterly unacceptable!
SUPPORT: @357201 We've received your DM and look forward to working with you there.
CUSTOMER: @357201 @AppleSupport Same on the 6😡😡😡😡
SUPPORT: @358325 We'd be happy to look into this with you. Send us a DM, and we'll continue from there. https://t.co/GDrqU22YpT
CUSTOMER: @AppleSupport @357201 Haha, @357201 gets a reply while most of the #apple customers have to help themselves. disgusting. #fail","@358325 We'd be happy to look into this with you. Send us a DM, and we'll continue from there. https://t.co/GDrqU22YpT",5,3,2,SUPPORT_RESPONSE_PRESENT
apple_1002059,"@AppleSupport is there a way to see in my #applewatch my 5K, 10K, half marathon time after running a 25K race? I cannot find an easy way https://t.co/V6osJ7esDo","CUSTOMER: @AppleSupport is there a way to see in my #applewatch my 5K, 10K, half marathon time after running a 25K race? I cannot find an easy way https://t.co/V6osJ7esDo
SUPPORT: @357203 Thanks for reaching out. Is this what your looking for? https://t.co/ik0A8dg7Jt
CUSTOMER: @AppleSupport Nope, I want to know my pace and time when I hit 5K, 10K, and half. How can I see that without having to add the time per mile?
SUPPORT: @357203 Let's take this to DM so we can better assist you. https://t.co/GDrqU22YpT",@357203 Let's take this to DM so we can better assist you. https://t.co/GDrqU22YpT,4,2,2,SUPPORT_RESPONSE_PRESENT
apple_1002063,@AppleSupport Help me! iMac is always switching between 35-36 minutes when loading High Sierra https://t.co/wx0dTa2zCk,"CUSTOMER: @AppleSupport Help me! iMac is always switching between 35-36 minutes when loading High Sierra https://t.co/wx0dTa2zCk
CUSTOMER: @AppleSupport Noe it is loading
SUPPORT: @357204 We'd like to look into this further. DM us here so we can assist you: https://t.co/GDrqU2kzhr",@357204 We'd like to look into this further. DM us here so we can assist you: https://t.co/GDrqU2kzhr,3,2,1,SUPPORT_RESPONSE_PRESENT
apple_1002228,So my iPhone is once again back in Headphone mode for absolutely no fucking reason. Thanks @115858.,"CUSTOMER: So my iPhone is once again back in Headphone mode for absolutely no fucking reason. Thanks @115858.
SUPPORT: @357239 You'll find the steps you need here: https://t.co/MevoR4xPNn",@357239 You'll find the steps you need here: https://t.co/MevoR4xPNn,2,1,1,SUPPORT_RESPONSE_PRESENT
apple_1002231,@115858 your new update for the iPhone is killing my battery- 66% and I’ve hardly used it this morning,"CUSTOMER: @115858 your new update for the iPhone is killing my battery- 66% and I’ve hardly used it this morning
SUPPORT: @357241 That should not be happening. Let us help. Let us know which iPhone it is and your iOS version via DM. https://t.co/GDrqU22YpT",@357241 That should not be happening. Let us help. Let us know which iPhone it is and your iOS version via DM. https://t.co/GDrqU22YpT,2,1,1,SUPPORT_RESPONSE_PRESENT
apple_1002233,"since updating to iOS 11, my iPhone adjusts the brightness automatically which I don’t want. Please tell me how to stop this @AppleSupport","CUSTOMER: since updating to iOS 11, my iPhone adjusts the brightness automatically which I don’t want. Please tell me how to stop this @AppleSupport
SUPPORT: @357242 We can help. You'll find it here. Settings &gt; General &gt; Accessibility &gt; Display Accommodations &gt; Auto-Brightness",@357242 We can help. You'll find it here. Settings &gt; General &gt; Accessibility &gt; Display Accommodations &gt; Auto-Brightness,2,1,1,SUPPORT_RESPONSE_PRESENT
apple_1002237,"Klopt, ook last van @applesupport https://t.co/h2NZf5gmJU","CUSTOMER: Klopt, ook last van @applesupport https://t.co/h2NZf5gmJU
CUSTOMER: @357244 @AppleSupport En de batterij loopt met 10% per uur leeg!
CUSTOMER: @357243 @357244 @AppleSupport Ik heb de helft van mijn apps stil moeten zetten, dus krijg nu geen meldingen omdat de batterij zo snel leegloopt.
SUPPORT: @253475 We offer support via Twitter in English. Contact us for help in your preferred language here: https://t.co/IBIY3vMgPj",@253475 We offer support via Twitter in English. Contact us for help in your preferred language here: https://t.co/IBIY3vMgPj,4,3,1,SUPPORT_RESPONSE_PRESENT
apple_1002245,@AppleSupport my battery is dying. Because of IOS 11.0.3. Please solve this problem.,"CUSTOMER: @AppleSupport my battery is dying. Because of IOS 11.0.3. Please solve this problem.
SUPPORT: @357245 We can help get this sorted out for you. Let's continue in DM. https://t.co/GDrqU22YpT",@357245 We can help get this sorted out for you. Let's continue in DM. https://t.co/GDrqU22YpT,2,1,1,SUPPORT_RESPONSE_PRESENT
apple_1002248,@115858 @116333  @AppleSupport  What the hell is this ?? https://t.co/GwU6mHVNiS,"CUSTOMER: @115858 @116333  @AppleSupport  What the hell is this ?? https://t.co/GwU6mHVNiS
SUPPORT: @357246 We want to help.  Have you tried restarting your device and checking again?  Here’s how:  https://t.co/OWRDHWSt4h
CUSTOMER: @AppleSupport Ya it worked . But I couldn’t figure out why did it happend ? Reason ?",@357246 We want to help.  Have you tried restarting your device and checking again?  Here’s how:  https://t.co/OWRDHWSt4h,3,2,1,SUPPORT_RESPONSE_PRESENT
apple_1002254,@AppleSupport what does this message mean and how do I fix it? :( https://t.co/GNt1oNBn4R,"CUSTOMER: @AppleSupport what does this message mean and how do I fix it? :( https://t.co/GNt1oNBn4R
CUSTOMER: @AppleSupport I don’t understand why it won’t let me send iMessages 😭😭😭
SUPPORT: @357247 You came to the right place. Let's get you back to sending messages. Is this a new iPhone you are activating iMessage on?
CUSTOMER: @AppleSupport No I’ve had it over a year, just randomly stopped sending iMessages and when I went to settings I saw that message
CUSTOMER: @AppleSupport Please help me out it’s driving me nuts
SUPPORT: @357247 We'll do everything we can to get Messages working again. Have you recently changed your mobile plan? Let us know in DM. https://t.co/GDrqU22YpT",@357247 We'll do everything we can to get Messages working again. Have you recently changed your mobile plan? Let us know in DM. https://t.co/GDrqU22YpT,6,4,2,SUPPORT_RESPONSE_PRESENT
apple_1002258,"@AppleSupport When I screen record and edit the video in iMovie, the sound goes missing. The microphone is turned on, and I can hear it when played inside the photo library. But not in imovie. Any fix?","CUSTOMER: @AppleSupport When I screen record and edit the video in iMovie, the sound goes missing. The microphone is turned on, and I can hear it when played inside the photo library. But not in imovie. Any fix?
SUPPORT: @357248 Thanks for reaching out to us. For the best assistance please reach out to our iMovie experts here: https://t.co/IBIY3vMgPj",@357248 Thanks for reaching out to us. For the best assistance please reach out to our iMovie experts here: https://t.co/IBIY3vMgPj,2,1,1,SUPPORT_RESPONSE_PRESENT
apple_1002260,Users. 11.0.3 is a disaster! Avoid. Freezing. No battery life. Complete catastrophe. How can @115858 have got it SOOOO wrong?,"CUSTOMER: Users. 11.0.3 is a disaster! Avoid. Freezing. No battery life. Complete catastrophe. How can @115858 have got it SOOOO wrong?
SUPPORT: @357249 We want to help. Tell us which device this is happening on via DM. https://t.co/GDrqU22YpT",@357249 We want to help. Tell us which device this is happening on via DM. https://t.co/GDrqU22YpT,2,1,1,SUPPORT_RESPONSE_PRESENT
apple_1002263,Telefonum resmen Çin malından beter oldu şunu düzeltecek ya birSürüm yapın yada eski İos10’a geri dönmemize izin verin @AppleSupport @115858,"CUSTOMER: Telefonum resmen Çin malından beter oldu şunu düzeltecek ya birSürüm yapın yada eski İos10’a geri dönmemize izin verin @AppleSupport @115858
SUPPORT: @357250 We offer support via Twitter in English. Contact an Advisor for help in your preferred language here: https://t.co/IBIY3vMgPj
CUSTOMER: @AppleSupport My phone is officially worse than Chinese property, or will you fix it or let me go back to old Ios10 @AppleSupport @115858",@357250 We offer support via Twitter in English. Contact an Advisor for help in your preferred language here: https://t.co/IBIY3vMgPj,3,2,1,SUPPORT_RESPONSE_PRESENT
apple_1002265,@AppleSupport thanks ios11 for making my iPhone 7 a brick. Now I have to pay $319 to repair a problem Apple created. #bootloop #ios11,"CUSTOMER: @AppleSupport thanks ios11 for making my iPhone 7 a brick. Now I have to pay $319 to repair a problem Apple created. #bootloop #ios11
SUPPORT: @357251 That's not the experience we expect you to have. DM us more about what's going on and we'll see how we can help.",@357251 That's not the experience we expect you to have. DM us more about what's going on and we'll see how we can help.,2,1,1,SUPPORT_RESPONSE_PRESENT
apple_1002268,@AppleSupport Help pls - updated Podcasts app v3.0 (1175.223) &amp; now won’t auto play next available ep. Can I change settings to fix?,"CUSTOMER: @AppleSupport Help pls - updated Podcasts app v3.0 (1175.223) &amp; now won’t auto play next available ep. Can I change settings to fix?
SUPPORT: @306872 We’d be happy to help. Which device and version of iOS are you using? Please be sure to restart your device.
CUSTOMER: @AppleSupport Thanks. I’ve restarted but still not auto playing next ep. iOS 11.0.3; device iPhone 7
SUPPORT: @306872 Does this happen with all Podcasts, or only some? Let us know in DM to continue. https://t.co/GDrqU22YpT","@306872 Does this happen with all Podcasts, or only some? Let us know in DM to continue. https://t.co/GDrqU22YpT",4,2,2,SUPPORT_RESPONSE_PRESENT
apple_1002272,"@AppleSupport if I restore a previous itunes backup onto a new device, will all my apps be automatically logged in?","CUSTOMER: @AppleSupport if I restore a previous itunes backup onto a new device, will all my apps be automatically logged in?
SUPPORT: @357252 As each app behaves differently, we're going to ask you reach out to the app developers for app related questions.
CUSTOMER: @AppleSupport Ok thanks
SUPPORT: @357252 You're welcome! Feel free to reach back out if you have any other questions.",@357252 You're welcome! Feel free to reach back out if you have any other questions.,4,2,2,SUPPORT_RESPONSE_PRESENT
apple_1002275,"@AppleSupport do you have a store in Kuala Lumpur? If so, can you give me the address please.","CUSTOMER: @AppleSupport do you have a store in Kuala Lumpur? If so, can you give me the address please.
SUPPORT: @357253 Great question! You can use the following link to help find the locations nearest to you: https://t.co/PruGCHO1ib",@357253 Great question! You can use the following link to help find the locations nearest to you: https://t.co/PruGCHO1ib,2,1,1,SUPPORT_RESPONSE_PRESENT
apple_1002280,Help! iPad just been updated by Apple and can no longer add photo’s to Tweetes?  I also seem to have lots more letters but at what cost!!,"CUSTOMER: Help! iPad just been updated by Apple and can no longer add photo’s to Tweetes?  I also seem to have lots more letters but at what cost!!
CUSTOMER: @357254 Contact @115858 Support on Twitter. They've helped me when my IPad, an old IPad 2, had issues. Good luck, Jenifer!
CUSTOMER: @357255 @115858 I now find that I cannot produce the multiple layout pictures in Instagram as normal at all! I will try to find out about this with @115858 2
CUSTOMER: @357255 @115858 After sending this Tweet I had a message asking if I would allow Instagram layout to access my photos! Why do they  waste our time like this
SUPPORT: @357254 We wanted to check in and make sure everything has been resolved.",@357254 We wanted to check in and make sure everything has been resolved.,5,4,1,SUPPORT_RESPONSE_PRESENT
apple_1002282,"@AppleSupport ios 11 ile beraber kamerada live fotolar kendiliğinden açılıyor, uçak modundan yeniden aktive ettiğimizde bluetooth açık kalıy","CUSTOMER: @AppleSupport ios 11 ile beraber kamerada live fotolar kendiliğinden açılıyor, uçak modundan yeniden aktive ettiğimizde bluetooth açık kalıy
SUPPORT: @357256 We offer support via Twitter in English. Contact us for help in your preferred language here: https://t.co/IBIY3vMgPj",@357256 We offer support via Twitter in English. Contact us for help in your preferred language here: https://t.co/IBIY3vMgPj,2,1,1,SUPPORT_RESPONSE_PRESENT
apple_1002286,Anyone else disliking their phone after updating it? All that zooming around - unnecessary!😡 Makes me feel sick!🤢 Thanks for nothing @115858,"CUSTOMER: Anyone else disliking their phone after updating it? All that zooming around - unnecessary!😡 Makes me feel sick!🤢 Thanks for nothing @115858
SUPPORT: @357257 That's not the experience we want you to have. Can you tell us a bit more about what's going on?
CUSTOMER: @AppleSupport Thanks for responding - I’m just feeling my age! 😊
CUSTOMER: @AppleSupport If I had to feedback... I don’t like getting updates &amp; then having to reset all my settings because they’ve changed to new format/operation",@357257 That's not the experience we want you to have. Can you tell us a bit more about what's going on?,4,3,1,SUPPORT_RESPONSE_PRESENT
apple_1002288,@AppleSupport Dear iphone. I would like to help my old friend. She lost her phone but when she found it. The phone was locked. Any help?,"CUSTOMER: @AppleSupport Dear iphone. I would like to help my old friend. She lost her phone but when she found it. The phone was locked. Any help?
SUPPORT: @357258 We'd be happy to help.  Is the iPhone locked with an unknown passcode?  Or locked with an iCloud email account that isn't hers?",@357258 We'd be happy to help.  Is the iPhone locked with an unknown passcode?  Or locked with an iCloud email account that isn't hers?,2,1,1,SUPPORT_RESPONSE_PRESENT
apple_1002290,@115858 after I updated the  software to IOs 11.0.3 for my iPhone 6s Plus I found many of the keynotes presentations are not responding WHY ?,"CUSTOMER: @115858 after I updated the  software to IOs 11.0.3 for my iPhone 6s Plus I found many of the keynotes presentations are not responding WHY ?
SUPPORT: @357259 We'd be happy to see how we can help. What happens when you try to open those presentations?",@357259 We'd be happy to see how we can help. What happens when you try to open those presentations?,2,1,1,SUPPORT_RESPONSE_PRESENT
apple_1002292,@AppleSupport my phone is very glitchy today :( is there an update coming out soon again??,"CUSTOMER: @AppleSupport my phone is very glitchy today :( is there an update coming out soon again??
SUPPORT: @357260 We're here for you. DM us the details of the issues you're experiencing, and we'll continue from there. https://t.co/GDrqU22YpT","@357260 We're here for you. DM us the details of the issues you're experiencing, and we'll continue from there. https://t.co/GDrqU22YpT",2,1,1,SUPPORT_RESPONSE_PRESENT
apple_1002296,"Hi @AppleSupport why does the auto timed lock work on iPhone 8+ running 10.0.3   It's enabled to 30s, display never goes off or locks. Thx","CUSTOMER: Hi @AppleSupport why does the auto timed lock work on iPhone 8+ running 10.0.3   It's enabled to 30s, display never goes off or locks. Thx
SUPPORT: @357261 Help is here! Just to confirm, are you running 10.0.3 or 11.0.3? Do other time settings work, like 1 minute?
CUSTOMER: @AppleSupport Oops 11.0.3. Chunky fingers syndrome......
CUSTOMER: @AppleSupport No, unless you manually lock the display stays lit on any timed setting. On charge or not.
SUPPORT: @357261 Got it. How long has this been happening? Does that still persist after a restart? Let us know via a DM. We’ll go from there. https://t.co/GDrqU22YpT
CUSTOMER: @AppleSupport Only really noticed since a recent updates.  It's killing the battery, if you forget to manually turn off/lock the #iPhone8  puzzled why. ☹️
SUPPORT: @357261 Alright. Let’s keep working together on this particular situation via a Direct Message. Use the following link: https://t.co/GDrqU22YpT
CUSTOMER: @AppleSupport Ok, a restart didn't cure it, a hard restart seems to have sorted it for now. If I hard restart daily the auto lock works . #iPhone8 #iOS11
SUPPORT: @357261 Thanks for the info! Do you notice the screen doesn't turn off when you're using a specific app? Please DM your answer. https://t.co/GDrqU22YpT",@357261 Thanks for the info! Do you notice the screen doesn't turn off when you're using a specific app? Please DM your answer. https://t.co/GDrqU22YpT,9,5,4,SUPPORT_RESPONSE_PRESENT
apple_1002303,@AppleSupport I also can‘t load any app updates “download not available”,"CUSTOMER: @AppleSupport I also can‘t load any app updates “download not available”
SUPPORT: @128329 We'd like to look into this further with you. Can you send us a DM with the country you're located in? https://t.co/GDrqU22YpT",@128329 We'd like to look into this further with you. Can you send us a DM with the country you're located in? https://t.co/GDrqU22YpT,2,1,1,SUPPORT_RESPONSE_PRESENT
apple_1002305,"@AppleSupport @115858 when is there gonna be an update to fix my phone? Apps freeze every 50 seconds, apps won’t download??","CUSTOMER: @AppleSupport @115858 when is there gonna be an update to fix my phone? Apps freeze every 50 seconds, apps won’t download??
SUPPORT: @357262 Send us a DM and let us know what version of iOS 11 you're running. We'll go from there. https://t.co/GDrqU22YpT",@357262 Send us a DM and let us know what version of iOS 11 you're running. We'll go from there. https://t.co/GDrqU22YpT,2,1,1,SUPPORT_RESPONSE_PRESENT
apple_1002308,@AppleSupport facing srs battery issues&amp;a terribly lose screen in my nw MacBook pro wth touchpad.No store here taking responsibility.,"CUSTOMER: @AppleSupport facing srs battery issues&amp;a terribly lose screen in my nw MacBook pro wth touchpad.No store here taking responsibility.
SUPPORT: @357263 We'd like to look into this with you. Would you please join us in DM to get started? https://t.co/GDrqU22YpT
CUSTOMER: @AppleSupport Yes I've sent a message. Please check @AppleSupport",@357263 We'd like to look into this with you. Would you please join us in DM to get started? https://t.co/GDrqU22YpT,3,2,1,SUPPORT_RESPONSE_PRESENT
apple_1002310,I have a 16gb iPhone 6s. I need to do an update (1.33gb). @115858 explain why I can't update my phone? https://t.co/IsPsf5nqq8,"CUSTOMER: I have a 16gb iPhone 6s. I need to do an update (1.33gb). @115858 explain why I can't update my phone? https://t.co/IsPsf5nqq8
SUPPORT: @357264 The device is showing only 209 MB free.  You would need to manage the used space down to do the update.",@357264 The device is showing only 209 MB free.  You would need to manage the used space down to do the update.,2,1,1,SUPPORT_RESPONSE_PRESENT
apple_1002312,@AppleSupport @116333 Love this new feature of iOS 11. Can you figure out what’s wrong? https://t.co/73oRJtqgwM,"CUSTOMER: @AppleSupport @116333 Love this new feature of iOS 11. Can you figure out what’s wrong? https://t.co/73oRJtqgwM
SUPPORT: @357265 Reach out to us via DM, then we can take a look at this with you from there. https://t.co/GDrqU22YpT","@357265 Reach out to us via DM, then we can take a look at this with you from there. https://t.co/GDrqU22YpT",2,1,1,SUPPORT_RESPONSE_PRESENT
apple_1002314,@AppleSupport this is a screenshot from iMessage. I am missing the space bar. Are you aware of this problem? Should I open a bug report? https://t.co/RfUKpKIELC,"CUSTOMER: @AppleSupport this is a screenshot from iMessage. I am missing the space bar. Are you aware of this problem? Should I open a bug report? https://t.co/RfUKpKIELC
SUPPORT: @357266 We're here to help! Let's see if we can get this figured out. Meet us in DM to continue here: https://t.co/GDrqU22YpT",@357266 We're here to help! Let's see if we can get this figured out. Meet us in DM to continue here: https://t.co/GDrqU22YpT,2,1,1,SUPPORT_RESPONSE_PRESENT
apple_100245,What is this @AppleSupport? since I upgraded with this $hi&amp;*y #macOS my instant click before is now lagging to almost a minute and that disrupts my writing e-mails (work and personal) wow! this is getting crazy everyday not enjoying Apple Macbook NOW!,"CUSTOMER: What is this @AppleSupport? since I upgraded with this $hi&amp;*y #macOS my instant click before is now lagging to almost a minute and that disrupts my writing e-mails (work and personal) wow! this is getting crazy everyday not enjoying Apple Macbook NOW!
SUPPORT: @137967 We'd like to help. Does this seem to persist when using multiple apps? Have you tried rebooting to see if that helps? Send us a DM, we'll be glad to work on this with you. https://t.co/GDrqU22YpT
CUSTOMER: @AppleSupport I have tried restarting my macbook but it keeps lagging. I will try rebooting and close all apps once again.
SUPPORT: @137967 Either way, let us know what happens via DM. We want to make sure this is fully resolved. https://t.co/GDrqU22YpT
CUSTOMER: @AppleSupport for now I just restarted, it doesn't lag yet. I will let you know when it happen again.","@137967 Either way, let us know what happens via DM. We want to make sure this is fully resolved. https://t.co/GDrqU22YpT",5,3,2,SUPPORT_RESPONSE_PRESENT
apple_1002739,@AppleSupport Y wifi is switching on by itself after update to 11.3 ???,"CUSTOMER: @AppleSupport Y wifi is switching on by itself after update to 11.3 ???
SUPPORT: @357352 We'd like to look into this further. Please click here to join us in DM: https://t.co/GDrqU22YpT",@357352 We'd like to look into this further. Please click here to join us in DM: https://t.co/GDrqU22YpT,2,1,1,SUPPORT_RESPONSE_PRESENT
apple_1002742,@AppleSupport my phone keeps making a noise like a smoke detector all on its own! Even if on silent! What’s going on??,"CUSTOMER: @AppleSupport my phone keeps making a noise like a smoke detector all on its own! Even if on silent! What’s going on??
SUPPORT: @357353 Let's look into this together. Did any alerts appear along with the sound? Let us know if this helps: https://t.co/qNDOeFRLZJ
CUSTOMER: @AppleSupport Not a government warning! I’m in uk. It’s driving me mad keeps doing it early hours of morning
SUPPORT: @357353 Rest assured, we're committed to helping resolve this. Please DM us to proceed from here. https://t.co/GDrqU22YpT","@357353 Rest assured, we're committed to helping resolve this. Please DM us to proceed from here. https://t.co/GDrqU22YpT",4,2,2,SUPPORT_RESPONSE_PRESENT
apple_1002746,Who else facing #Notifications #Problem @4305 for #iPhone #iOS @AppleSupport New Things won’t show up until you open the #App #Whatsapp,"CUSTOMER: Who else facing #Notifications #Problem @4305 for #iPhone #iOS @AppleSupport New Things won’t show up until you open the #App #Whatsapp
SUPPORT: @357354 We're here to help out. Any recent changes to the device? First, check the notification settings: https://t.co/2txgOv5s2M
CUSTOMER: @AppleSupport Nothing changed in the device... many of them are facing the issue
SUPPORT: @357354 We'd like to take a further look at this issue with you. Please meet us in DM. https://t.co/GDrqU22YpT",@357354 We'd like to take a further look at this issue with you. Please meet us in DM. https://t.co/GDrqU22YpT,4,2,2,SUPPORT_RESPONSE_PRESENT
apple_1002751,iOS 11 bugs @AppleSupport https://t.co/5IfO2S2Yzo,"CUSTOMER: iOS 11 bugs @AppleSupport https://t.co/5IfO2S2Yzo
SUPPORT: @357356 Thanks for connecting with us. Let us know if this helps: https://t.co/OWRDHWSt4h
CUSTOMER: @AppleSupport Yeah, that didn’t help
SUPPORT: @357356 Which model do you have and what's the exact iOS version installed? Tried any other steps since this started? https://t.co/GDrqU22YpT",@357356 Which model do you have and what's the exact iOS version installed? Tried any other steps since this started? https://t.co/GDrqU22YpT,4,2,2,SUPPORT_RESPONSE_PRESENT
apple_1002754,"So I got the iPhone 8 plus with a broke charger ? That’s nice, @115858  I’ll appreciate if y’all give us better chargers please","CUSTOMER: So I got the iPhone 8 plus with a broke charger ? That’s nice, @115858  I’ll appreciate if y’all give us better chargers please
SUPPORT: @357357 We want to jump right on this with you. Here's a link to DM us. https://t.co/GDrqU22YpT",@357357 We want to jump right on this with you. Here's a link to DM us. https://t.co/GDrqU22YpT,2,1,1,SUPPORT_RESPONSE_PRESENT
apple_1002757,Hiya ma phone just actual SCREAMED like a smoke alarm in the middle of the night wtf just happened hello @115858 help please,"CUSTOMER: Hiya ma phone just actual SCREAMED like a smoke alarm in the middle of the night wtf just happened hello @115858 help please
SUPPORT: @357358 This is not a normal behavior. We'd be happy to assist. Can you confirm if there was an alert or message on your device?
CUSTOMER: @AppleSupport Not a single thing!! It was just lying there nonchalantly then boom, a siren
SUPPORT: @357358 Let's get to the bottom of this. Which iPhone and version of iOS are you using? Please DM us. We'll look into it further together. https://t.co/GDrqU22YpT",@357358 Let's get to the bottom of this. Which iPhone and version of iOS are you using? Please DM us. We'll look into it further together. https://t.co/GDrqU22YpT,4,2,2,SUPPORT_RESPONSE_PRESENT
apple_1002760,@AppleSupport can I share a calendar event with someone,"CUSTOMER: @AppleSupport can I share a calendar event with someone
SUPPORT: @357359 Great question! It's certainly possible to share events. Here's a detailed guide with more information: https://t.co/ehCv0pMGZl",@357359 Great question! It's certainly possible to share events. Here's a detailed guide with more information: https://t.co/ehCv0pMGZl,2,1,1,SUPPORT_RESPONSE_PRESENT
apple_1002763,After updating my iphone 6s its battery getting drained very quickly @115858,"CUSTOMER: After updating my iphone 6s its battery getting drained very quickly @115858
SUPPORT: @357360 We're here for you. Let's start by making sure the battery is set for maximum potential life: https://t.co/BGb00taxed
CUSTOMER: @AppleSupport I have kept my power saving mode on but still battery draining fast. Can u send me link to degrade ios10.
SUPPORT: @357360 We’d love to help further. To start, send us a DM. https://t.co/GDrqU22YpT","@357360 We’d love to help further. To start, send us a DM. https://t.co/GDrqU22YpT",4,2,2,SUPPORT_RESPONSE_PRESENT
apple_1002785,@AppleSupport my iPhone has 6GB available but will not allow me to download apps or take any photos. WHAT GIVES https://t.co/pAhLWXleQ9,"CUSTOMER: @AppleSupport my iPhone has 6GB available but will not allow me to download apps or take any photos. WHAT GIVES https://t.co/pAhLWXleQ9
SUPPORT: @357364 We are here to help. DM us your current iOS version and we can take a look at this. https://t.co/GDrqU22YpT",@357364 We are here to help. DM us your current iOS version and we can take a look at this. https://t.co/GDrqU22YpT,2,1,1,SUPPORT_RESPONSE_PRESENT
apple_1002789,@115858 the ios11 podcast update is awful.  No mark as played?  No easy list of unplayed episodes?  Huge icons? Switching to @5270 now.,"CUSTOMER: @115858 the ios11 podcast update is awful.  No mark as played?  No easy list of unplayed episodes?  Huge icons? Switching to @5270 now.
SUPPORT: @357365 We appreciate the feedback. Please use this link to provide the same feedback: https://t.co/eTPVYVFyd8",@357365 We appreciate the feedback. Please use this link to provide the same feedback: https://t.co/eTPVYVFyd8,2,1,1,SUPPORT_RESPONSE_PRESENT
apple_1002791,@AppleSupport would you please bring back the old signal bar? The latest one looks like Android.,"CUSTOMER: @AppleSupport would you please bring back the old signal bar? The latest one looks like Android.
SUPPORT: @357366 Thanks for reaching out! We'd recommend leaving that request on our feedback page: https://t.co/eTPVYVFyd8",@357366 Thanks for reaching out! We'd recommend leaving that request on our feedback page: https://t.co/eTPVYVFyd8,2,1,1,SUPPORT_RESPONSE_PRESENT
apple_1002794,@115858 @AppleSupport iPhone 7+  iOS11 is 💩. Randomly freezing or in some cases rebooting. Please fix. #ios11update #dontupdate,"CUSTOMER: @115858 @AppleSupport iPhone 7+  iOS11 is 💩. Randomly freezing or in some cases rebooting. Please fix. #ios11update #dontupdate
SUPPORT: @357367 We'd like to help out. Does this happen with all apps or just a specific one?
CUSTOMER: @AppleSupport It’s happened with several apps and it’s happened while in a resting state, where I can feel the haptic button but screen won’t wake up.
SUPPORT: @357367 Send us a DM and tell us what you have to do in order to get it working again. https://t.co/GDrqU22YpT",@357367 Send us a DM and tell us what you have to do in order to get it working again. https://t.co/GDrqU22YpT,4,2,2,SUPPORT_RESPONSE_PRESENT
apple_1002927,Unbelievable how often I have to restart my iPhone6 since iOS 11! Good job @115858 @AppleSupport! #ios11bugs #dontupdate #worstupdate #fail,"CUSTOMER: Unbelievable how often I have to restart my iPhone6 since iOS 11! Good job @115858 @AppleSupport! #ios11bugs #dontupdate #worstupdate #fail
SUPPORT: @289134 We're here for you. Send us a DM with your current iOS version and we'll get started there. https://t.co/GDrqU22YpT",@289134 We're here for you. Send us a DM with your current iOS version and we'll get started there. https://t.co/GDrqU22YpT,2,1,1,SUPPORT_RESPONSE_PRESENT
apple_1002929,"@AppleSupport my phone won’t come out of mono mode. I’ve tried multiple earbuds, every time mono. iphone 6s.","CUSTOMER: @AppleSupport my phone won’t come out of mono mode. I’ve tried multiple earbuds, every time mono. iphone 6s.
SUPPORT: @357399 You've come to the right place! We'd love to help you. Let's begin by restarting the iPhone:  https://t.co/OWRDHWSt4h",@357399 You've come to the right place! We'd love to help you. Let's begin by restarting the iPhone:  https://t.co/OWRDHWSt4h,2,1,1,SUPPORT_RESPONSE_PRESENT
apple_1002931,@AppleSupport check your dms,"CUSTOMER: @AppleSupport check your dms
SUPPORT: @357400 We received your DM and we'll continue from there.",@357400 We received your DM and we'll continue from there.,2,1,1,SUPPORT_RESPONSE_PRESENT
apple_1002936,@AppleSupport my iPhone got stuck while restoring it via itunes could you please help as your web services is down?,"CUSTOMER: @AppleSupport my iPhone got stuck while restoring it via itunes could you please help as your web services is down?
SUPPORT: @318399 We want to help.  Send us a DM letting us know if you get an error message or code in iTunes. https://t.co/GDrqU22YpT
CUSTOMER: @AppleSupport Just sent you",@318399 We want to help.  Send us a DM letting us know if you get an error message or code in iTunes. https://t.co/GDrqU22YpT,3,2,1,SUPPORT_RESPONSE_PRESENT
apple_1002938,"@AppleSupport, I have adjusted as much as I can and battery on iPhone 6 is still draining fast. 11.3 made it worse. When will you fix???","CUSTOMER: @AppleSupport, I have adjusted as much as I can and battery on iPhone 6 is still draining fast. 11.3 made it worse. When will you fix???
SUPPORT: @357402 We're here to help. Let's go into DM so we can work on this together. https://t.co/GDrqU22YpT",@357402 We're here to help. Let's go into DM so we can work on this together. https://t.co/GDrqU22YpT,2,1,1,SUPPORT_RESPONSE_PRESENT
apple_1002940,"@115858 @AppleSupport #ios11 is very slow on my iphone, please help! It was running an older IOS and it was perfectly fine...","CUSTOMER: @115858 @AppleSupport #ios11 is very slow on my iphone, please help! It was running an older IOS and it was perfectly fine...
SUPPORT: @357403 Hey there! We've received your DM and will join you there shortly. Thanks!",@357403 Hey there! We've received your DM and will join you there shortly. Thanks!,2,1,1,SUPPORT_RESPONSE_PRESENT
apple_1002942,@115858 are you guys going to fix IOS 11.0.3 anytime soon? My phone is garbage now with it installed,"CUSTOMER: @115858 are you guys going to fix IOS 11.0.3 anytime soon? My phone is garbage now with it installed
SUPPORT: @357404 What issues are you having with your phone? Please let us know more in DM so we can help. https://t.co/GDrqU22YpT",@357404 What issues are you having with your phone? Please let us know more in DM so we can help. https://t.co/GDrqU22YpT,2,1,1,SUPPORT_RESPONSE_PRESENT
apple_1002945,Husbands iPhone updated last night on its own and used his work phone profile. All pics are gone. Help? @115858  #iphone6plus @ATT,"CUSTOMER: Husbands iPhone updated last night on its own and used his work phone profile. All pics are gone. Help? @115858  #iphone6plus @ATT
SUPPORT: @357405 We want to help. Send us a DM letting us know if your husband backs up his iPhone. https://t.co/GDrqU22YpT
CUSTOMER: @AppleSupport DM sent",@357405 We want to help. Send us a DM letting us know if your husband backs up his iPhone. https://t.co/GDrqU22YpT,3,2,1,SUPPORT_RESPONSE_PRESENT
apple_1002947,@AppleSupport after 8 attempts asking #Siri when John Lewis closes. How are blind people meant to use your phones #ios11 is full of mistakes,"CUSTOMER: @AppleSupport after 8 attempts asking #Siri when John Lewis closes. How are blind people meant to use your phones #ios11 is full of mistakes
SUPPORT: @357406 We'd like to look into this with you. DM us and we'll get started. https://t.co/GDrqU22YpT",@357406 We'd like to look into this with you. DM us and we'll get started. https://t.co/GDrqU22YpT,2,1,1,SUPPORT_RESPONSE_PRESENT
apple_1002951,"Ever since the recent #iOS update, my phone freezes &amp; shuts off on its own (4 times in the last week). WHY?? @AppleSupport #Apple #iphone","CUSTOMER: Ever since the recent #iOS update, my phone freezes &amp; shuts off on its own (4 times in the last week). WHY?? @AppleSupport #Apple #iphone
SUPPORT: @357407 We'd like to help. DM us details on the apps you're using when it shuts off and we'll continue support with you there. https://t.co/GDrqU22YpT
CUSTOMER: @AppleSupport It’s constantly freezing! All apps. It happened just now with @118189 and the #Twitter app closed before it opened. Why?? #apple #ipone
SUPPORT: @357407 That's what we want to find out. Restart your iPhone, check for any app updates, and DM us. We'll be glad to help there: https://t.co/GDrqU22YpT
CUSTOMER: @AppleSupport As I mentioned, it’s nearly all apps. My #iphone just froze when having safari open and I had to restart. AGAIN. Now it freezes daily.
SUPPORT: @357407 This isn't how it should be. DM us where you're located &amp; we'll go from there. https://t.co/GDrqU22YpT",@357407 This isn't how it should be. DM us where you're located &amp; we'll go from there. https://t.co/GDrqU22YpT,6,3,3,SUPPORT_RESPONSE_PRESENT
apple_1002957,#iOS11.0.3 @AppleSupport This update is STILL full of bugs😡Apple music won’t work &amp;I’m paying $$$ For subscription. Please fix ASAP,"CUSTOMER: #iOS11.0.3 @AppleSupport This update is STILL full of bugs😡Apple music won’t work &amp;I’m paying $$$ For subscription. Please fix ASAP
SUPPORT: @357408 We'd be happy to look into what's going on. Can you tell us more about what's going on with Apple Music?",@357408 We'd be happy to look into what's going on. Can you tell us more about what's going on with Apple Music?,2,1,1,SUPPORT_RESPONSE_PRESENT
apple_1002959,"@AppleSupport whenever I want to share a photo from my iCloud library or even copy, I get an error saying it cannot be downloaded!!","CUSTOMER: @AppleSupport whenever I want to share a photo from my iCloud library or even copy, I get an error saying it cannot be downloaded!!
SUPPORT: @357409 We'd like to help! Please reach out to our Photos experts:  https://t.co/IBIY3vMgPj Select Apps &amp; Software &gt; iOS apps",@357409 We'd like to help! Please reach out to our Photos experts:  https://t.co/IBIY3vMgPj Select Apps &amp; Software &gt; iOS apps,2,1,1,SUPPORT_RESPONSE_PRESENT
apple_1002961,Not being funny but your ios11 is shit @115858,"CUSTOMER: Not being funny but your ios11 is shit @115858
SUPPORT: @357410 Please tell us a bit more about what's happening. We want to help.",@357410 Please tell us a bit more about what's happening. We want to help.,2,1,1,SUPPORT_RESPONSE_PRESENT
apple_1002963,@AppleSupport  @115858 I’ve got the iOS 11.0.3 update and my battery is draining so fast. Will there be another update coming out soon???????,"CUSTOMER: @AppleSupport  @115858 I’ve got the iOS 11.0.3 update and my battery is draining so fast. Will there be another update coming out soon???????
SUPPORT: @357411 We're here for you. Send us a DM with the model of device you're using, and we'll continue there. https://t.co/GDrqU22YpT","@357411 We're here for you. Send us a DM with the model of device you're using, and we'll continue there. https://t.co/GDrqU22YpT",2,1,1,SUPPORT_RESPONSE_PRESENT
apple_1002965,@AppleSupport Hi - I've tried the UK website but can't find the answer! Can I still buy a genuine Apple battery for an iPhone 4S in the UK?,"CUSTOMER: @AppleSupport Hi - I've tried the UK website but can't find the answer! Can I still buy a genuine Apple battery for an iPhone 4S in the UK?
SUPPORT: @357412 Hey! Send us a DM by clicking on the link below. We'll continue there. https://t.co/GDrqU22YpT",@357412 Hey! Send us a DM by clicking on the link below. We'll continue there. https://t.co/GDrqU22YpT,2,1,1,SUPPORT_RESPONSE_PRESENT
apple_1002967,@AppleSupport is this for real? I’ve never seen this pop up till now. I’ve ignored it. https://t.co/WvjvnDWkGS,"CUSTOMER: @AppleSupport is this for real? I’ve never seen this pop up till now. I’ve ignored it. https://t.co/WvjvnDWkGS
SUPPORT: @302862 That is not from us and we'd like to have you use the following link to report this as phishing: https://t.co/sayPykspsk",@302862 That is not from us and we'd like to have you use the following link to report this as phishing: https://t.co/sayPykspsk,2,1,1,SUPPORT_RESPONSE_PRESENT
apple_1002970,Been waiting for the #iPhoneX but my phone been restarting in the middle of conversation @115858 #WhatsTheDeal #FixThis,"CUSTOMER: Been waiting for the #iPhoneX but my phone been restarting in the middle of conversation @115858 #WhatsTheDeal #FixThis
SUPPORT: @357413 We're here for you. Send us a DM with your current iPhone model and iOS version. We'll continue there. https://t.co/GDrqU22YpT
CUSTOMER: @AppleSupport I just went in and bought the 8 today... couldn’t take it... crazy my phone didn’t have a problem until the new one dropped tho",@357413 We're here for you. Send us a DM with your current iPhone model and iOS version. We'll continue there. https://t.co/GDrqU22YpT,3,2,1,SUPPORT_RESPONSE_PRESENT
apple_1002977,"@AppleSupport This iOS 11.0.3 doesn’t support sharing contents in gallery over any application such as WhatsApp, Gmail, or FB. Please assist","CUSTOMER: @AppleSupport This iOS 11.0.3 doesn’t support sharing contents in gallery over any application such as WhatsApp, Gmail, or FB. Please assist
SUPPORT: @356028 We’d like to see how we can help. Can you DM us some more details about the issue you're having? https://t.co/GDrqU22YpT
CUSTOMER: @AppleSupport This is the problem. There is no app that appears here that is requesting to access photos so I can’t send photos via WhatsApp or Facebook",@356028 We’d like to see how we can help. Can you DM us some more details about the issue you're having? https://t.co/GDrqU22YpT,3,2,1,SUPPORT_RESPONSE_PRESENT
apple_1002979,"@AppleSupport hello, I just got an email saying that my apple ID has been disabled. Can you confirm that email? I'm afraid it might be fake.","CUSTOMER: @AppleSupport hello, I just got an email saying that my apple ID has been disabled. Can you confirm that email? I'm afraid it might be fake.
SUPPORT: @357415 Find how to identify, and report, fraudulent emails here: https://t.co/LNMCdqt6fD","@357415 Find how to identify, and report, fraudulent emails here: https://t.co/LNMCdqt6fD",2,1,1,SUPPORT_RESPONSE_PRESENT
apple_1002983,@AppleSupport Hello Apple by just keeping my iPhone 6 screen open the battery consumes 1% every 5 mins. Is this normal?. I’m using new phone,"CUSTOMER: @AppleSupport Hello Apple by just keeping my iPhone 6 screen open the battery consumes 1% every 5 mins. Is this normal?. I’m using new phone
SUPPORT: @357416 We'd love to help with battery life. Do you know what version of the iOS is on the device?
CUSTOMER: @AppleSupport Thank you for the response. Yes i know. It’s 11.0.3
CUSTOMER: @AppleSupport Moreover I noticed sudden reduction of 2% in 2 secs.
SUPPORT: @357416 That's not the experience we would want for you and are happy to help. Let's go into DM so we can look at this together. https://t.co/GDrqU22YpT",@357416 That's not the experience we would want for you and are happy to help. Let's go into DM so we can look at this together. https://t.co/GDrqU22YpT,5,3,2,SUPPORT_RESPONSE_PRESENT
apple_1003683,@AppleSupport @AppleSupport I have to charge the battery 2 times a day which is ending very quickly,"CUSTOMER: @AppleSupport @AppleSupport I have to charge the battery 2 times a day which is ending very quickly
SUPPORT: @357565 We'd like to investigate this with you. To begin, can you tell us what device and operating system you're using?","@357565 We'd like to investigate this with you. To begin, can you tell us what device and operating system you're using?",2,1,1,SUPPORT_RESPONSE_PRESENT
apple_1003695,@AppleSupport why is notes in such an un usable state in high sierra ? Plz help. It’s like my memory palace collapsing,"CUSTOMER: @AppleSupport why is notes in such an un usable state in high sierra ? Plz help. It’s like my memory palace collapsing
SUPPORT: @182953 We'd like to see how we can help with what you're experiencing. Can you explain to us what's going on?
CUSTOMER: @AppleSupport Here is a screen capture. If the note is lengthy then refresh isn’t happening properly. And the note app was crashing yesterday. https://t.co/gHObqGiWxj
SUPPORT: @182953 We'd like to look into this further. Could you Direct Message us and let us know what country you're located in? https://t.co/GDrqU22YpT",@182953 We'd like to look into this further. Could you Direct Message us and let us know what country you're located in? https://t.co/GDrqU22YpT,4,2,2,SUPPORT_RESPONSE_PRESENT
apple_1003698,@115858 @AppleSupport not sure I’ve got that much time... https://t.co/NSncyATpy4,"CUSTOMER: @115858 @AppleSupport not sure I’ve got that much time... https://t.co/NSncyATpy4
SUPPORT: @357569 Let's see what's going on here. Has this estimated time changed at all?",@357569 Let's see what's going on here. Has this estimated time changed at all?,2,1,1,SUPPORT_RESPONSE_PRESENT
apple_1003730,My phone fell and now the screen is coming up. Why @AppleSupport,"CUSTOMER: My phone fell and now the screen is coming up. Why @AppleSupport
SUPPORT: @357571 We'd be happy to look into service options for your region. DM with your current location. https://t.co/GDrqU22YpT",@357571 We'd be happy to look into service options for your region. DM with your current location. https://t.co/GDrqU22YpT,2,1,1,SUPPORT_RESPONSE_PRESENT
apple_1003732,It would be helpful if iOS11 worked as it’s supposed to mind @115858,"CUSTOMER: It would be helpful if iOS11 worked as it’s supposed to mind @115858
SUPPORT: @357572 We'd like to help! Please send us a DM with more details, and we'll get started. https://t.co/GDrqU22YpT","@357572 We'd like to help! Please send us a DM with more details, and we'll get started. https://t.co/GDrqU22YpT",2,1,1,SUPPORT_RESPONSE_PRESENT
apple_1003735,@115858 @AppleSupport do you offer a military discount on Apple Watch 3 Series?,"CUSTOMER: @115858 @AppleSupport do you offer a military discount on Apple Watch 3 Series?
SUPPORT: @357573 Hey there! That's a great question, and we do offer discounts for US military! Check out this link: https://t.co/G6JzVSpDkO
CUSTOMER: @AppleSupport How do I get it when purchasing an item online?
SUPPORT: @357573 You can always reach out to our Online Store team and they can help you get that discount: https://t.co/8yjRd1Xo0i",@357573 You can always reach out to our Online Store team and they can help you get that discount: https://t.co/8yjRd1Xo0i,4,2,2,SUPPORT_RESPONSE_PRESENT
apple_1003738,@AppleSupport impossible d’installer ios 11.0.3   Décidément ios 11 c’est vraiment de la merde,"CUSTOMER: @AppleSupport impossible d’installer ios 11.0.3   Décidément ios 11 c’est vraiment de la merde
SUPPORT: @357574 We offer support via Twitter in English. Contact us for help in your preferred language here: https://t.co/IBIY3vMgPj",@357574 We offer support via Twitter in English. Contact us for help in your preferred language here: https://t.co/IBIY3vMgPj,2,1,1,SUPPORT_RESPONSE_PRESENT
apple_1003740,@AppleSupport updated to last iOS 11.1 beta 4 from iOS 10 and my iPhone 7 Plus 128 gb after 2 days of settle down and use is very laggy,"CUSTOMER: @AppleSupport updated to last iOS 11.1 beta 4 from iOS 10 and my iPhone 7 Plus 128 gb after 2 days of settle down and use is very laggy
SUPPORT: @357575 Thanks for reaching out about this. Meet us in DM and we will go over this together. https://t.co/GDrqU22YpT",@357575 Thanks for reaching out about this. Meet us in DM and we will go over this together. https://t.co/GDrqU22YpT,2,1,1,SUPPORT_RESPONSE_PRESENT
apple_1003743,My phone freezes every 10 minutes and has to be reset thanks to this update. S/o @115858 @AppleSupport — top notch. https://t.co/VWqoC5RArN,"CUSTOMER: My phone freezes every 10 minutes and has to be reset thanks to this update. S/o @115858 @AppleSupport — top notch. https://t.co/VWqoC5RArN
SUPPORT: @357576 We're in your corner! What's happening, and what steps have you tried? Is your iOS 11.0.3? Check Settings &gt; General &gt; About.
CUSTOMER: @AppleSupport Yes. Software is up to date. My battery died 58% in 10 minutes yesterday and my phone freezes and has to be reset almost every 10 minutes.
SUPPORT: @357576 Check out how to maximize battery life here: https://t.co/XxEbE7Bhna then DM us any questions. https://t.co/GDrqU22YpT",@357576 Check out how to maximize battery life here: https://t.co/XxEbE7Bhna then DM us any questions. https://t.co/GDrqU22YpT,4,2,2,SUPPORT_RESPONSE_PRESENT
apple_1003746,@AppleSupport Can i Downgrade to iOS10 ? iOS 11 runs just extremely slowly on 5s :|,"CUSTOMER: @AppleSupport Can i Downgrade to iOS10 ? iOS 11 runs just extremely slowly on 5s :|
SUPPORT: @124485 Send us a DM and tell us what version of iOS 11 you;re running. We'll be happy to help. https://t.co/GDrqU22YpT",@124485 Send us a DM and tell us what version of iOS 11 you;re running. We'll be happy to help. https://t.co/GDrqU22YpT,2,1,1,SUPPORT_RESPONSE_PRESENT
apple_1003749,"Hello la team @115858, il est fort sympathique de sortir de nouveaux iPhones, mais avant tout, réglez les multiples bug sur les Iphone6. #Thx","CUSTOMER: Hello la team @115858, il est fort sympathique de sortir de nouveaux iPhones, mais avant tout, réglez les multiples bug sur les Iphone6. #Thx
SUPPORT: @357577 We offer support via Twitter in English. Contact us for help in your preferred language here: https://t.co/IBIY3vMgPj
CUSTOMER: @AppleSupport 🤔🙄🤔",@357577 We offer support via Twitter in English. Contact us for help in your preferred language here: https://t.co/IBIY3vMgPj,3,2,1,SUPPORT_RESPONSE_PRESENT
apple_1003753,@AppleSupport I’m getting the following error when trying to access my Apple ID - iPhone 6s plus (11.0.3).  HELP!! https://t.co/qPPhunkwEs,"CUSTOMER: @AppleSupport I’m getting the following error when trying to access my Apple ID - iPhone 6s plus (11.0.3).  HELP!! https://t.co/qPPhunkwEs
SUPPORT: @147854 We'd be happy to look into what's going on. Do you get this message when trying to go to any other websites?
CUSTOMER: @AppleSupport No - just this one. Steps taken: App Store / Account / Apple ID. The error occurs on https://t.co/g3FtgcjJhZ.
CUSTOMER: @AppleSupport Just went to the link in my reply and it works OK!!!
CUSTOMER: @AppleSupport Just went to the link in my reply and it works OK!!!
Still failing via the App Store route.
SUPPORT: @147854 Send us a DM and let us know your country. We'll go from there. https://t.co/GDrqU22YpT",@147854 Send us a DM and let us know your country. We'll go from there. https://t.co/GDrqU22YpT,6,4,2,SUPPORT_RESPONSE_PRESENT
apple_1003778,"With the dumb new @115858 iOS update, every time I open twitter it reboots the app. It used to just open where I left off.","CUSTOMER: With the dumb new @115858 iOS update, every time I open twitter it reboots the app. It used to just open where I left off.
CUSTOMER: @357583 @115858 My phone freezes all the time since I updated. Not happy 😐
CUSTOMER: @357584 @115858 Multiple things annoying me.
SUPPORT: @357583 We'd like to help look into this with you. Which iPhone do you have &amp; what version of iOS is installed?
SUPPORT: @357583 You're in the right place; we'll do all we can to help. Let's try these steps with Twitter: https://t.co/AjYr7JeBzT
CUSTOMER: @AppleSupport Don’t be called dumb and then offer to help. It’s embarrassing.",@357583 You're in the right place; we'll do all we can to help. Let's try these steps with Twitter: https://t.co/AjYr7JeBzT,6,4,2,SUPPORT_RESPONSE_PRESENT
apple_1003791,"Hey @115858, it would be nice if my #iPhone would #reconnect to my #bluetooth devices when i reenable from the #controlcenter. Settings suck","CUSTOMER: Hey @115858, it would be nice if my #iPhone would #reconnect to my #bluetooth devices when i reenable from the #controlcenter. Settings suck
SUPPORT: @357586 Let's take a look at what's happening. Are the Bluetooth devices within range and powered on?
CUSTOMER: @AppleSupport Yes they are. Headset, Bose Soundlink Mini and my car audio. It's always the same. I'm on iOS 11.0.3 btw
SUPPORT: @357586 OK great. You mentioned Control Center, are you pressing the Bluetooth button in there at all when you notice them disconnecting?
CUSTOMER: @AppleSupport Yes, switching off to send a Voice Message over WhatsApp and immediately switching back on.
SUPPORT: @357586 OK, that's why you're having that issue. The Bluetooth button in control center is to disconnect devices. https://t.co/G7BHuQnDS6
CUSTOMER: @AppleSupport Would be nice if it was a toggle. 
I do not see 'any' sense in having a disconnect button that i have to manually switch off again
CUSTOMER: @AppleSupport I do that
""You turn on Bluetooth in Control Center.""
and it won't reconnect. Don't care about Pencil, Watch.
It should reconnect on its own
SUPPORT: @357586 If you want devices to automatically reconnect you would just want to use the on/off button in Settings &gt; Bluetooth.
CUSTOMER: @AppleSupport That's four clicks instead of swipe &amp; click. Consider it a usability request then.
The way it works right now is pointless.
But thank you
CUSTOMER: @AppleSupport I really do not understand why the BT toggle works different than the wifi toggle. If I toggle wifi back on it reconnects, BT doesn't
SUPPORT: @357586 Let's take a look at this with you! Where are you toggling Bluetooth off/on? Which device is this on? https://t.co/GDrqU22YpT
CUSTOMER: @AppleSupport ControlCenter. All of my devices.
I know it doesn't disconnect apple BT devices but it SHOULD reconnect when toggled back on, like wifi does
SUPPORT: @357586 Which version of the iOS is currently installed? What is the device you are using?
CUSTOMER: @AppleSupport iOS 11.0.3 on iPhone 8
SUPPORT: @357586 OK, thank you. Let's take a closer look. Please DM us about this issue and we'll work together there. https://t.co/GDrqU22YpT","@357586 OK, thank you. Let's take a closer look. Please DM us about this issue and we'll work together there. https://t.co/GDrqU22YpT",16,9,7,SUPPORT_RESPONSE_PRESENT
apple_1003810,@115858 @AppleSupport there is something wrong with the phone after the latest update,"CUSTOMER: @115858 @AppleSupport there is something wrong with the phone after the latest update
SUPPORT: @357587 Let's look into that. What issues are you experiencing?
CUSTOMER: @AppleSupport It's not just one that I can point out
SUPPORT: @357587 If you can try to give us an example of any issue you're facing, we can start there.
CUSTOMER: @AppleSupport I had to reset and resort the back up now it's fine but why there are so many issues with iOS 11
SUPPORT: @357587 We're glad that your device is working as expected now!  If we can help with anything else, please reach out to us.","@357587 We're glad that your device is working as expected now!  If we can help with anything else, please reach out to us.",6,3,3,SUPPORT_RESPONSE_PRESENT
apple_1003813,"@AppleSupport there is a bug in the new software update, where when on the camera app, I can’t delete photos whilst on the app.","CUSTOMER: @AppleSupport there is a bug in the new software update, where when on the camera app, I can’t delete photos whilst on the app.
SUPPORT: @311373 Thanks for this report!  Please tell us more about what you're experiencing.
CUSTOMER: @AppleSupport I basically try to delete the photo, and it doesn’t delete. It sometimes multiplies.
SUPPORT: @311373 Tap Settings &gt; Your Name &gt; iCloud &gt; Photos. Is iCloud Photo Library enabled there? Send us a DM and we'll help further. https://t.co/GDrqU22YpT
CUSTOMER: @AppleSupport I’ve sent you a dm, and yes it is enabled",@311373 Tap Settings &gt; Your Name &gt; iCloud &gt; Photos. Is iCloud Photo Library enabled there? Send us a DM and we'll help further. https://t.co/GDrqU22YpT,5,3,2,SUPPORT_RESPONSE_PRESENT
apple_1003825,@AppleSupport iPhone 6s is having trouble with audio while playing music.,"CUSTOMER: @AppleSupport iPhone 6s is having trouble with audio while playing music.
SUPPORT: @357591 We'll gladly assist. Can you describe the audio trouble in detail? Also, what version of the iOS is running on that 6s?
CUSTOMER: @AppleSupport Im using 11.0.3. Sometimes audio doesn’t play. It plays after r starting or after sometime
SUPPORT: @357591 We appreciate the details. Does this happen on speaker and with headphones? Also, try these steps: https://t.co/4Kux8rhhGX https://t.co/GDrqU22YpT
CUSTOMER: @AppleSupport thanks. With headphones its fine it only occurs with speakers
SUPPORT: @357591 Good to know! Is it only when playing music, or when on phone calls using speakerphone also? What about using normally?
CUSTOMER: @AppleSupport music
SUPPORT: @357591 We'd like to investigate this further. Send us a DM, and we'll get started. https://t.co/GDrqU22YpT","@357591 We'd like to investigate this further. Send us a DM, and we'll get started. https://t.co/GDrqU22YpT",8,4,4,SUPPORT_RESPONSE_PRESENT
apple_1003832,@AppleSupport Do Not Disturb isn’t mirroring for Apple Watch series 3 with iPhone 6S. OS updated on both.  Checked the setting already.,"CUSTOMER: @AppleSupport Do Not Disturb isn’t mirroring for Apple Watch series 3 with iPhone 6S. OS updated on both.  Checked the setting already.
SUPPORT: @347213 Let's dive into this together. What are the exact versions of watchOS &amp; iOS that are installed on your devices?",@347213 Let's dive into this together. What are the exact versions of watchOS &amp; iOS that are installed on your devices?,2,1,1,SUPPORT_RESPONSE_PRESENT
apple_1003834,"@AppleSupport this is a scam, right? Can you track these people@down? https://t.co/UPMBn1Yx3c","CUSTOMER: @AppleSupport this is a scam, right? Can you track these people@down? https://t.co/UPMBn1Yx3c
SUPPORT: @357592 We're happy to help. Take a look here for more info on identifying and reporting phishing attempts:  https://t.co/LNMCdqt6fD",@357592 We're happy to help. Take a look here for more info on identifying and reporting phishing attempts:  https://t.co/LNMCdqt6fD,2,1,1,SUPPORT_RESPONSE_PRESENT
apple_1003852,anybody else’s phone touchscreen absolutely horrible rn?,"CUSTOMER: anybody else’s phone touchscreen absolutely horrible rn?
CUSTOMER: @AppleSupport fucking hell what is this, it’s happening to a few people I know right now https://t.co/v7pbOkX0s7
SUPPORT: @357596 We can help look into what's going on. What device and iOS do you have? It's under Settings &gt; General &gt; About.
CUSTOMER: @AppleSupport Reply plz... got balance debited on subscribing to free itune trials",@357596 We can help look into what's going on. What device and iOS do you have? It's under Settings &gt; General &gt; About.,4,3,1,SUPPORT_RESPONSE_PRESENT
apple_1003854,Thanks @115858 for charging my account without notification and sending me into a full blown panic attack because where did my money go??????,"CUSTOMER: Thanks @115858 for charging my account without notification and sending me into a full blown panic attack because where did my money go??????
SUPPORT: @357598 We want to look into this with you. Here's a link to DM us. https://t.co/GDrqU22YpT",@357598 We want to look into this with you. Here's a link to DM us. https://t.co/GDrqU22YpT,2,1,1,SUPPORT_RESPONSE_PRESENT
apple_1003857,Tried everything apart from restore to fix the #message send failure on #iOS11 but nothing works @AppleSupport any tips?? #bugs #issues https://t.co/H2FWpi5lxY,"CUSTOMER: Tried everything apart from restore to fix the #message send failure on #iOS11 but nothing works @AppleSupport any tips?? #bugs #issues https://t.co/H2FWpi5lxY
SUPPORT: @357599 We're here for you! Since standard SMS text messages aren't sending, let us know if this guide helps: https://t.co/2hgNQH8Vvq
CUSTOMER: @AppleSupport Thankyou.","@357599 We're here for you! Since standard SMS text messages aren't sending, let us know if this guide helps: https://t.co/2hgNQH8Vvq",3,2,1,SUPPORT_RESPONSE_PRESENT
apple_1003861,my iphone just shut off and won't turn back on LMAOOOO,"CUSTOMER: my iphone just shut off and won't turn back on LMAOOOO
CUSTOMER: my phone still won't turn on man thanks @AppleSupport
SUPPORT: @357600 We'd be happy to look into this with you.  Please reach out to us via DM and we'll get started. https://t.co/GDrqU22YpT",@357600 We'd be happy to look into this with you.  Please reach out to us via DM and we'll get started. https://t.co/GDrqU22YpT,3,2,1,SUPPORT_RESPONSE_PRESENT
apple_1003864,@AppleSupport @115858 battery came down to 9% from 71% in just a span of 25 mins. Plz fix this bug #ios1103 #pathetic,"CUSTOMER: @AppleSupport @115858 battery came down to 9% from 71% in just a span of 25 mins. Plz fix this bug #ios1103 #pathetic
SUPPORT: @357601 We know how important battery life is. Let's look into this together. Can you provide us which device you're using?
CUSTOMER: @AppleSupport Iphone 6s
SUPPORT: @357601 Thanks for providing that. We know how vital the battery is. Please check out this article: https://t.co/TpjqFp3jxD",@357601 Thanks for providing that. We know how vital the battery is. Please check out this article: https://t.co/TpjqFp3jxD,4,2,2,SUPPORT_RESPONSE_PRESENT
apple_1003869,"@AppleSupport Hi there, I think that my iP6s's battery drains too fast. Is there a way to check battery health?","CUSTOMER: @AppleSupport Hi there, I think that my iP6s's battery drains too fast. Is there a way to check battery health?
SUPPORT: @357602 We'd love to help. Which iOS version are you using? Also, have you had a chance to try the tips here: https://t.co/bivpdfBNJ6
CUSTOMER: @AppleSupport iOS 11 and I've tried all the tips. Sometimes battery goes from 100 to 80 percent in 15 minutes. Without any special activity
SUPPORT: @357602 Alright, thanks. To be sure we’re on the same page, can you tell us which version of iOS 11 your iPhone is on currently?
CUSTOMER: @AppleSupport 11.1
SUPPORT: @357602 Thanks for the info. We'd be happy to look into this with you further. Send us a DM and we'll go from there. https://t.co/GDrqU22YpT",@357602 Thanks for the info. We'd be happy to look into this with you further. Send us a DM and we'll go from there. https://t.co/GDrqU22YpT,6,3,3,SUPPORT_RESPONSE_PRESENT
apple_1003874,"Ever since I updated to iOS 11, my phone has been trash. Why you do this @115858 @AppleSupport","CUSTOMER: Ever since I updated to iOS 11, my phone has been trash. Why you do this @115858 @AppleSupport
SUPPORT: @357603 Hey there. Tell us more about the issue you're having. We'll be glad to help.
CUSTOMER: @357603 @115858 @AppleSupport Same. My screenshots are just white blocks when I send them and what’s this “downloading” your own photos shit
CUSTOMER: @543243 @115858 @AppleSupport Swapping between apps has become much less fluid. Typing text lags behind several characters.
SUPPORT: @357603 We want to help you get the most from your iPhone. Send us a DM and tell us which country you're in, and we'll assist you. https://t.co/GDrqU22YpT","@357603 We want to help you get the most from your iPhone. Send us a DM and tell us which country you're in, and we'll assist you. https://t.co/GDrqU22YpT",5,3,2,SUPPORT_RESPONSE_PRESENT
apple_1003877,@AppleSupport  Me está mamando 6 gb el nuevo sistema operativo a mi iPhone y es una basura que se traba y se traba. CASM,"CUSTOMER: @AppleSupport  Me está mamando 6 gb el nuevo sistema operativo a mi iPhone y es una basura que se traba y se traba. CASM
SUPPORT: @357604 We offer support via Twitter in English. Get help in Spanish here: https://t.co/IBIY3vMgPj or join https://t.co/OczyRx7IOs",@357604 We offer support via Twitter in English. Get help in Spanish here: https://t.co/IBIY3vMgPj or join https://t.co/OczyRx7IOs,2,1,1,SUPPORT_RESPONSE_PRESENT
apple_1003885,"I know my battery must’ve been swollen/damaged but one hour of battery life? NAH @115858 
Fix yuh iOS 11 issues quick quick 👀","CUSTOMER: I know my battery must’ve been swollen/damaged but one hour of battery life? NAH @115858 
Fix yuh iOS 11 issues quick quick 👀
SUPPORT: @357605 We want to help. Meet us in DM and we'll work towards a solution together. https://t.co/GDrqU22YpT",@357605 We want to help. Meet us in DM and we'll work towards a solution together. https://t.co/GDrqU22YpT,2,1,1,SUPPORT_RESPONSE_PRESENT
apple_1003888,@115858 why is my phone lagging after iOS update.,"CUSTOMER: @115858 why is my phone lagging after iOS update.
SUPPORT: @332809 We'll be more than happy to look into this with you. Could you tell us which iPhone and version of iOS you're currently using?
CUSTOMER: @AppleSupport 5s 11.0.1
SUPPORT: @332809 We've recently released iOS 11.0.3. Try updating to this version, then let us know in DM if the issue still persists. https://t.co/GDrqU22YpT
CUSTOMER: @AppleSupport No it doesn’t stop the lag. And YTF does my wifi and Bluetooth get switched on automatically each time.
SUPPORT: @332809 Thanks for trying that. DM us the country you're located in and we'll continue from there. https://t.co/GDrqU22YpT",@332809 Thanks for trying that. DM us the country you're located in and we'll continue from there. https://t.co/GDrqU22YpT,6,3,3,SUPPORT_RESPONSE_PRESENT
apple_1003893,"@AppleSupport Updated ios 11 0 2 on 6 Oct. ""No service"" since then. Tried all to no avail inc reset to factory setting. EE no help iphone 6","CUSTOMER: @AppleSupport Updated ios 11 0 2 on 6 Oct. ""No service"" since then. Tried all to no avail inc reset to factory setting. EE no help iphone 6
SUPPORT: @357606 Let's look into this together. Let us know if the steps in this article helps: https://t.co/5KootZbxj1",@357606 Let's look into this together. Let us know if the steps in this article helps: https://t.co/5KootZbxj1,2,1,1,SUPPORT_RESPONSE_PRESENT
apple_1003898,@AppleSupport ... Is there a way that my Bluetooth can automatically stop turning itself on? As this is really starting to annoy me,"CUSTOMER: @AppleSupport ... Is there a way that my Bluetooth can automatically stop turning itself on? As this is really starting to annoy me
SUPPORT: @357608 Hello. Are you using the new Control Center? Take a look at the changes in function here: https://t.co/vzVz37YMv0
CUSTOMER: @AppleSupport Quite possibly 👀 ... Thank you! 😬
SUPPORT: @357608 You're most welcome. Let us know if you need any additional support.",@357608 You're most welcome. Let us know if you need any additional support.,4,2,2,SUPPORT_RESPONSE_PRESENT
apple_1004450,@AppleSupport can you explain why after three software updates my phone is slower and freezes.  It never did any of this before,"CUSTOMER: @AppleSupport can you explain why after three software updates my phone is slower and freezes.  It never did any of this before
SUPPORT: @357742 We'd like to help. Which iPhone is this happening with? https://t.co/GDrqU22YpT",@357742 We'd like to help. Which iPhone is this happening with? https://t.co/GDrqU22YpT,2,1,1,SUPPORT_RESPONSE_PRESENT
apple_1004452,"@AppleSupport I can't startup my MacBook Air at all, tried to see if the battery was dead but still no signs of life.","CUSTOMER: @AppleSupport I can't startup my MacBook Air at all, tried to see if the battery was dead but still no signs of life.
SUPPORT: @357743 Let's get your MacBook Air up and running. Check out https://t.co/RqWW0duJ0U for tips. Keep us posted on how it goes.",@357743 Let's get your MacBook Air up and running. Check out https://t.co/RqWW0duJ0U for tips. Keep us posted on how it goes.,2,1,1,SUPPORT_RESPONSE_PRESENT
apple_1004457,"where my time? #apple @115858
bug lockscreen.. https://t.co/gjdt5VNjKb","CUSTOMER: where my time? #apple @115858
bug lockscreen.. https://t.co/gjdt5VNjKb
SUPPORT: @357744 Let's look into this together. Which software version is installed in Settings &gt; General &gt; About? Let us know in DM, please. https://t.co/GDrqU22YpT
CUSTOMER: @AppleSupport ios 11.0.3, and problem when you do screenshot display not show editor, in the lower left corner.
SUPPORT: @357744 That is definitely interesting. Please send us a DM so we may better assist you. https://t.co/GDrqU22YpT
CUSTOMER: @AppleSupport i sent you message",@357744 That is definitely interesting. Please send us a DM so we may better assist you. https://t.co/GDrqU22YpT,5,3,2,SUPPORT_RESPONSE_PRESENT
apple_1004460,@AppleSupport why does my phone keep turning WiFi on after I’ve turned it off?! Seriously get your shit together 😡,"CUSTOMER: @AppleSupport why does my phone keep turning WiFi on after I’ve turned it off?! Seriously get your shit together 😡
SUPPORT: @357745 If you're turning off Wi-Fi via Control Center, this will only disconnect your connection. More here: https://t.co/G7BHuQnDS6
CUSTOMER: @AppleSupport Well it never did this shit before iOS 11.... so","@357745 If you're turning off Wi-Fi via Control Center, this will only disconnect your connection. More here: https://t.co/G7BHuQnDS6",3,2,1,SUPPORT_RESPONSE_PRESENT
apple_1004462,"@AppleSupport y’all need a new update my phones ties quicker then ever , I need a charger everywhere I gon","CUSTOMER: @AppleSupport y’all need a new update my phones ties quicker then ever , I need a charger everywhere I gon
SUPPORT: @357746 Let us know via DM the type of iPhone that you have, then we can look in to this with you from there https://t.co/GDrqU22YpT","@357746 Let us know via DM the type of iPhone that you have, then we can look in to this with you from there https://t.co/GDrqU22YpT",2,1,1,SUPPORT_RESPONSE_PRESENT
apple_1004464,@AppleSupport airdrop isn’t working on iMac since the update,"CUSTOMER: @AppleSupport airdrop isn’t working on iMac since the update
SUPPORT: @357747 We want to get AirDrop working properly for you. Let us know exact what's going on and the macOS version number please.",@357747 We want to get AirDrop working properly for you. Let us know exact what's going on and the macOS version number please.,2,1,1,SUPPORT_RESPONSE_PRESENT
apple_1004466,@AppleSupport my iPhone 6 Plus keeps rebooting randomly and then gets stuck in a boot loop. HELP!!,"CUSTOMER: @AppleSupport my iPhone 6 Plus keeps rebooting randomly and then gets stuck in a boot loop. HELP!!
SUPPORT: @357748 Hi there. We've got your DM, we'll meet you there to help out. Thank you. https://t.co/GDrqU22YpT","@357748 Hi there. We've got your DM, we'll meet you there to help out. Thank you. https://t.co/GDrqU22YpT",2,1,1,SUPPORT_RESPONSE_PRESENT
apple_1004469,@AppleSupport @115858 I do not like the new Siri. Siri no longer can name the song when I ask!! And I don’t like the new voice. #siriproblems,"CUSTOMER: @AppleSupport @115858 I do not like the new Siri. Siri no longer can name the song when I ask!! And I don’t like the new voice. #siriproblems
SUPPORT: @357749 We'd like to help. What exactly happens when you ask Siri to name a song?
CUSTOMER: @AppleSupport It says “let me listen” but never offers results. This has happened the last 3 or 4 times I tried it. The song ends &amp; it’s still searching.
SUPPORT: @357749 Got it, thanks for clearing that up for us. Which device and iOS version are you using with Siri?
CUSTOMER: @AppleSupport 7+,11.0.3
SUPPORT: @357749 Wonderful. Let's continue this conversation in DM so we can dig into this more. https://t.co/GDrqU22YpT",@357749 Wonderful. Let's continue this conversation in DM so we can dig into this more. https://t.co/GDrqU22YpT,6,3,3,SUPPORT_RESPONSE_PRESENT
apple_1004474,"The most recent iOS updates are pissing me off. Since updating, my phone no longer works via USB or Bluetooth in my car. Cheers @115858 👍🏼","CUSTOMER: The most recent iOS updates are pissing me off. Since updating, my phone no longer works via USB or Bluetooth in my car. Cheers @115858 👍🏼
SUPPORT: @357750 Send us a DM and let us know what version of iOS 11 you're running. We are here to help. https://t.co/GDrqU22YpT
CUSTOMER: @357750 @115858 My Bluetooth doesn’t work anymore either 😩😩
SUPPORT: @360120 Please send us a DM. We'll help get the Bluetooth feature on your device working again. https://t.co/GDrqU22YpT",@360120 Please send us a DM. We'll help get the Bluetooth feature on your device working again. https://t.co/GDrqU22YpT,4,2,2,SUPPORT_RESPONSE_PRESENT
apple_1004844,"@115858 I HATE my battery, seriously thinking about buying @117159 S8 instead of iphone 8 plus","CUSTOMER: @115858 I HATE my battery, seriously thinking about buying @117159 S8 instead of iphone 8 plus
SUPPORT: @357831 We'll gladly assist with your battery issues. What device and what iOS version is it running?
CUSTOMER: @AppleSupport It is a 6s, iOS 11.1.2
SUPPORT: @357831 Thanks for providing that for us. We know how important it is to have your battery performing as expected. Are you using the cable that came with your iPhone, or a third-party cable? Also, how are you charging the iPhone; in a computer or with a wall adapter?
CUSTOMER: @AppleSupport My original battery charger was stolen and I am using a temporary while I wait for the one that I bought
SUPPORT: @357831 Do you know if the charger you're using is certified to be used with Apple devices?
CUSTOMER: @AppleSupport Yes, it is certified
CUSTOMER: @AppleSupport Is it possible to be the software update?
SUPPORT: @357831 Let's look further into this in DM here: https://t.co/GDrqU22YpT",@357831 Let's look further into this in DM here: https://t.co/GDrqU22YpT,9,5,4,SUPPORT_RESPONSE_PRESENT
apple_1004949,"@AppleSupport ios11 makes every app on my phone freeze after a while....shit update, sort it out","CUSTOMER: @AppleSupport ios11 makes every app on my phone freeze after a while....shit update, sort it out
SUPPORT: @357855 We'd like to gather some more information for better troubleshooting. Can you DM us the country you are located in? https://t.co/GDrqU22YpT",@357855 We'd like to gather some more information for better troubleshooting. Can you DM us the country you are located in? https://t.co/GDrqU22YpT,2,1,1,SUPPORT_RESPONSE_PRESENT
apple_1004952,"@AppleSupport Hi, My phones on silent but still makes a noise when the cameras on. Do you know what might be the problem?🤷🏼‍♀️","CUSTOMER: @AppleSupport Hi, My phones on silent but still makes a noise when the cameras on. Do you know what might be the problem?🤷🏼‍♀️
SUPPORT: @357856 Hey there! We'd love to help with this. Can you describe the sound for us? Is it like a camera shutter? https://t.co/GDrqU22YpT
CUSTOMER: @AppleSupport Just like a normal camera sound when you take a picture
SUPPORT: @357856 Thank you for clarifying. Muting that sound isn't allowed in some countries. This link has more info: https://t.co/EDczQdto9X",@357856 Thank you for clarifying. Muting that sound isn't allowed in some countries. This link has more info: https://t.co/EDczQdto9X,4,2,2,SUPPORT_RESPONSE_PRESENT
apple_1004959,@115858 why does my 8+ crash and freeze multiple time per day? ITS TWO WEEKS OLD YA DUMB FUCKS,"CUSTOMER: @115858 why does my 8+ crash and freeze multiple time per day? ITS TWO WEEKS OLD YA DUMB FUCKS
SUPPORT: @357858 We're glad to look into any issue your having with your new iPhone. Let's meet up in DM. Feel free to provide as many details as you feel comfortable. https://t.co/GDrqU22YpT",@357858 We're glad to look into any issue your having with your new iPhone. Let's meet up in DM. Feel free to provide as many details as you feel comfortable. https://t.co/GDrqU22YpT,2,1,1,SUPPORT_RESPONSE_PRESENT
apple_1004962,@AppleSupport @115858 my iPhone 6s sometimes rotates to landscape mode. Isnt it a bug?is Landscape mode available for non Plus devices too?? @135834 https://t.co/eTn573Lj0B,"CUSTOMER: @AppleSupport @115858 my iPhone 6s sometimes rotates to landscape mode. Isnt it a bug?is Landscape mode available for non Plus devices too?? @135834 https://t.co/eTn573Lj0B
SUPPORT: @357859 Hi there! Even non-Plus iPhone models have landscape mode. Is this happening even when you're not rotating your iPhone to landscape? Which iOS version are we working with? That will be in Settings &gt; General &gt; About.
CUSTOMER: @AppleSupport 11.1.1
SUPPORT: @357859 Let's backup your iPhone and update to iOS 11.1.2. Please shoot us a DM once that's done. 
How to back up: https://t.co/4f8hwT5to6 https://t.co/GDrqU22YpT","@357859 Let's backup your iPhone and update to iOS 11.1.2. Please shoot us a DM once that's done. 
How to back up: https://t.co/4f8hwT5to6 https://t.co/GDrqU22YpT",4,2,2,SUPPORT_RESPONSE_PRESENT
apple_1004970,"@AppleSupport I have the latest IOS and sometimes my entire top display like the Battery, signal, time etc disappears... Only way it comes back is if I reset my phone. https://t.co/obXcC4zwKm","CUSTOMER: @AppleSupport I have the latest IOS and sometimes my entire top display like the Battery, signal, time etc disappears... Only way it comes back is if I reset my phone. https://t.co/obXcC4zwKm
SUPPORT: @357862 We’d like to see what’s going on. Does this happen randomly or do you notice this happens after doing anything specific on your iPhone (opening an app, rotating the screen, so on)?
CUSTOMER: @AppleSupport To be honest I haven’t noticed when it’s happening. I will keep a look out, but it has happened several times recently. I have been trying to recreate the problem and had no luck. I will keep in contact and let you know when I notice it again👌
SUPPORT: @357862 No worries. Thanks for keeping an eye out for this issue and keeping us posted. You can reach out to us any day from 5 a.m. to 8 p.m. Pacific time to continue.",@357862 No worries. Thanks for keeping an eye out for this issue and keeping us posted. You can reach out to us any day from 5 a.m. to 8 p.m. Pacific time to continue.,4,2,2,SUPPORT_RESPONSE_PRESENT
apple_1004974,Did @115858 break iTunes with the new software update on our phones? Anyone else having issues getting a song to play?,"CUSTOMER: Did @115858 break iTunes with the new software update on our phones? Anyone else having issues getting a song to play?
SUPPORT: @357863 We're here to help. Are you having issues playing streaming music or music that has been downloaded to your device?
CUSTOMER: @AppleSupport yes. every time i attempt to select a song to play (cloud, library, stream, doesn't matter), a wonderful pink/blue ombre screen appears telling me I'm logged in already! Very unhelpful. Listened to a podcast instead.
SUPPORT: @357863  Which iOS 11 version are you currently running? Go to Settings &gt; General &gt; About for the version.
CUSTOMER: @AppleSupport 11.1.2 - there were 1000 other bugs for 11.1, but not this one!
CUSTOMER: @AppleSupport I should give you guys a lil credit for speeding up app opening time - that was 2 brutal weeks!!
SUPPORT: @357863 Are you still seeing those issue with playback controls in iTunes and Music?
CUSTOMER: @AppleSupport Yes!
SUPPORT: @357863 Have you had a chance to force quit the Music App, and then restart the device since updating to iOS 11.1.2?","@357863 Have you had a chance to force quit the Music App, and then restart the device since updating to iOS 11.1.2?",9,5,4,SUPPORT_RESPONSE_PRESENT
apple_1004984,". @AppleSupport entends quoi par ""Il n’est pas possible d’utiliser un disque externe en plus d’un volume Fusion Drive."" https://t.co/9IDIqmzlEz @316296 @357866","CUSTOMER: . @AppleSupport entends quoi par ""Il n’est pas possible d’utiliser un disque externe en plus d’un volume Fusion Drive."" https://t.co/9IDIqmzlEz @316296 @357866
SUPPORT: @357865 We offer support via Twitter in English. Contact us for help in your preferred language here: https://t.co/IBIY3vMgPj",@357865 We offer support via Twitter in English. Contact us for help in your preferred language here: https://t.co/IBIY3vMgPj,2,1,1,SUPPORT_RESPONSE_PRESENT
apple_1004989,@AppleSupport Can I Get a home video I made in iMovie from my iPhone to my Moms iMac without using the cloud? Via iTunes maybe?,"CUSTOMER: @AppleSupport Can I Get a home video I made in iMovie from my iPhone to my Moms iMac without using the cloud? Via iTunes maybe?
SUPPORT: @357867 We're here for you. You can share your video from your iPhone to Apple devices nearby by using AirDrop. You can find instructions here: https://t.co/1sfjYKb68x
CUSTOMER: @AppleSupport Thank you, but I don’t see a share-button in the video’s app (where my movie is located on my phone)
SUPPORT: @357867 We'd be happy to look into this with you further. DM us using the link below and we'll go from there. https://t.co/GDrqU22YpT",@357867 We'd be happy to look into this with you further. DM us using the link below and we'll go from there. https://t.co/GDrqU22YpT,4,2,2,SUPPORT_RESPONSE_PRESENT
apple_1004991,I have a great (probably my best) video edited and sorted... For two months! There’s an error in iMovie that won’t let me export! @AppleSupport,"CUSTOMER: I have a great (probably my best) video edited and sorted... For two months! There’s an error in iMovie that won’t let me export! @AppleSupport
SUPPORT: @357868 For this issue we'd recommend reaching out to our App Experts here: https://t.co/IBIY3vMgPj",@357868 For this issue we'd recommend reaching out to our App Experts here: https://t.co/IBIY3vMgPj,2,1,1,SUPPORT_RESPONSE_PRESENT
apple_1004993,30+ minutes on the phone with @115858 Support &amp; they ain’t do shiiiiittt to fix my Mac 😤,"CUSTOMER: 30+ minutes on the phone with @115858 Support &amp; they ain’t do shiiiiittt to fix my Mac 😤
SUPPORT: @357869 Hey there. We're here to help. DM us and tell us more about what's happening with your Mac and we'll go from there. https://t.co/GDrqU22YpT",@357869 Hey there. We're here to help. DM us and tell us more about what's happening with your Mac and we'll go from there. https://t.co/GDrqU22YpT,2,1,1,SUPPORT_RESPONSE_PRESENT
apple_1004995,I’m scared to wear my Apple Watch because yesterday it spontaneously called 911 four times and I had to repeatedly explain to the police that I was not in need of their assistance @115858,"CUSTOMER: I’m scared to wear my Apple Watch because yesterday it spontaneously called 911 four times and I had to repeatedly explain to the police that I was not in need of their assistance @115858
SUPPORT: @357870 This is certainly unexpected behavior. We want you to be able to wear your Apple Watch without issue. We'd like to assist, please meet us in DM to continue. https://t.co/GDrqU22YpT","@357870 This is certainly unexpected behavior. We want you to be able to wear your Apple Watch without issue. We'd like to assist, please meet us in DM to continue. https://t.co/GDrqU22YpT",2,1,1,SUPPORT_RESPONSE_PRESENT
apple_1004998,Apple sucks... brand new iPhone crashes every fucking day @115858,"CUSTOMER: Apple sucks... brand new iPhone crashes every fucking day @115858
SUPPORT: @357858 That's not the experience we want you to have with a new iPhone. What kind of iPhone do you have &amp; what is the exact iOS version it's running? You can find out by going to Settings &gt; General &gt; About.
CUSTOMER: @AppleSupport 11.1.2, iPhone 8+ only 2-3 weeks old.",@357858 That's not the experience we want you to have with a new iPhone. What kind of iPhone do you have &amp; what is the exact iOS version it's running? You can find out by going to Settings &gt; General &gt; About.,3,2,1,SUPPORT_RESPONSE_PRESENT
apple_1005001,@AppleSupport is there any cable to connect my iPad pro to iPhone 6S?,"CUSTOMER: @AppleSupport is there any cable to connect my iPad pro to iPhone 6S?
SUPPORT: @357859 There is not a cable to connect them but there are several ways to transfer content from one to another if that's what you want to do. Is there something specific you want to do?
CUSTOMER: @AppleSupport I just want to move (like ctrl+X) files from my phone to the iPad
SUPPORT: @357859 Let's check out a feature called AirDrop for that. Use AirDrop on your iPhone, iPad, or iPod touch: https://t.co/1sfjYKb68x
Let us know in DM how it goes. https://t.co/GDrqU22YpT","@357859 Let's check out a feature called AirDrop for that. Use AirDrop on your iPhone, iPad, or iPod touch: https://t.co/1sfjYKb68x
Let us know in DM how it goes. https://t.co/GDrqU22YpT",4,2,2,SUPPORT_RESPONSE_PRESENT
apple_1005004,"Llevo así 2 horas, alguien sabe cuanto más podré estar así? @AppleSupport @18705 @119459 AYURAAA https://t.co/rwZ2h3tUFn","CUSTOMER: Llevo así 2 horas, alguien sabe cuanto más podré estar así? @AppleSupport @18705 @119459 AYURAAA https://t.co/rwZ2h3tUFn
SUPPORT: @357871 We offer support via Twitter in English. Get help in Spanish here: https://t.co/IBIY3vMgPj or join https://t.co/OczyRx7IOs",@357871 We offer support via Twitter in English. Get help in Spanish here: https://t.co/IBIY3vMgPj or join https://t.co/OczyRx7IOs,2,1,1,SUPPORT_RESPONSE_PRESENT
apple_1005007,"Hi @AppleSupport I hav a faulty phone,only 5 months old!Spoke to your support team who hav tried helping but I hav a hardware issue, so a replacement is my only option!I dont live near a store,sending away is not a option,I need to b contactable!What other options do apple have?","CUSTOMER: Hi @AppleSupport I hav a faulty phone,only 5 months old!Spoke to your support team who hav tried helping but I hav a hardware issue, so a replacement is my only option!I dont live near a store,sending away is not a option,I need to b contactable!What other options do apple have?
SUPPORT: @357872 Hey there! Thanks for reaching out to us about this. We may have another option, but we'll need to look into this further before we can be sure of that. Shoot us a DM and we'll go from there. https://t.co/GDrqU22YpT
CUSTOMER: @AppleSupport It appears that the other option(whatever that may be)is not available to customers using a 5 month old faulty phone,that only works on low brightness,consequently damaging them eyes!Great to see you looking after your customers Apple👍May have to send you my opticians bill 👓🤔","@357872 Hey there! Thanks for reaching out to us about this. We may have another option, but we'll need to look into this further before we can be sure of that. Shoot us a DM and we'll go from there. https://t.co/GDrqU22YpT",3,2,1,SUPPORT_RESPONSE_PRESENT
apple_1005012,@115858 WHAT THE FUDGE IS WRONG WITH MY MF PHONE?! IM GETTING MAD HERE @115858 @AppleSupport,"CUSTOMER: @115858 WHAT THE FUDGE IS WRONG WITH MY MF PHONE?! IM GETTING MAD HERE @115858 @AppleSupport
SUPPORT: @357873 We're happy to help. Tell us more about the issues you're experiencing with the via DM. We'll go from there. https://t.co/GDrqU22YpT
CUSTOMER: @AppleSupport I did :).....MORE THAN A THOUSAND TIMES 🤦🏻‍♀️🤦🏻‍♀️🤦🏻‍♀️🤦🏻‍♀️
CUSTOMER: @AppleSupport IM SORRY BUT I AM MAD
CUSTOMER: @AppleSupport Imma just cry in vain",@357873 We're happy to help. Tell us more about the issues you're experiencing with the via DM. We'll go from there. https://t.co/GDrqU22YpT,5,4,1,SUPPORT_RESPONSE_PRESENT
apple_1005016,@AppleSupport my Apple Watch keeps going into airplane mode. What’s up with that?,"CUSTOMER: @AppleSupport my Apple Watch keeps going into airplane mode. What’s up with that?
SUPPORT: @357874 Thanks for bringing this to our attention. Can you tell us which model Apple Watch you have and which model iPhone that it's paired with?
CUSTOMER: @AppleSupport Yes I have an iPhone 7 Plus and Watch is 38mm old model not 100% certain of model
SUPPORT: @357874 Thanks for the details. Next, so we can go into more detail and to protect your privacy, let's meet in DM. https://t.co/GDrqU22YpT","@357874 Thanks for the details. Next, so we can go into more detail and to protect your privacy, let's meet in DM. https://t.co/GDrqU22YpT",4,2,2,SUPPORT_RESPONSE_PRESENT
apple_1005019,iPhone push notifs for e-mail working nicely: now getting five hour old e-mails. @AppleSupport  fix this shit.,"CUSTOMER: iPhone push notifs for e-mail working nicely: now getting five hour old e-mails. @AppleSupport  fix this shit.
SUPPORT: @215935 We'd like to help. Tell us a bit more about the exact issue you're encountering with the email notifications via DM. We'll go from there. https://t.co/GDrqU22YpT",@215935 We'd like to help. Tell us a bit more about the exact issue you're encountering with the email notifications via DM. We'll go from there. https://t.co/GDrqU22YpT,2,1,1,SUPPORT_RESPONSE_PRESENT
apple_1005022,"@AppleSupport My phone keeps restarting by it self. Don't even try and tell me to go into settings right now because I can't, I can't access my phone. Sos.","CUSTOMER: @AppleSupport My phone keeps restarting by it self. Don't even try and tell me to go into settings right now because I can't, I can't access my phone. Sos.
SUPPORT: @357875 We're glad you are reaching out to us. Let's start by finding out what is showing on the iPhone display when it's restarting? A spinning gear or the Apple logo?
CUSTOMER: @AppleSupport The Apple logo
SUPPORT: @357875 When the iPhone comes on again, are you able to use it or does it power right back off? Please DM us. https://t.co/GDrqU22YpT","@357875 When the iPhone comes on again, are you able to use it or does it power right back off? Please DM us. https://t.co/GDrqU22YpT",4,2,2,SUPPORT_RESPONSE_PRESENT
apple_1005030,"@AppleSupport Manage my reservation is returning an error:  Service Unavailable - Zero size object

The server is temporarily unable to service your request. Please try again later.","CUSTOMER: @AppleSupport Manage my reservation is returning an error:  Service Unavailable - Zero size object

The server is temporarily unable to service your request. Please try again later.
SUPPORT: @153208 Let's look at this together. Have you been able to test in another browser?",@153208 Let's look at this together. Have you been able to test in another browser?,2,1,1,SUPPORT_RESPONSE_PRESENT
apple_1005032,"Experienced the worst #iOS bug ever last night, an app displayed two dialog alerts for new permissions, I locked the phone, unlock and everything was unresponsive. Couldn't even reset the phone because the dialog alerts were covering the swipe to shut down. Help @AppleSupport?","CUSTOMER: Experienced the worst #iOS bug ever last night, an app displayed two dialog alerts for new permissions, I locked the phone, unlock and everything was unresponsive. Couldn't even reset the phone because the dialog alerts were covering the swipe to shut down. Help @AppleSupport?
SUPPORT: @357878 We'd like to look into this with you. Is your iPhone still exhibiting this behavior? Join us in DM with your iPhone model and the version of iOS currently installed. https://t.co/GDrqU22YpT",@357878 We'd like to look into this with you. Is your iPhone still exhibiting this behavior? Join us in DM with your iPhone model and the version of iOS currently installed. https://t.co/GDrqU22YpT,2,1,1,SUPPORT_RESPONSE_PRESENT
apple_1005043,i have 128gb on this damn phone and it’s moving like a snail and spazzin’.. what’s y’all problem @115858,"CUSTOMER: i have 128gb on this damn phone and it’s moving like a snail and spazzin’.. what’s y’all problem @115858
SUPPORT: @357882 We want to make sure your iPhone is working great and we're happy to help. DM us your model iPhone, the iOS version installed, and specific details regarding this slow performance. We'll do our best to help. https://t.co/GDrqU22YpT","@357882 We want to make sure your iPhone is working great and we're happy to help. DM us your model iPhone, the iOS version installed, and specific details regarding this slow performance. We'll do our best to help. https://t.co/GDrqU22YpT",2,1,1,SUPPORT_RESPONSE_PRESENT
apple_1005045,So freaking disappointed with my @115858 #iphonex that acts like it’s possessed even after extensive restoration... 😩,"CUSTOMER: So freaking disappointed with my @115858 #iphonex that acts like it’s possessed even after extensive restoration... 😩
SUPPORT: @357883 We want to help. Can you DM us with more detail? We'll meet you there! https://t.co/GDrqU22YpT",@357883 We want to help. Can you DM us with more detail? We'll meet you there! https://t.co/GDrqU22YpT,2,1,1,SUPPORT_RESPONSE_PRESENT
apple_1005207,"@AppleSupport hiya, moving from the UK to Canada and need a new power lead for my Apple TV (4) - how do I do that?","CUSTOMER: @AppleSupport hiya, moving from the UK to Canada and need a new power lead for my Apple TV (4) - how do I do that?
SUPPORT: @320208 Great question! Let's get you in the right direction for support. Please contact our Apple TV Team here: https://t.co/IBIY3vMgPj",@320208 Great question! Let's get you in the right direction for support. Please contact our Apple TV Team here: https://t.co/IBIY3vMgPj,2,1,1,SUPPORT_RESPONSE_PRESENT
apple_1005209,So @115858 can make a phone that can read ur fingerprint And they cant make a charger that actually freakin charges?!!!,"CUSTOMER: So @115858 can make a phone that can read ur fingerprint And they cant make a charger that actually freakin charges?!!!
SUPPORT: @357919 We'd be happy to look into this with you.  Please reach out to us via DM and we'll get started. https://t.co/GDrqU22YpT",@357919 We'd be happy to look into this with you.  Please reach out to us via DM and we'll get started. https://t.co/GDrqU22YpT,2,1,1,SUPPORT_RESPONSE_PRESENT
apple_1005212,"@AppleSupport hi guys
Could you please DM me to discuss an issue I'm having with account recovery please? I'm getting really annoyed now 😭","CUSTOMER: @AppleSupport hi guys
Could you please DM me to discuss an issue I'm having with account recovery please? I'm getting really annoyed now 😭
SUPPORT: @147296 For help with your Apple ID, reach out to our Account Security team here:  https://t.co/UJm15vmMM2
CUSTOMER: @AppleSupport But the 'team' have been no use on 3 occasions now! And why is it such a complicated process which takes weeks to come to an end?","@147296 For help with your Apple ID, reach out to our Account Security team here:  https://t.co/UJm15vmMM2",3,2,1,SUPPORT_RESPONSE_PRESENT
apple_1005214,Before I update my info is this legitimate??? I got a text saying my @115858 is expiring today? https://t.co/MqGSLx3g9R,"CUSTOMER: Before I update my info is this legitimate??? I got a text saying my @115858 is expiring today? https://t.co/MqGSLx3g9R
SUPPORT: @357920 This appears to be phishing. Did you receive this as a regular text message, or did it come through as an iMessage?","@357920 This appears to be phishing. Did you receive this as a regular text message, or did it come through as an iMessage?",2,1,1,SUPPORT_RESPONSE_PRESENT
apple_1005220,@AppleSupport seriously every charger we get breaks within a month! Now I have to go spend more money on another charger 😡😡,"CUSTOMER: @AppleSupport seriously every charger we get breaks within a month! Now I have to go spend more money on another charger 😡😡
SUPPORT: @357923 We'd like to hear more about this. Please let us know in DM which device you're using and what happened. https://t.co/GDrqU22YpT",@357923 We'd like to hear more about this. Please let us know in DM which device you're using and what happened. https://t.co/GDrqU22YpT,2,1,1,SUPPORT_RESPONSE_PRESENT
apple_1005223,"Do you know about this; @115858 @AppleSupport ? Obviously it's a scam, and I've received similar emails, but never a text before. https://t.co/qIL5efcjoo","CUSTOMER: Do you know about this; @115858 @AppleSupport ? Obviously it's a scam, and I've received similar emails, but never a text before. https://t.co/qIL5efcjoo
SUPPORT: @357924 Hi there. Thanks for reaching out. Here's a great resource to report phishing messages: https://t.co/LNMCdqt6fD
CUSTOMER: @AppleSupport Thanks! That's helpful for emails &amp; iMessages and I will forward them on in future. Unfortunately this one was an SMS from a blocked number.
SUPPORT: @357924 OK. For this, we would recommend reaching out to your carrier.","@357924 OK. For this, we would recommend reaching out to your carrier.",4,2,2,SUPPORT_RESPONSE_PRESENT
apple_1005227,@AppleSupport desde el jueves sin teléfono pq no se aclaran con las incidencias,"CUSTOMER: @AppleSupport desde el jueves sin teléfono pq no se aclaran con las incidencias
SUPPORT: @357925 We offer support via Twitter in English. Get help in Spanish here: https://t.co/IBIY3vMgPj or join https://t.co/OczyRx7IOs
CUSTOMER: @AppleSupport I did it before, they are not helping, they say I have to wait until Apple see the bill. It is my 3th day without phone",@357925 We offer support via Twitter in English. Get help in Spanish here: https://t.co/IBIY3vMgPj or join https://t.co/OczyRx7IOs,3,2,1,SUPPORT_RESPONSE_PRESENT
apple_1005230,"@AppleSupport I used to really love my iPhone. Like, really love. But now with new software it lasts 2hrs. This is emotional. Can you help?","CUSTOMER: @AppleSupport I used to really love my iPhone. Like, really love. But now with new software it lasts 2hrs. This is emotional. Can you help?
SUPPORT: @357926 We'd love to help for sure! Which iPhone do you have &amp; what version of iOS do you have installed currently?
CUSTOMER: @AppleSupport Thank you! I have iPhone 6S and iOS 11.03 currently. Let me know if I need to go to Apple store, or if there’s another way.
SUPPORT: @357926 When did you update to 11.0.3? Let us know in DM and we’ll go from there. https://t.co/GDrqU2kzhr",@357926 When did you update to 11.0.3? Let us know in DM and we’ll go from there. https://t.co/GDrqU2kzhr,4,2,2,SUPPORT_RESPONSE_PRESENT
apple_1005233,"@AppleSupport I am still having issue with ASPN and notifications with multiple applications, mail and @4305 iOS11.0.3","CUSTOMER: @AppleSupport I am still having issue with ASPN and notifications with multiple applications, mail and @4305 iOS11.0.3
SUPPORT: @357927 Hi there. Please send us a DM with details. We'll meet you there to help out. https://t.co/GDrqU22YpT",@357927 Hi there. Please send us a DM with details. We'll meet you there to help out. https://t.co/GDrqU22YpT,2,1,1,SUPPORT_RESPONSE_PRESENT
apple_1005240,My iPhone just randomly started bleeping like a fire alarm. Twice already. Wtf is happening 😩 @AppleSupport,"CUSTOMER: My iPhone just randomly started bleeping like a fire alarm. Twice already. Wtf is happening 😩 @AppleSupport
SUPPORT: @357929 We're here for you. Click here to meet us in DM. We'll pick up there: https://t.co/GDrqU22YpT",@357929 We're here for you. Click here to meet us in DM. We'll pick up there: https://t.co/GDrqU22YpT,2,1,1,SUPPORT_RESPONSE_PRESENT
apple_1005243,"Hey @115858 could you fix battery draining with ios11?! In one night (5-6h) loose 7% without doing anything. Before 11.0.3, 3-4%..","CUSTOMER: Hey @115858 could you fix battery draining with ios11?! In one night (5-6h) loose 7% without doing anything. Before 11.0.3, 3-4%..
SUPPORT: @357930 Battery life is essential; we'll do all we can to help. To start, connect with us in DM: https://t.co/GDrqU22YpT","@357930 Battery life is essential; we'll do all we can to help. To start, connect with us in DM: https://t.co/GDrqU22YpT",2,1,1,SUPPORT_RESPONSE_PRESENT
apple_1005245,@AppleSupport Hey Apple. When Will Apple-Sim for the Apple watch series 3 be supported in the Netherlands? When will Vodafone support it????,"CUSTOMER: @AppleSupport Hey Apple. When Will Apple-Sim for the Apple watch series 3 be supported in the Netherlands? When will Vodafone support it????
SUPPORT: @357931 We appreciate your interest and encourage you to stay up to date on Apple news here: https://t.co/gbIPLOsnZd",@357931 We appreciate your interest and encourage you to stay up to date on Apple news here: https://t.co/gbIPLOsnZd,2,1,1,SUPPORT_RESPONSE_PRESENT
apple_1005273,@AppleSupport since #iOS11 update my clock isn’t working properly. https://t.co/5RtofiCkjO,"CUSTOMER: @AppleSupport since #iOS11 update my clock isn’t working properly. https://t.co/5RtofiCkjO
SUPPORT: @357941 We know how critical time is &amp; we'll help how we can. Have you restarted your iPhone yet? DM us if still incorrect. https://t.co/GDrqU22YpT
CUSTOMER: @AppleSupport Sorry I’ve tried it but it’s still not right https://t.co/PxbOCqppTF
SUPPORT: @357941 So to confirm with you, what all were you noticing is incorrect? Was it the wrong time, wrong format, etc?","@357941 So to confirm with you, what all were you noticing is incorrect? Was it the wrong time, wrong format, etc?",4,2,2,SUPPORT_RESPONSE_PRESENT
apple_1005289,my live pictures from facetime not saving to my phone 🙄 @AppleSupport .......... IM ON YO ASS ‼️,"CUSTOMER: my live pictures from facetime not saving to my phone 🙄 @AppleSupport .......... IM ON YO ASS ‼️
SUPPORT: @357944 We'd like to look into this with you. Let's hop in DM. We'll continue there. Click here: https://t.co/GDrqU22YpT",@357944 We'd like to look into this with you. Let's hop in DM. We'll continue there. Click here: https://t.co/GDrqU22YpT,2,1,1,SUPPORT_RESPONSE_PRESENT
apple_1005291,Shouldn’t have to purchase a new phone because of the new update @115858,"CUSTOMER: Shouldn’t have to purchase a new phone because of the new update @115858
SUPPORT: @357945 We'd be happy to assist.  Let us know in DM the issues you're having and we'll continue from there. https://t.co/GDrqU22YpT",@357945 We'd be happy to assist.  Let us know in DM the issues you're having and we'll continue from there. https://t.co/GDrqU22YpT,2,1,1,SUPPORT_RESPONSE_PRESENT
apple_100540,My iPhone been moving slow af the past couple weeks. I need answers @AppleSupport,"CUSTOMER: My iPhone been moving slow af the past couple weeks. I need answers @AppleSupport
SUPPORT: @137986 We’d love to help with the performance of your iPhone. To start, please send us a DM confirming which iPhone and exact software version you’re using. You can tap Settings &gt; General &gt; About to locate the software version. https://t.co/GDrqU22YpT","@137986 We’d love to help with the performance of your iPhone. To start, please send us a DM confirming which iPhone and exact software version you’re using. You can tap Settings &gt; General &gt; About to locate the software version. https://t.co/GDrqU22YpT",2,1,1,SUPPORT_RESPONSE_PRESENT
apple_1006061,@AppleSupport Trying to request Swedish keyboard layout in the US for MB Pro. Running around in circles with support. Can you help? https://t.co/OeQNGA5kVg,"CUSTOMER: @AppleSupport Trying to request Swedish keyboard layout in the US for MB Pro. Running around in circles with support. Can you help? https://t.co/OeQNGA5kVg
SUPPORT: @358109 Hi there! Our online sales team would need to look into that with you. Reach out to them here:  https://t.co/8yjRd1Xo0i
CUSTOMER: @AppleSupport I did, they were baffled by the request with advice of glueing on keyboard letters manually. Can you give any further advice?
SUPPORT: @358109 Our sales team would be the ones to get in contact with for this matter.
CUSTOMER: @AppleSupport Thanks I did, they gave me the reply that I would have to glue on keyboard letters which doesn't seem right for $2399. Any other advice?
CUSTOMER: @AppleSupport Feeling a bit discriminated that it is possible to order Danish and Swiss layout but no Swedish keyboard layout :( https://t.co/pVLrS1kKde",@358109 Our sales team would be the ones to get in contact with for this matter.,6,4,2,SUPPORT_RESPONSE_PRESENT
apple_1006064,@AppleSupport IOS11 deleted all of my appointments. Know of a fix for this?,"CUSTOMER: @AppleSupport IOS11 deleted all of my appointments. Know of a fix for this?
SUPPORT: @358110 Let's take a look at this together. Are you using Apple Calendars? If you go to Settings &gt; Apple ID &gt; iCloud, is Calendar on?
CUSTOMER: @AppleSupport Yes, it’s on. In addition, I cannot scroll past December into next year in my calendar. Big glitch
SUPPORT: @358110 Were you using iCloud? Let us know in a DM. https://t.co/GDrqU22YpT",@358110 Were you using iCloud? Let us know in a DM. https://t.co/GDrqU22YpT,4,2,2,SUPPORT_RESPONSE_PRESENT
apple_1006067,Since I updated my iPhone my Bluetooth randomly comes on. 🤷🏽‍♂️🤷🏽‍♂️@AppleSupport,"CUSTOMER: Since I updated my iPhone my Bluetooth randomly comes on. 🤷🏽‍♂️🤷🏽‍♂️@AppleSupport
SUPPORT: @358111 We're here to help! If you're using Control Center, that button only disconnects. This link has more info: https://t.co/G7BHuQnDS6","@358111 We're here to help! If you're using Control Center, that button only disconnects. This link has more info: https://t.co/G7BHuQnDS6",2,1,1,SUPPORT_RESPONSE_PRESENT
apple_1006070,@115858 are we kidding? Phone won’t hold a charge for more than an hour since updating to iOS 11 💁🏼 #blessed #getittogether!,"CUSTOMER: @115858 are we kidding? Phone won’t hold a charge for more than an hour since updating to iOS 11 💁🏼 #blessed #getittogether!
SUPPORT: @358112 We're happy to assist. Which iOS version are you currently running? Go to Settings &gt; General &gt; About for the version.
CUSTOMER: @AppleSupport Oh hey! 11.0.3 🙂
SUPPORT: @358112 Which iPhone are you using?
CUSTOMER: @AppleSupport iPhone 6s Plus! With Verizon
SUPPORT: @358112 Go ahead and DM us your country so we can look into a few more things with you. https://t.co/GDrqU22YpT",@358112 Go ahead and DM us your country so we can look into a few more things with you. https://t.co/GDrqU22YpT,6,3,3,SUPPORT_RESPONSE_PRESENT
apple_1006075,@AppleSupport I'm having a trouble with iTunes on my laptop involving a movie purchase. Please help.,"CUSTOMER: @AppleSupport I'm having a trouble with iTunes on my laptop involving a movie purchase. Please help.
SUPPORT: @358113 We'd love to make sure that you get the help that you need with your movie purchase! What kind of trouble are you having?",@358113 We'd love to make sure that you get the help that you need with your movie purchase! What kind of trouble are you having?,2,1,1,SUPPORT_RESPONSE_PRESENT
apple_1006080,"@AppleSupport Hi, been having a lot of trouble with my iPhone lately and any help or advice u could give would really help.","CUSTOMER: @AppleSupport Hi, been having a lot of trouble with my iPhone lately and any help or advice u could give would really help.
SUPPORT: @311210  We're happy to assist. Which iOS version are you currently running? Go to Settings &gt; General &gt; About for the version.
CUSTOMER: @AppleSupport I'm on 10.2 I haven't been able to update to the latest version of iOS because of space...and thanks for getting back to me!🙂
SUPPORT: @311210 Go to Settings &gt; General &gt; Storage &amp; iCloud Usage &gt; Manage Storage under the top section.  What does it show for available?
CUSTOMER: @AppleSupport Right now it shows zero but in an hour it could be 18, 100 or tomorrow a 1g.",@311210 Go to Settings &gt; General &gt; Storage &amp; iCloud Usage &gt; Manage Storage under the top section.  What does it show for available?,5,3,2,SUPPORT_RESPONSE_PRESENT
apple_1006082,"@115858 please get your shit together with this new update, my phone dies 10x faster than it did before I updated it to iOS 11.0.3😠","CUSTOMER: @115858 please get your shit together with this new update, my phone dies 10x faster than it did before I updated it to iOS 11.0.3😠
SUPPORT: @358114 That should not be happening. Let us help. DM us which iPhone this is happening on. We'll go from there. https://t.co/GDrqU22YpT",@358114 That should not be happening. Let us help. DM us which iPhone this is happening on. We'll go from there. https://t.co/GDrqU22YpT,2,1,1,SUPPORT_RESPONSE_PRESENT
apple_1006086,@AppleSupport after update of ios 11.0.2 my iphone 6s screen freeze and phone has become slow with battery drain . Please help,"CUSTOMER: @AppleSupport after update of ios 11.0.2 my iphone 6s screen freeze and phone has become slow with battery drain . Please help
SUPPORT: @358115 We're here for you. Send us a DM, and we'll take a closer look at the issue together. https://t.co/GDrqU22YpT
CUSTOMER: @AppleSupport sent u a dm please check help for the same ...
CUSTOMER: @AppleSupport  https://t.co/jP5hb2vUTK
SUPPORT: @358115 Hello, and thanks for reaching back out to us. We're sorry to see you're still experiencing issues on your iOS device, and would like to make sure you have all the information you need. 

Let's meet in DM so we can discuss this further. https://t.co/GDrqU22YpT","@358115 Hello, and thanks for reaching back out to us. We're sorry to see you're still experiencing issues on your iOS device, and would like to make sure you have all the information you need. 

Let's meet in DM so we can discuss this further. https://t.co/GDrqU22YpT",5,3,2,SUPPORT_RESPONSE_PRESENT
apple_1006092,@AppleSupport I just had a strange behaviour with FaceTime. I was calling someone from my Addr. Book and someone else was getting the call!,"CUSTOMER: @AppleSupport I just had a strange behaviour with FaceTime. I was calling someone from my Addr. Book and someone else was getting the call!
SUPPORT: @358116 We'd be happy to take a closer look at this with you. Send us a DM, and we'll continue from there. https://t.co/GDrqU22YpT","@358116 We'd be happy to take a closer look at this with you. Send us a DM, and we'll continue from there. https://t.co/GDrqU22YpT",2,1,1,SUPPORT_RESPONSE_PRESENT
apple_1006095,"Well shit, my iPhone gave up on me again. @AppleSupport better replace it with a new one.","CUSTOMER: Well shit, my iPhone gave up on me again. @AppleSupport better replace it with a new one.
SUPPORT: @358117 We'd like to help with the current iPhone you have. Did you have a power failure; are you able to use the iPhone?
CUSTOMER: @AppleSupport The iPhone wont turn back on. it sure needs to be replaced
SUPPORT: @358117  We understand wanting to get your phone back in working order. Let's start by following these steps: https://t.co/8MvHMFZ83h",@358117  We understand wanting to get your phone back in working order. Let's start by following these steps: https://t.co/8MvHMFZ83h,4,2,2,SUPPORT_RESPONSE_PRESENT
apple_1006105,@AppleSupport charged my card three times and my Music is still not working,"CUSTOMER: @AppleSupport charged my card three times and my Music is still not working
SUPPORT: @358119 We're here to help. Let's take this to DM so we can better assist you. https://t.co/GDrqU22YpT",@358119 We're here to help. Let's take this to DM so we can better assist you. https://t.co/GDrqU22YpT,2,1,1,SUPPORT_RESPONSE_PRESENT
apple_1006109,"Hello, @115858 please correct the battery issue that’s taking place on my iPhone 7 in the new IOS update. My battery life used to be top tier","CUSTOMER: Hello, @115858 please correct the battery issue that’s taking place on my iPhone 7 in the new IOS update. My battery life used to be top tier
SUPPORT: @358120 We'd be happy to help with your iPhone.  Please let us know which specific iOS version you're currently running.
CUSTOMER: @AppleSupport I’m running 11.03 ios version on my iPhone 7. Is there a fix to this? Thank you for your quick response. Much appreciated! https://t.co/x9uN6e9hB2
SUPPORT: @358120 Send us a DM and we'll continue working with you there. https://t.co/GDrqU22YpT",@358120 Send us a DM and we'll continue working with you there. https://t.co/GDrqU22YpT,4,2,2,SUPPORT_RESPONSE_PRESENT
apple_1006111,Thanks @115858 for destroying my wife's and my iPhone 6's. nothing like spending $800 on something that won't last a year and a half.,"CUSTOMER: Thanks @115858 for destroying my wife's and my iPhone 6's. nothing like spending $800 on something that won't last a year and a half.
SUPPORT: @358121 Please, send us a DM and tell us more about what's been happening. We'll see what we can do to help. https://t.co/GDrqU22YpT","@358121 Please, send us a DM and tell us more about what's been happening. We'll see what we can do to help. https://t.co/GDrqU22YpT",2,1,1,SUPPORT_RESPONSE_PRESENT
apple_1006115,@AppleSupport Apple Watch not ringing when a whatsapp call comes through since update?,"CUSTOMER: @AppleSupport Apple Watch not ringing when a whatsapp call comes through since update?
SUPPORT: @222794 Thanks for reaching out. Are your notifications set correctly? Check out this article here: https://t.co/vXqj8bZGU7
CUSTOMER: @AppleSupport Yes it’s my partners. Facebook and WhatsApp calls don’t go to watch but she gets a missed call notification
CUSTOMER: @AppleSupport Looked at this and it’s all fine. Just doesn’t make or receive calls for Facebook and WhatsApp
SUPPORT: @222794 Thanks for checking. Are both your iPhone and Apple Watch up-to-date? Can you update the apps as well?
CUSTOMER: @AppleSupport Yep done that
SUPPORT: @222794 Okay. Let's look into this together. Join us in DM so we can better assist you: https://t.co/GDrqU22YpT",@222794 Okay. Let's look into this together. Join us in DM so we can better assist you: https://t.co/GDrqU22YpT,7,4,3,SUPPORT_RESPONSE_PRESENT
apple_1006120,Answer my this. Why the fuck my phone been tweaking! @115858,"CUSTOMER: Answer my this. Why the fuck my phone been tweaking! @115858
SUPPORT: @358122 We want to help you. DM us, and let us know what's going on. We'll see what we can do. https://t.co/GDrqU22YpT","@358122 We want to help you. DM us, and let us know what's going on. We'll see what we can do. https://t.co/GDrqU22YpT",2,1,1,SUPPORT_RESPONSE_PRESENT
apple_1006667,@AppleSupport just updated to iOS 11.0.3 in my iPhone 8 plus and it keeps randomly beeping like a smoke detector does,"CUSTOMER: @AppleSupport just updated to iOS 11.0.3 in my iPhone 8 plus and it keeps randomly beeping like a smoke detector does
SUPPORT: @358208 We'd like to look into this with you. Send us a DM to get started. https://t.co/GDrqU22YpT",@358208 We'd like to look into this with you. Send us a DM to get started. https://t.co/GDrqU22YpT,2,1,1,SUPPORT_RESPONSE_PRESENT
apple_1006688,@AppleSupport I tried updating my iphone 8+ to 11.0.3 and something went wrong and it totally erased my iPhone. Not impressed.,"CUSTOMER: @AppleSupport I tried updating my iphone 8+ to 11.0.3 and something went wrong and it totally erased my iPhone. Not impressed.
SUPPORT: @358215 This is not expected behavior. Let's look into this together in DM here: https://t.co/GDrqU22YpT",@358215 This is not expected behavior. Let's look into this together in DM here: https://t.co/GDrqU22YpT,2,1,1,SUPPORT_RESPONSE_PRESENT
apple_1006691,"@AppleSupport i have serious issue with ios 11.0.3, wrong behaviour of hotspot toggle in CC/settings, also complain about wifi/bt behaviour","CUSTOMER: @AppleSupport i have serious issue with ios 11.0.3, wrong behaviour of hotspot toggle in CC/settings, also complain about wifi/bt behaviour
SUPPORT: @358216 We'd like to gather some more info to find the best way to help. DM us with what device you're using. https://t.co/GDrqU22YpT
CUSTOMER: @AppleSupport Whats up apple, wanna share my probs with U",@358216 We'd like to gather some more info to find the best way to help. DM us with what device you're using. https://t.co/GDrqU22YpT,3,2,1,SUPPORT_RESPONSE_PRESENT
apple_1006693,Ganas de tirar mi iPhone a la basura desde que actualicé a #iOS11. Cada vez funcionan menos cosas y peor😡 @115858 @AppleSupport,"CUSTOMER: Ganas de tirar mi iPhone a la basura desde que actualicé a #iOS11. Cada vez funcionan menos cosas y peor😡 @115858 @AppleSupport
SUPPORT: @358217 We offer support via Twitter in English. Get help in Spanish here: https://t.co/IBIY3vMgPj or join https://t.co/OczyRx7IOs",@358217 We offer support via Twitter in English. Get help in Spanish here: https://t.co/IBIY3vMgPj or join https://t.co/OczyRx7IOs,2,1,1,SUPPORT_RESPONSE_PRESENT
apple_1006695,@115858 raye unilatéralement RéVeiL Informatique de la carte des Centres de Services Agréés après 25 ans de service ! Clients pas d'accord 😡 https://t.co/NAvwCiarm3,"CUSTOMER: @115858 raye unilatéralement RéVeiL Informatique de la carte des Centres de Services Agréés après 25 ans de service ! Clients pas d'accord 😡 https://t.co/NAvwCiarm3
SUPPORT: @358218 We offer support via Twitter in English. Contact us for help in your preferred language here: https://t.co/IBIY3vMgPj",@358218 We offer support via Twitter in English. Contact us for help in your preferred language here: https://t.co/IBIY3vMgPj,2,1,1,SUPPORT_RESPONSE_PRESENT
apple_1006698,@145310 the Joyce Meyer ap hasn't worked fo a week &amp; I've re downloaded it @43065 @AppleSupport,"CUSTOMER: @145310 the Joyce Meyer ap hasn't worked fo a week &amp; I've re downloaded it @43065 @AppleSupport
SUPPORT: @358219 We'd like to help out. What's happening when you attempt to use this app? Do any other apps experience issues at all?
CUSTOMER: @AppleSupport @Applesupport Thank you. No other apps do it. @145310 app doesn't refresh at all can't see any videos or anything.
SUPPORT: @358219 You're welcome. Which device is this happening on? If an iOS device, does it happen on other Wi-Fi &amp; the cellular network?","@358219 You're welcome. Which device is this happening on? If an iOS device, does it happen on other Wi-Fi &amp; the cellular network?",4,2,2,SUPPORT_RESPONSE_PRESENT
apple_1006701,"@AppleSupport, I have an iPhone 6 running iOS 11.0.3. The bluetooth keeps switching on automatically no matter how many times I turn it off.","CUSTOMER: @AppleSupport, I have an iPhone 6 running iOS 11.0.3. The bluetooth keeps switching on automatically no matter how many times I turn it off.
SUPPORT: @358220 We got your DM and will be replying there.",@358220 We got your DM and will be replying there.,2,1,1,SUPPORT_RESPONSE_PRESENT
apple_1006704,A ver si de una vez solucionáis el problema que tengo el iPhone que va a pedales @12228 @3183 @AppleSupport @115858 😡 https://t.co/nT97ulaMQQ,"CUSTOMER: A ver si de una vez solucionáis el problema que tengo el iPhone que va a pedales @12228 @3183 @AppleSupport @115858 😡 https://t.co/nT97ulaMQQ
SUPPORT: @358221 We offer support via Twitter in English. Get help in Spanish here: https://t.co/IBIY3vMgPj or join https://t.co/OczyRx7IOs
CUSTOMER: @12228 @3183 @AppleSupport @115858 Actualización fallida, seguimos igual @119459
SUPPORT: @358221 We offer support via Twitter in English. Get help in Spanish here: https://t.co/IBIY3vMgPj or join https://t.co/OczyRx7IOs",@358221 We offer support via Twitter in English. Get help in Spanish here: https://t.co/IBIY3vMgPj or join https://t.co/OczyRx7IOs,4,2,2,SUPPORT_RESPONSE_PRESENT
apple_1006709,@115858 #ios11 WTF ! 6 min of photos drains quite the same as 20 min of maps with GPS on ! https://t.co/QmzA8YC5Lm,"CUSTOMER: @115858 #ios11 WTF ! 6 min of photos drains quite the same as 20 min of maps with GPS on ! https://t.co/QmzA8YC5Lm
SUPPORT: @358222 Let's look into this together. Could you tell us which iPhone and iOS version you're using?
CUSTOMER: @AppleSupport Iphone 7 256GB / ios 11.0.1. And ios 11.0.3 now
SUPPORT: @358222 We want to help! DM us and let us know more about the issues you are having. https://t.co/GDrqU22YpT",@358222 We want to help! DM us and let us know more about the issues you are having. https://t.co/GDrqU22YpT,4,2,2,SUPPORT_RESPONSE_PRESENT
apple_1006713,Thanks @115858... iOS 11 is working great! https://t.co/jnLXLZzO2b,"CUSTOMER: Thanks @115858... iOS 11 is working great! https://t.co/jnLXLZzO2b
SUPPORT: @194983 Let's work together to get things back on the level. Are you seeing this happen consistently on your iPhone after updating?
CUSTOMER: @AppleSupport Lots of goofy things like this happen. did you guys give iOS LSD? It worked for Steve but this is a mess.
SUPPORT: @194983 Let's look into this issue a bit closer. Join us in DM to get started: https://t.co/GDrqU22YpT",@194983 Let's look into this issue a bit closer. Join us in DM to get started: https://t.co/GDrqU22YpT,4,2,2,SUPPORT_RESPONSE_PRESENT
apple_1007073,"Muchos problemas con #ios11 #iphone7plus, fallos en pantalla pero preocupa la batería y MUCHO. @AppleSupport @115858","CUSTOMER: Muchos problemas con #ios11 #iphone7plus, fallos en pantalla pero preocupa la batería y MUCHO. @AppleSupport @115858
SUPPORT: @358313 We offer support via Twitter in English. Get help in Spanish here: https://t.co/IBIY3vMgPj or join https://t.co/OczyRx7IOs
CUSTOMER: @AppleSupport @115858 Im suffering a lot of problems with #ios11, some failures in the screen but I’m really worried about the battery life, it’s insane.
SUPPORT: @358313 Let's take a closer look at both issues to help get it working right. Any steps tried? Which model is it &amp; is iOS 11.0.3 installed?
CUSTOMER: @358313 @AppleSupport @115858 Yes it happened a lot to my iPad Air where continuing disconnect and having black screen !! Really this is too bad ;Need solution from Appel
SUPPORT: @389324 Hey, we want to hear more about what's going on with your iPad. DM us the details, and we'll go from there. https://t.co/GDrqU22YpT
CUSTOMER: @AppleSupport As other people complain:Freezing the screen upon touching any link , the screen suddenly becomes black and restart again after few minutes
SUPPORT: @389324 To clarify, does the iPad restart itself, or are you saying that the problem restarts? Also, what's the exact iOS version? https://t.co/GDrqU22YpT
CUSTOMER: @AppleSupport The battery life gets worse when ios 11 was https://t.co/Kl7QTP0GT2 should known,most people have the same issues
CUSTOMER: @AppleSupport IOS is 11.0.3 , the iPad restarts itself . The problems happen always after using the iPad for 10 minutes ( less or more) .
SUPPORT: @358313 Thanks for that information. Send us a DM and we'll continue from there. You can DM using this link: https://t.co/GDrqU22YpT
SUPPORT: @389324 Got it. Let's go ahead and meet in DM and we'll continue to look into this. https://t.co/GDrqU22YpT",@389324 Got it. Let's go ahead and meet in DM and we'll continue to look into this. https://t.co/GDrqU22YpT,12,6,6,SUPPORT_RESPONSE_PRESENT
apple_1007077,"@AppleSupport #iOS 11 is still super buggy. #iPhone7Plus still gets stuck in landscape mode, swipe for control center works after many tries https://t.co/kF8xJYBKSQ","CUSTOMER: @AppleSupport #iOS 11 is still super buggy. #iPhone7Plus still gets stuck in landscape mode, swipe for control center works after many tries https://t.co/kF8xJYBKSQ
SUPPORT: @320188 We're happy to help. What happens if you restart the device? Does this issue continue? Let us know.
CUSTOMER: @AppleSupport Yes, numerous times. I’ve hard reset it as well. I’ve had an iPhone for more than 7 years. I already know the basic troubleshooting tips.
SUPPORT: @320188 Send us a DM and we'll do everything we can to help. https://t.co/GDrqU22YpT",@320188 Send us a DM and we'll do everything we can to help. https://t.co/GDrqU22YpT,4,2,2,SUPPORT_RESPONSE_PRESENT
apple_1007083,@115858 Updated to IOS 11.0.3 recently. Iphone started to hang a lot. Takes a lot of time to open any app. Not able to update any apps also.,"CUSTOMER: @115858 Updated to IOS 11.0.3 recently. Iphone started to hang a lot. Takes a lot of time to open any app. Not able to update any apps also.
SUPPORT: @358314 We'd be happy to see how we can help. Can you tell us which iPhone you're using?
CUSTOMER: @AppleSupport Iphone 5s
SUPPORT: @358314 Hit us in DM and let us know what country you're in. https://t.co/GDrqU22YpT",@358314 Hit us in DM and let us know what country you're in. https://t.co/GDrqU22YpT,4,2,2,SUPPORT_RESPONSE_PRESENT
apple_1007090,"@116333 Hi Tim, can you fix this absolute state of an IOS update. It so bad we are considering moving to @125607.","CUSTOMER: @116333 Hi Tim, can you fix this absolute state of an IOS update. It so bad we are considering moving to @125607.
SUPPORT: @358316 Let's assist you with this. DM us which country you're in to get started: https://t.co/GDrqU22YpT",@358316 Let's assist you with this. DM us which country you're in to get started: https://t.co/GDrqU22YpT,2,1,1,SUPPORT_RESPONSE_PRESENT
apple_1007094,@AppleSupport my battery dies so much faster wifh iOS 11.0.3. Can you do another update that fixes the battery issue?,"CUSTOMER: @AppleSupport my battery dies so much faster wifh iOS 11.0.3. Can you do another update that fixes the battery issue?
SUPPORT: @358317 Thanks for reaching out. We know how important battery life is, and we'd be happy to help. When did you update your iOS?
CUSTOMER: @AppleSupport I updated it with the last update so whenever iOS 11.0.3 came out my battery life has been horrific
SUPPORT: @358317 Thanks for letting us know. Please send us a DM, and we'll investigate further. https://t.co/GDrqU22YpT","@358317 Thanks for letting us know. Please send us a DM, and we'll investigate further. https://t.co/GDrqU22YpT",4,2,2,SUPPORT_RESPONSE_PRESENT
apple_1007100,Hey @AppleSupport - why is this appearing on my lock screen? 🤔🤷🏼‍♂️ https://t.co/LH3KcOnKZy,"CUSTOMER: Hey @AppleSupport - why is this appearing on my lock screen? 🤔🤷🏼‍♂️ https://t.co/LH3KcOnKZy
SUPPORT: @192480 When was the last time you listened to music on your iPhone? Is there a paused track in the last app you used?
CUSTOMER: @AppleSupport I use iHeart app. I’ll try to open and close again. I also sometimes play music through Run Keeper app.
CUSTOMER: @AppleSupport I think that was it. Something got stuck. 👍🏼
SUPPORT: @192480 We're glad to hear it's resolved. If there's any other way we can assist, don't hesitate to reach out. We're always happy to help!
CUSTOMER: @AppleSupport Help @123765 figure out why their app is such a battery suck. 👍🏼","@192480 We're glad to hear it's resolved. If there's any other way we can assist, don't hesitate to reach out. We're always happy to help!",6,4,2,SUPPORT_RESPONSE_PRESENT
apple_1007105,@AppleSupport sisters phone having texting issues after the update. Texts are coming from her Apple ID email. Phone # not receiving texts,"CUSTOMER: @AppleSupport sisters phone having texting issues after the update. Texts are coming from her Apple ID email. Phone # not receiving texts
SUPPORT: @358318 You've come to the right place for help. When you go to Settings &gt; Messages &gt; Send &amp; Receive, is her phone number listed?
CUSTOMER: @AppleSupport She deleted our message thread and she's able to text now.
SUPPORT: @358318 We're glad to hear that. Let us know if you have any further questions. Enjoy!
CUSTOMER: @AppleSupport That didn't work...she hasn't been getting my text. In her settings, doesn't have any of the options below ""Show Contact Photos"" until MMS
SUPPORT: @358318 Is it possible for her to contact us directly so we can go through some troubleshooting steps with her?",@358318 Is it possible for her to contact us directly so we can go through some troubleshooting steps with her?,6,3,3,SUPPORT_RESPONSE_PRESENT
apple_1007109,"When you buy a new iPhone, get it home to set up, put the pin in to open the sim bit and a part of it breaks 😩 @AppleSupport","CUSTOMER: When you buy a new iPhone, get it home to set up, put the pin in to open the sim bit and a part of it breaks 😩 @AppleSupport
SUPPORT: @358319 Please let us know what has broken in DM. We'll offer all the help we have available. https://t.co/GDrqU22YpT",@358319 Please let us know what has broken in DM. We'll offer all the help we have available. https://t.co/GDrqU22YpT,2,1,1,SUPPORT_RESPONSE_PRESENT
apple_1007121,@AppleSupport why is #apple #appstore on OSX Sierra not working since last 2 days ? Whats wrong ?,"CUSTOMER: @AppleSupport why is #apple #appstore on OSX Sierra not working since last 2 days ? Whats wrong ?
CUSTOMER: @AppleSupport Im getting this screen since last 2 days and not able to download anything, of my purchased items too, https://t.co/baiynZ8jP8
SUPPORT: @184671 We can look into this issue together. By any chance, have you tried connecting your device to a different Wi-Fi network?
CUSTOMER: @AppleSupport Yes did already
CUSTOMER: @AppleSupport what to do ? Still not able to do anything
CUSTOMER: @AppleSupport what to do ? Im still waiting.
CUSTOMER: @AppleSupport can someone respond ?
CUSTOMER: @AppleSupport Im not even able to login to Apple forums to post my thread - https://t.co/MOMTN8k1Cb
CUSTOMER: @AppleSupport Did you guys block India somehow ? I have tried from multiple ISPs and all showing same.
CUSTOMER: @AppleSupport Im not even able to login to https://t.co/Oc5WWpud2q - My IP is 103.194.232.80. Can you check with you network team, if my IP is blocked ?
SUPPORT: @184671 Thanks for giving that a try. Send us a DM with more information, and we'll go from there. https://t.co/GDrqU22YpT
CUSTOMER: @AppleSupport I have sent.","@184671 Thanks for giving that a try. Send us a DM with more information, and we'll go from there. https://t.co/GDrqU22YpT",12,10,2,SUPPORT_RESPONSE_PRESENT
apple_1007128,"So many things wrong w/ my #iPhone 7Plus ever since #iOS11 even got a new 7Plus from @AppleSupport &amp; the problems are still there.
Android?","CUSTOMER: So many things wrong w/ my #iPhone 7Plus ever since #iOS11 even got a new 7Plus from @AppleSupport &amp; the problems are still there.
Android?
SUPPORT: @358320 We're here to help. What seems to be going in?
CUSTOMER: @AppleSupport Phone will freeze
Reset it at least 2X a day
Speaker phone doesnt work
It’s a new phone replacement idk if I’ll be getting the X anymore
SUPPORT: @358320 Which version of iOS 11 is your iPhone running? How to find the iOS version: https://t.co/ZTw54HL4Rm
CUSTOMER: @AppleSupport 11.0.3
It was perfectly fine on iOS 10 but ever since iOS 11 my phone becomes more and more unstable
SUPPORT: @358320 We'd like to look into this further. Please DM us to continue working on this. https://t.co/GDrqU22YpT",@358320 We'd like to look into this further. Please DM us to continue working on this. https://t.co/GDrqU22YpT,6,3,3,SUPPORT_RESPONSE_PRESENT
apple_1007144,@AppleSupport anyway to check the battery health on my iphone 5?,"CUSTOMER: @AppleSupport anyway to check the battery health on my iphone 5?
SUPPORT: @176777 We'd be happy to see how we can help. What's going on with your battery?
CUSTOMER: @AppleSupport its discharges pretty soon despite charging to 100% and it takes long
SUPPORT: @176777 Which iOS version are you using on that iPhone?
CUSTOMER: @AppleSupport 10.3.3
SUPPORT: @176777 Let's go ahead and continue in DM. https://t.co/GDrqU22YpT",@176777 Let's go ahead and continue in DM. https://t.co/GDrqU22YpT,6,3,3,SUPPORT_RESPONSE_PRESENT
apple_1007147,@AppleSupport This new IOS update has ruined my phone. Freezes all the time. Can’t hear anyone on calls. Infuriating.,"CUSTOMER: @AppleSupport This new IOS update has ruined my phone. Freezes all the time. Can’t hear anyone on calls. Infuriating.
SUPPORT: @358326 We're here to help. DM us, and we'll look into this. https://t.co/GDrqU22YpT","@358326 We're here to help. DM us, and we'll look into this. https://t.co/GDrqU22YpT",2,1,1,SUPPORT_RESPONSE_PRESENT
apple_1007153,"@AppleSupport hi, since upgrading my iMac to High Sierra my Apple Wireless Keyboard keys F7/F8/F9 have stopped working. How can I fix?","CUSTOMER: @AppleSupport hi, since upgrading my iMac to High Sierra my Apple Wireless Keyboard keys F7/F8/F9 have stopped working. How can I fix?
SUPPORT: @248714 We'd like to help! What happens when you press those keys? Do you get an error message?
CUSTOMER: @AppleSupport Nothing, they just don’t work.
SUPPORT: @248714 If those keys aren't working, we can take a look at the settings that govern them: https://t.co/bizusEd0ST
CUSTOMER: @AppleSupport I tried that already, still isn’t working.
SUPPORT: @248714 Did you un-pair and pair the keyboard? Also, if that doesn't work, let's see if they work in Safe Mode: https://t.co/yzqLZ7lfa4","@248714 Did you un-pair and pair the keyboard? Also, if that doesn't work, let's see if they work in Safe Mode: https://t.co/yzqLZ7lfa4",6,3,3,SUPPORT_RESPONSE_PRESENT
apple_1007157,@AppleSupport Where is this in my settings? I can’t find it! #fustrated https://t.co/vsaToJYjvo,"CUSTOMER: @AppleSupport Where is this in my settings? I can’t find it! #fustrated https://t.co/vsaToJYjvo
SUPPORT: @180030 Hi there! Which app are you using when you get that message?
CUSTOMER: @AppleSupport I’m using Instagram trying to import my profile pic from twitter.
SUPPORT: @180030 Let's look into this further together. Send us a DM &amp; we'll continue there. https://t.co/GDrqU22YpT",@180030 Let's look into this further together. Send us a DM &amp; we'll continue there. https://t.co/GDrqU22YpT,4,2,2,SUPPORT_RESPONSE_PRESENT
apple_1007575,@115858 I am experiencing sluggish loading of facebook quite a number of times. Unable to run @188.Help needed.,"CUSTOMER: @115858 I am experiencing sluggish loading of facebook quite a number of times. Unable to run @188.Help needed.
SUPPORT: @358428 Sure, we can help. Which device and iOS version are you using? Is this the only app experiencing sluggish performance?
CUSTOMER: @AppleSupport I am using iphone 6s plus and ios 11.0.3.
Yes, this is the only app,facing issues.
SUPPORT: @358428 You've come to the right place! Is there an update in the App Store for Facebook? If so, let's install it and test, please.
CUSTOMER: @AppleSupport I have used reset phone, reset network settings, uninstalled and reinstalled app several time but no luck.FB ver 145.0
SUPPORT: @358428 Great job for what you've done so far. Please DM us the country you're in so we can look at support options. https://t.co/GDrqU22YpT",@358428 Great job for what you've done so far. Please DM us the country you're in so we can look at support options. https://t.co/GDrqU22YpT,6,3,3,SUPPORT_RESPONSE_PRESENT
apple_1007580,@AppleSupport I signed up for more iCloud storage (50GB) and it seems I've been charged 5 times. Please advise. https://t.co/MjMIb4wHBx,"CUSTOMER: @AppleSupport I signed up for more iCloud storage (50GB) and it seems I've been charged 5 times. Please advise. https://t.co/MjMIb4wHBx
SUPPORT: @358429 We want to work on this with you. Here's a link to DM us. https://t.co/GDrqU22YpT",@358429 We want to work on this with you. Here's a link to DM us. https://t.co/GDrqU22YpT,2,1,1,SUPPORT_RESPONSE_PRESENT
apple_1007582,Seriously getting fed up with @AppleSupport now. Had to hard reset my phone 5 times in the last day as it keeps crashing 😒,"CUSTOMER: Seriously getting fed up with @AppleSupport now. Had to hard reset my phone 5 times in the last day as it keeps crashing 😒
SUPPORT: @358430 We want to help. Please let us know in DM which iOS version you're using on your iPhone. https://t.co/GDrqU22YpT",@358430 We want to help. Please let us know in DM which iOS version you're using on your iPhone. https://t.co/GDrqU22YpT,2,1,1,SUPPORT_RESPONSE_PRESENT
apple_1007595,"Weather app on #ios11 is not working anymore on my phone, even after a restart. @115858 https://t.co/2WmlV3NVz0","CUSTOMER: Weather app on #ios11 is not working anymore on my phone, even after a restart. @115858 https://t.co/2WmlV3NVz0
SUPPORT: @358435 We'll be happy to see how we can help. Are you able to load data in other apps?",@358435 We'll be happy to see how we can help. Are you able to load data in other apps?,2,1,1,SUPPORT_RESPONSE_PRESENT
apple_1007597,"@AppleSupport bonjour 
jai loué un film sur mon Iphone &amp;  il est impossible de le regarder sur mon Ipad sans repayer la location ?? help tks","CUSTOMER: @AppleSupport bonjour 
jai loué un film sur mon Iphone &amp;  il est impossible de le regarder sur mon Ipad sans repayer la location ?? help tks
SUPPORT: @358436 We offer support via Twitter in English. Contact us for help in your preferred language here: https://t.co/IBIY3vMgPj",@358436 We offer support via Twitter in English. Contact us for help in your preferred language here: https://t.co/IBIY3vMgPj,2,1,1,SUPPORT_RESPONSE_PRESENT
apple_1007602,"@115858 I am 2 or 3 more updates from using all my battery power within an hour between charges, shall I buy an additional external battery","CUSTOMER: @115858 I am 2 or 3 more updates from using all my battery power within an hour between charges, shall I buy an additional external battery
SUPPORT: @358438 Great battery life is important. Let's pair up in DM to get to the bottom of this. https://t.co/GDrqU22YpT",@358438 Great battery life is important. Let's pair up in DM to get to the bottom of this. https://t.co/GDrqU22YpT,2,1,1,SUPPORT_RESPONSE_PRESENT
apple_1007604,@36518 hello. Is there problem with @6716 and new @115858 update? Mine kept crashing this morning on watch and didn’t register run.,"CUSTOMER: @36518 hello. Is there problem with @6716 and new @115858 update? Mine kept crashing this morning on watch and didn’t register run.
SUPPORT: @358439 Let's work together to figure out what's going on. Tell us which Apple Watch model you're using via DM. https://t.co/GDrqU22YpT",@358439 Let's work together to figure out what's going on. Tell us which Apple Watch model you're using via DM. https://t.co/GDrqU22YpT,2,1,1,SUPPORT_RESPONSE_PRESENT
apple_1007606,"congratulations @115858 
you’ve turned my $1300 iphone into a useless pos. it freezes and lags regularly. #applefail","CUSTOMER: congratulations @115858 
you’ve turned my $1300 iphone into a useless pos. it freezes and lags regularly. #applefail
SUPPORT: @358440 We want to help. Meet us in DM and we'll work towards a solution together. https://t.co/GDrqU22YpT",@358440 We want to help. Meet us in DM and we'll work towards a solution together. https://t.co/GDrqU22YpT,2,1,1,SUPPORT_RESPONSE_PRESENT
apple_1007635,@AppleSupport I can't download my music in offline mode on my iPhone 4s iOS 8.4.1 even on iOS 9.3.5. Why?,"CUSTOMER: @AppleSupport I can't download my music in offline mode on my iPhone 4s iOS 8.4.1 even on iOS 9.3.5. Why?
SUPPORT: @358445 Let's get you rocking again. Are you using Apple Music on your iPhone? Let us know in DM to continue. https://t.co/GDrqU22YpT",@358445 Let's get you rocking again. Are you using Apple Music on your iPhone? Let us know in DM to continue. https://t.co/GDrqU22YpT,2,1,1,SUPPORT_RESPONSE_PRESENT
apple_1007638,@115858 how comes every new update plays up an older phone than the one you just release ? Battery was fine last month and now 👎,"CUSTOMER: @115858 how comes every new update plays up an older phone than the one you just release ? Battery was fine last month and now 👎
SUPPORT: @318541 We know how important battery life is. Let's work on this together. Can you provide us the current iOS you're using?
CUSTOMER: @AppleSupport The very latest .... seems to be an update every week at the moment
SUPPORT: @318541 Do you notice that your battery drains more when using a certain application or performing a certain task?  Let us know in DM. https://t.co/GDrqU22YpT
CUSTOMER: @AppleSupport No was fine and then all these updates and my phone starts to play up ! Slower battery life it’s as if you want me to up grade ? ! 🤔🤔
SUPPORT: @318541 We'd be happy to look into this more in detail.  Please reach out to us via DM and we'll get started. https://t.co/GDrqU22YpT",@318541 We'd be happy to look into this more in detail.  Please reach out to us via DM and we'll get started. https://t.co/GDrqU22YpT,6,3,3,SUPPORT_RESPONSE_PRESENT
apple_1007651,@115858 your App Store isn't working! What the hell!?,"CUSTOMER: @115858 your App Store isn't working! What the hell!?
SUPPORT: @355838 We can help. Tell us more about the issue you're encountering with the App Store. What device are you using?
CUSTOMER: @AppleSupport MacBook&gt; App SignIn doesn't work. Says my password is wrong. Changed it, unrecognised error occurs&gt;&gt;says to try again later. Any guesses?
SUPPORT: @355838 We'll assist or get you to a team that can. Has your Apple ID password been changed recently? Does the Mac share that password?
CUSTOMER: @AppleSupport I've answered these questions.
CUSTOMER: @AppleSupport That's what shows up first. https://t.co/KwWoH5PWMj
CUSTOMER: @AppleSupport And that's after. https://t.co/0z3Y9Ftw3V
SUPPORT: @355838 Are you able to sign in at https://t.co/bq19gX3X68? We're trying to isolate the cause of this issue.
CUSTOMER: @AppleSupport Yes, I can.
SUPPORT: @355838 Got it. We're going to need to dig deeper than we can do in 140 characters. Can you please join us in DM? https://t.co/GDrqU22YpT",@355838 Got it. We're going to need to dig deeper than we can do in 140 characters. Can you please join us in DM? https://t.co/GDrqU22YpT,10,6,4,SUPPORT_RESPONSE_PRESENT
apple_1007653,"@AppleSupport a maioria dos meus áudios no WhatsApp tá saindo mudo ou chiando, isso foi depois que atualizei o IOS, me ajudaaaa @115858","CUSTOMER: @AppleSupport a maioria dos meus áudios no WhatsApp tá saindo mudo ou chiando, isso foi depois que atualizei o IOS, me ajudaaaa @115858
SUPPORT: @358446 Since our Twitter support is available in English, get help at https://t.co/IBIY3vMgPj or join https://t.co/pvaOFfPbjt","@358446 Since our Twitter support is available in English, get help at https://t.co/IBIY3vMgPj or join https://t.co/pvaOFfPbjt",2,1,1,SUPPORT_RESPONSE_PRESENT
apple_1007656,IOS 11..you have broken my phone! Battery lasts 4 hours now...@43193 @AppleSupport @115858 #iOS11 #applebattery,"CUSTOMER: IOS 11..you have broken my phone! Battery lasts 4 hours now...@43193 @AppleSupport @115858 #iOS11 #applebattery
SUPPORT: @358447 We'd be happy to review this for you. Are you experiencing this issue on the latest version of iOS 11.0.3?
CUSTOMER: @AppleSupport Correct. I have upgraded each IOS11 update as they were released and am currently up to date with the latest version.
SUPPORT: @358447 We're happy to help out the best we can. Let's meet in DM. https://t.co/GDrqU22YpT",@358447 We're happy to help out the best we can. Let's meet in DM. https://t.co/GDrqU22YpT,4,2,2,SUPPORT_RESPONSE_PRESENT
apple_1007777,My email no longer works (amongst other things) on my iPhone since I updated to IOS 11.0.3 @115858 😐 is there a patch ? #ios11,"CUSTOMER: My email no longer works (amongst other things) on my iPhone since I updated to IOS 11.0.3 @115858 😐 is there a patch ? #ios11
SUPPORT: @358476 Let’s team up on this situation with your email. What email provider do you use? Are you unable to both send and receive email?
CUSTOMER: @AppleSupport Thank you for getting back to me. My email program quits when I open it after about 3 seconds ?
SUPPORT: @358476 Okay, let's take this to DM where we can gather a bit more info. Send us a message and we will follow up there. https://t.co/GDrqU22YpT","@358476 Okay, let's take this to DM where we can gather a bit more info. Send us a message and we will follow up there. https://t.co/GDrqU22YpT",4,2,2,SUPPORT_RESPONSE_PRESENT
apple_1007781,"@AppleSupport Apple, there is a major problem with iOS 11.3, the screen doesn't lock during calls so in pocket it hangs up calls. Pls fix","CUSTOMER: @AppleSupport Apple, there is a major problem with iOS 11.3, the screen doesn't lock during calls so in pocket it hangs up calls. Pls fix
SUPPORT: @358477 We'd be happy to look back into this with you. Send us a DM and we can start there. https://t.co/GDrqU22YpT
CUSTOMER: @AppleSupport I've already factory reset and swapped out my 6s it's a software issue, calls hang up for no reason, screen use to lock in-call. Messy
SUPPORT: @358477 Thanks for that information. Let's look into this together via DM: https://t.co/GDrqU22YpT
CUSTOMER: @AppleSupport @358477 Keeps ignoring me, but it’s cool. #AppleSucks",@358477 Thanks for that information. Let's look into this together via DM: https://t.co/GDrqU22YpT,5,3,2,SUPPORT_RESPONSE_PRESENT
apple_1007788,Gente o #iphone de mais alguém ficou travando toda hora depois da última atualização ? @2310 @115858 @AppleSupport #apple #applebrasil,"CUSTOMER: Gente o #iphone de mais alguém ficou travando toda hora depois da última atualização ? @2310 @115858 @AppleSupport #apple #applebrasil
SUPPORT: @358479 Since our Twitter support is available in English, get help at https://t.co/IBIY3vMgPj or join https://t.co/pvaOFfPbjt
CUSTOMER: @AppleSupport my iphone is crashing all the time after the update
CUSTOMER: @358479 @AppleSupport Same! It’s rubbish! ☹️
SUPPORT: @358479 DM us more information, we'd be happy to help out. https://t.co/GDrqU22YpT","@358479 DM us more information, we'd be happy to help out. https://t.co/GDrqU22YpT",5,3,2,SUPPORT_RESPONSE_PRESENT
apple_1007793,Hey @AppleSupport after ios 11.0.3 update the speaker on my phone doesn’t work. Speaker on other things fo. How do I fix?,"CUSTOMER: Hey @AppleSupport after ios 11.0.3 update the speaker on my phone doesn’t work. Speaker on other things fo. How do I fix?
SUPPORT: @358480 We'd be happy to help out.  To confirm, is there no sound at all, from any app or program, coming from the speaker?
CUSTOMER: @AppleSupport Nope, like I said, I get sound on speaker from everything except the phone.  but I've also managed to fix it. thanks for answering though
SUPPORT: @358480 Great, we're glad to hear that you were able to get that taken care of! Thanks for keeping us posted.","@358480 Great, we're glad to hear that you were able to get that taken care of! Thanks for keeping us posted.",4,2,2,SUPPORT_RESPONSE_PRESENT
apple_1007796,@115858 fix the damn battery issue on the iOS 11 fuck.,"CUSTOMER: @115858 fix the damn battery issue on the iOS 11 fuck.
SUPPORT: @358481 We'd love to help with any battery issues you're experiencing. Let us know if this guide helps: https://t.co/TpjqFp3jxD",@358481 We'd love to help with any battery issues you're experiencing. Let us know if this guide helps: https://t.co/TpjqFp3jxD,2,1,1,SUPPORT_RESPONSE_PRESENT
apple_1007798,iPhone now doesn’t wake up when clicking on the button @AppleSupport,"CUSTOMER: iPhone now doesn’t wake up when clicking on the button @AppleSupport
SUPPORT: @358482 We want to make sure we're on the same page so we can help. Send us a DM with more details. https://t.co/GDrqU22YpT",@358482 We want to make sure we're on the same page so we can help. Send us a DM with more details. https://t.co/GDrqU22YpT,2,1,1,SUPPORT_RESPONSE_PRESENT
apple_1007805,"@115858 says my iPhone 7 Plus has not been hacked, but these photos were taken while I was on the phone w/their Sr. Rep. Definitely #hacked! https://t.co/njikfIcg6t","CUSTOMER: @115858 says my iPhone 7 Plus has not been hacked, but these photos were taken while I was on the phone w/their Sr. Rep. Definitely #hacked! https://t.co/njikfIcg6t
SUPPORT: @358483 We'd be happy to review the case for you if you'd like. If you're willing, DM us specifics and we can look into this further. https://t.co/GDrqU22YpT
CUSTOMER: @AppleSupport The Sr. Rep w/Apple says she “took care of it.” Removed all info, signed out, signed in and added my info back. These names are not mine.
CUSTOMER: @AppleSupport I believe I should have gotten a new phone in light of this breach.
CUSTOMER: @AppleSupport Who are these people? How did they access my phone to input their info if my phone isn’t hacked. Not just for my payment info. But, https://t.co/Ommd2RFJs8
CUSTOMER: @AppleSupport ... but my emails, phone calls, text messages, app info. What if I’m being stalked for my info? These people could be tracking me. https://t.co/FTN1gCy0XD
SUPPORT: @358483 We understand and are here to help. Go ahead and meet us in DM and we can work together. https://t.co/GDrqU22YpT
SUPPORT: @358483 We still want to help. DM us if you'd like us to look into this. https://t.co/GDrqU22YpT
CUSTOMER: @AppleSupport I did.",@358483 We still want to help. DM us if you'd like us to look into this. https://t.co/GDrqU22YpT,9,6,3,SUPPORT_RESPONSE_PRESENT
apple_1007808,"@115858
After the update, my itunes skips songs. Some it plays entirely, others it skips to the next song at random times.","CUSTOMER: @115858
After the update, my itunes skips songs. Some it plays entirely, others it skips to the next song at random times.
SUPPORT: @358484 We'd love to help you with this. To verify, which device &amp; OS version are you using at the moment?
CUSTOMER: @AppleSupport iPhone 6s. 11.0.3
SUPPORT: @358484 Thanks for that info. Let's dig deeper into this with you. DM us and we'll continue from there. https://t.co/GDrqU2kzhr",@358484 Thanks for that info. Let's dig deeper into this with you. DM us and we'll continue from there. https://t.co/GDrqU2kzhr,4,2,2,SUPPORT_RESPONSE_PRESENT
apple_1007811,@AppleSupport Is there any way to change the setting so that my phone display doesn't keep changing the brightness? I hate that it dims.,"CUSTOMER: @AppleSupport Is there any way to change the setting so that my phone display doesn't keep changing the brightness? I hate that it dims.
SUPPORT: @358485 We can help, for sure. You can find out how to turn off your auto-brightness here: https://t.co/bkqEVCrK2l","@358485 We can help, for sure. You can find out how to turn off your auto-brightness here: https://t.co/bkqEVCrK2l",2,1,1,SUPPORT_RESPONSE_PRESENT
apple_1007813,"@AppleSupport why is you latest iOS so buggy, apps not working correctly, glitches between apps (and in app). It’s frustrating.","CUSTOMER: @AppleSupport why is you latest iOS so buggy, apps not working correctly, glitches between apps (and in app). It’s frustrating.
SUPPORT: @358486 We can work together to figure this out. What's the exact iOS 11 version you're using? Are all of your apps up to date?",@358486 We can work together to figure this out. What's the exact iOS 11 version you're using? Are all of your apps up to date?,2,1,1,SUPPORT_RESPONSE_PRESENT
apple_1007820,"@AppleSupport My iPhone has been restarting &amp;has zero space,malfunctions than has a lot of space&amp;has trouble w/iCloud music library. Help","CUSTOMER: @AppleSupport My iPhone has been restarting &amp;has zero space,malfunctions than has a lot of space&amp;has trouble w/iCloud music library. Help
SUPPORT: @311210 This is certainly not the behavior we want you to experience. Could you tell us which iPhone and iOS version you're using?
CUSTOMER: @AppleSupport I'm using an iPhone 5s and am on iOS 10.2
CUSTOMER: @AppleSupport I'm using an iphone 5s and am on ios 10.2 and I'm not sure my tweets have been getting through on the phone so I'm using a tablet now.
SUPPORT: @311210 Thank you for letting us know. Please DM us and we'll begin from there. Speak with you soon. https://t.co/GDrqU22YpT
CUSTOMER: @AppleSupport DMed u already...hope u got the messages.",@311210 Thank you for letting us know. Please DM us and we'll begin from there. Speak with you soon. https://t.co/GDrqU22YpT,6,4,2,SUPPORT_RESPONSE_PRESENT
apple_1007823,More bugs @AppleSupport: phone rings but can’t answer. Screen is either off or showing blurred background only. Buttons don’t work.(7 plus) https://t.co/Vh2BRbJtXR,"CUSTOMER: More bugs @AppleSupport: phone rings but can’t answer. Screen is either off or showing blurred background only. Buttons don’t work.(7 plus) https://t.co/Vh2BRbJtXR
SUPPORT: @196839 Thanks for this report. Does this behavior continue after you restart the iPhone?Does it happen with only certain apps open?
CUSTOMER: @AppleSupport Follow up: Restarted and still happens. Last time was with only Facebook app open in background.
SUPPORT: @196839 Thanks for getting back with us!  Please send us a DM and we can continue looking into this together. https://t.co/GDrqU22YpT",@196839 Thanks for getting back with us!  Please send us a DM and we can continue looking into this together. https://t.co/GDrqU22YpT,4,2,2,SUPPORT_RESPONSE_PRESENT
apple_1007828,"Ну что. Прошло два дня с установки новой iOS и перезагрузки. Шторка с первого раза уже не открывается. 

Эппле говно.","CUSTOMER: Ну что. Прошло два дня с установки новой iOS и перезагрузки. Шторка с первого раза уже не открывается. 

Эппле говно.
CUSTOMER: Меня уже неоднократно спрашивали, что значит шторка не открывается

Вот показываю: https://t.co/mehl1v8SUG
CUSTOMER: @AppleSupport what do I have to do with this on my iPad Pro? IOS 11. It’s the buggiest release ever. I cannot even open Notification Center https://t.co/EzsBwsTsd6
SUPPORT: @176768 We're here to help. Let's take this to DM so we can better assist you. https://t.co/GDrqU22YpT",@176768 We're here to help. Let's take this to DM so we can better assist you. https://t.co/GDrqU22YpT,4,3,1,SUPPORT_RESPONSE_PRESENT
apple_1007832,@115858 why isn’t my Apple Pay working!?,"CUSTOMER: @115858 why isn’t my Apple Pay working!?
SUPPORT: @358487 We're happy to help with your Apple Pay. Can you tell us what happens when attempting to use it? Any error messages?
CUSTOMER: @AppleSupport Nothing of the sort. It just wasn’t working wasn’t
SUPPORT: @358487 Does it open on the app like it's going to work? DM us with as much detail as possible. https://t.co/GDrqU22YpT",@358487 Does it open on the app like it's going to work? DM us with as much detail as possible. https://t.co/GDrqU22YpT,4,2,2,SUPPORT_RESPONSE_PRESENT
apple_1008516,"@AppleSupport Why are u randomly uninstalling dictionaries and then not letting me reinstall them? iPhone, ios 11.0.3 https://t.co/Ex8nlHfhvi","CUSTOMER: @AppleSupport Why are u randomly uninstalling dictionaries and then not letting me reinstall them? iPhone, ios 11.0.3 https://t.co/Ex8nlHfhvi
SUPPORT: @358648 Send us a DM and let us know what version of iOS you're running. We'll go from there. https://t.co/GDrqU22YpT",@358648 Send us a DM and let us know what version of iOS you're running. We'll go from there. https://t.co/GDrqU22YpT,2,1,1,SUPPORT_RESPONSE_PRESENT
apple_1008518,"@115858 need to sort their iPhones out! Never had one bit of bother with it until the update!Photos not loading, Bluetooth gng in wen WiFi is","CUSTOMER: @115858 need to sort their iPhones out! Never had one bit of bother with it until the update!Photos not loading, Bluetooth gng in wen WiFi is
SUPPORT: @358649 We'd be happy to help you out. Send us a DM with some details on what's going on. https://t.co/GDrqU22YpT",@358649 We'd be happy to help you out. Send us a DM with some details on what's going on. https://t.co/GDrqU22YpT,2,1,1,SUPPORT_RESPONSE_PRESENT
apple_1008520,"@AppleSupport ever since I upgraded to iOS 11, my iPhone 7+ has gotten slow and freezes multiples times a day. I’ve reset phone to no avail","CUSTOMER: @AppleSupport ever since I upgraded to iOS 11, my iPhone 7+ has gotten slow and freezes multiples times a day. I’ve reset phone to no avail
SUPPORT: @358650 Does this occur when using certain apps or features? Send us a DM, we'll pick it up from there. https://t.co/GDrqU22YpT","@358650 Does this occur when using certain apps or features? Send us a DM, we'll pick it up from there. https://t.co/GDrqU22YpT",2,1,1,SUPPORT_RESPONSE_PRESENT
apple_1008524,@AppleSupport I've had an email saying my account had been locked due to a log-in in Jakarta. It's from __email__. Is that genuine?,"CUSTOMER: @AppleSupport I've had an email saying my account had been locked due to a log-in in Jakarta. It's from __email__. Is that genuine?
SUPPORT: @358651 We'd like to check that out. You can reach out to our Apple ID specialists here: https://t.co/UJm15vmMM2",@358651 We'd like to check that out. You can reach out to our Apple ID specialists here: https://t.co/UJm15vmMM2,2,1,1,SUPPORT_RESPONSE_PRESENT
apple_1008527,@AppleSupport why are you guys charging me for an app that i cancelled the subscription for,"CUSTOMER: @AppleSupport why are you guys charging me for an app that i cancelled the subscription for
SUPPORT: @358652 Take a look at this article for info about managing subscriptions: https://t.co/YKDbvueXrq
CUSTOMER: @AppleSupport i cancelled it a day before and it still charged me
SUPPORT: @358652 Let us take a closer look into this issue. Select the following link to join us in a DM and we'll continue there. https://t.co/GDrqU22YpT",@358652 Let us take a closer look into this issue. Select the following link to join us in a DM and we'll continue there. https://t.co/GDrqU22YpT,4,2,2,SUPPORT_RESPONSE_PRESENT
apple_1008532,"@AppleSupport Hi I have an iPhone 6s, it is continuously freezing and crashing. After installing iOS 11.0.3 i expected this to be resolved","CUSTOMER: @AppleSupport Hi I have an iPhone 6s, it is continuously freezing and crashing. After installing iOS 11.0.3 i expected this to be resolved
SUPPORT: @358653 Go to Settings &gt; General &gt; Storage &amp; iCloud Usage &gt; Manage Storage under the top section.  What does it show for available?
CUSTOMER: @AppleSupport 2.2GB free
SUPPORT: @358653 We’re here to address your concerns. Let's team up in DM using the link below. https://t.co/GDrqU22YpT",@358653 We’re here to address your concerns. Let's team up in DM using the link below. https://t.co/GDrqU22YpT,4,2,2,SUPPORT_RESPONSE_PRESENT
apple_1009011,Essa porra desse IOS 11 ligando wifi e Bluetooth sozinho é demais @115858 🖕🏻🖕🏻,"CUSTOMER: Essa porra desse IOS 11 ligando wifi e Bluetooth sozinho é demais @115858 🖕🏻🖕🏻
SUPPORT: @358761 Since our Twitter support is available in English, get help at https://t.co/IBIY3vMgPj or join https://t.co/pvaOFfPbjt","@358761 Since our Twitter support is available in English, get help at https://t.co/IBIY3vMgPj or join https://t.co/pvaOFfPbjt",2,1,1,SUPPORT_RESPONSE_PRESENT
apple_1009013,"@AppleSupport who can I submit ideas to? Or, just vent about stuff that’s standard on other phones, but not iPhones?","CUSTOMER: @AppleSupport who can I submit ideas to? Or, just vent about stuff that’s standard on other phones, but not iPhones?
SUPPORT: @358762 Thanks for reaching out. You can let us know more about your suggestions and recommendations here: https://t.co/oWzjJxkvlC",@358762 Thanks for reaching out. You can let us know more about your suggestions and recommendations here: https://t.co/oWzjJxkvlC,2,1,1,SUPPORT_RESPONSE_PRESENT
apple_1009017,Why does my WiFi and Bluetooth come on whenever it wants!?🗣 @115858,"CUSTOMER: Why does my WiFi and Bluetooth come on whenever it wants!?🗣 @115858
SUPPORT: @358764 We'd be happy to help.  Please reach out to us via DM and we'll get started. https://t.co/GDrqU22YpT",@358764 We'd be happy to help.  Please reach out to us via DM and we'll get started. https://t.co/GDrqU22YpT,2,1,1,SUPPORT_RESPONSE_PRESENT
apple_1009019,"Apple sent me a Spanish massage:)!
Do I look Spanish? @AppleSupport https://t.co/B3Pu4rtOx8","CUSTOMER: Apple sent me a Spanish massage:)!
Do I look Spanish? @AppleSupport https://t.co/B3Pu4rtOx8
SUPPORT: @358765 We'd like to look into this with you. Let's continue chatting via DM. https://t.co/GDrqU22YpT",@358765 We'd like to look into this with you. Let's continue chatting via DM. https://t.co/GDrqU22YpT,2,1,1,SUPPORT_RESPONSE_PRESENT
apple_1009022,"@AppleSupport when I took this screenshot, I was halfway through the song. So why is the slider not showing that? (This is my local library) https://t.co/YJqzXEVthw","CUSTOMER: @AppleSupport when I took this screenshot, I was halfway through the song. So why is the slider not showing that? (This is my local library) https://t.co/YJqzXEVthw
SUPPORT: @358766 We’e can figure this out. To start, tell us the iOS version your iPhone is on, and if you’re an Apple Music member.
CUSTOMER: @AppleSupport 11.0 (I’m pretty sure) and no, I’m not an Apple Music member. I’ve never used it at all.
SUPPORT: @358766 OK. We’ve released iOS version 11.0.3. Let’s make sure you have a backup, then update your iPhone: https://t.co/80YRnjDFDk","@358766 OK. We’ve released iOS version 11.0.3. Let’s make sure you have a backup, then update your iPhone: https://t.co/80YRnjDFDk",4,2,2,SUPPORT_RESPONSE_PRESENT
apple_1009051,@AppleSupport I am not allowed refunds on my account (due to unauthorised purchases). Can I claim back for an app that is unusable,"CUSTOMER: @AppleSupport I am not allowed refunds on my account (due to unauthorised purchases). Can I claim back for an app that is unusable
SUPPORT: @358770 For this issue, you’ll want to reach out to our iTunes Store Support. They are ready to assist you: https://t.co/SDIe7UiyJN","@358770 For this issue, you’ll want to reach out to our iTunes Store Support. They are ready to assist you: https://t.co/SDIe7UiyJN",2,1,1,SUPPORT_RESPONSE_PRESENT
apple_1009054,Hello @AppleSupport my podcast directory keeps crashing. Why? Worked perfectly well before #iOS11,"CUSTOMER: Hello @AppleSupport my podcast directory keeps crashing. Why? Worked perfectly well before #iOS11
SUPPORT: @350333 Let's look into this together! Could you tell us which Apple device and iOS version you're using?
CUSTOMER: @AppleSupport IPhone 6, iOS11. It worked perfectly fine until I downloaded iOS11
SUPPORT: @350333 Let's look into this together. Could you tell us which iOS version you're using?
CUSTOMER: @AppleSupport IOS11
SUPPORT: @350333 Thank you. Could you DM us and we can begin from there? https://t.co/GDrqU22YpT",@350333 Thank you. Could you DM us and we can begin from there? https://t.co/GDrqU22YpT,6,3,3,SUPPORT_RESPONSE_PRESENT
apple_1009059,Dear @AppleSupport this was happened twice in a week with my Iphone7 while making the calls https://t.co/o9JPJSDOO2,"CUSTOMER: Dear @AppleSupport this was happened twice in a week with my Iphone7 while making the calls https://t.co/o9JPJSDOO2
SUPPORT: @358771 We are here to help. DM us your iOS version and we can take a look at this. https://t.co/GDrqU22YpT",@358771 We are here to help. DM us your iOS version and we can take a look at this. https://t.co/GDrqU22YpT,2,1,1,SUPPORT_RESPONSE_PRESENT
apple_1009062,"Appear to have lost the ability to swipe up for volume, brightness, etc. settings on iPhone 7 since updating to latest #iOS11 @AppleSupport!","CUSTOMER: Appear to have lost the ability to swipe up for volume, brightness, etc. settings on iPhone 7 since updating to latest #iOS11 @AppleSupport!
SUPPORT: @358772 We are here to help! You can customize the Control Center on your iPhone. See this link for details: https://t.co/vodH4madjc",@358772 We are here to help! You can customize the Control Center on your iPhone. See this link for details: https://t.co/vodH4madjc,2,1,1,SUPPORT_RESPONSE_PRESENT
apple_1009064,"@AppleSupport since I upgraded to iOS 11, control center and lock screen music controls don’t work reliably.","CUSTOMER: @AppleSupport since I upgraded to iOS 11, control center and lock screen music controls don’t work reliably.
SUPPORT: @358773 Hi. We'd like to look into this. DM us and we'll go from there. https://t.co/GDrqU22YpT",@358773 Hi. We'd like to look into this. DM us and we'll go from there. https://t.co/GDrqU22YpT,2,1,1,SUPPORT_RESPONSE_PRESENT
apple_1009071,How do I stop iPhone from turning Bluetooth after every update and every reboot. I hardly use Bluetooth and it drains my battery @115858 😠,"CUSTOMER: How do I stop iPhone from turning Bluetooth after every update and every reboot. I hardly use Bluetooth and it drains my battery @115858 😠
SUPPORT: @358775 We can help you disable that feature. Let's go to Settings &gt; Bluetooth, and disable it here. Then restart. Any change?
CUSTOMER: @AppleSupport Thank you that worked. I should have known that. 👍
SUPPORT: @358775 You're welcome.",@358775 You're welcome.,4,2,2,SUPPORT_RESPONSE_PRESENT
apple_1009074,@AppleSupport why does the wifi get activated automatically in control panel even when I disable it? https://t.co/1aSiyLrv7a,"CUSTOMER: @AppleSupport why does the wifi get activated automatically in control panel even when I disable it? https://t.co/1aSiyLrv7a
SUPPORT: @358776 We are here to help. This article will tell you more about Control Center in iOS 11. https://t.co/G7BHuQnDS6",@358776 We are here to help. This article will tell you more about Control Center in iOS 11. https://t.co/G7BHuQnDS6,2,1,1,SUPPORT_RESPONSE_PRESENT
apple_1009078,@AppleSupport my iPhone 7+ &amp; iPad Air 2 both have problems staying connected to my Wi-fi network on iOS11,"CUSTOMER: @AppleSupport my iPhone 7+ &amp; iPad Air 2 both have problems staying connected to my Wi-fi network on iOS11
SUPPORT: @358777 We'd be happy to review this for you. Are you experiencing this issue on the latest version of iOS 11.0.3?
CUSTOMER: @AppleSupport Yes I have the latest version. Both devices also switch off the ‘ask to join known network’ option by themselves as well
SUPPORT: @358777 Thanks for verifying that for us. Please DM us and we'll work on this together as a team. https://t.co/GDrqU22YpT
CUSTOMER: @358777 @AppleSupport I‘ve the same problems with staying connected to my wi-fi network with my iphone 7+.
SUPPORT: @499269 We'd be happy to look into this with you. Can you provide us which iOS version you're using? https://t.co/ZTw54HL4Rm
CUSTOMER: @AppleSupport iOS 11.0.3
SUPPORT: @499269 Thanks for confirming that. Can you provide us what you're experiencing with your Wi-Fi?
CUSTOMER: @AppleSupport Loss of connectivity, several times while using anyapp. can’t get a good wifi connection &amp; stay connected with iOS11.  I want iOS10 back.
SUPPORT: @499269 Thanks for providing that for us. Let's look further into this in DM here: https://t.co/GDrqU22YpT",@499269 Thanks for providing that for us. Let's look further into this in DM here: https://t.co/GDrqU22YpT,10,5,5,SUPPORT_RESPONSE_PRESENT
apple_1009086,@AppleSupport my new iPhone 8 has started making randomly making smoke alarm-like noises. Any ideas?!,"CUSTOMER: @AppleSupport my new iPhone 8 has started making randomly making smoke alarm-like noises. Any ideas?!
SUPPORT: @358778 We'd like to look into this. Send us a DM to continue. https://t.co/GDrqU22YpT",@358778 We'd like to look into this. Send us a DM to continue. https://t.co/GDrqU22YpT,2,1,1,SUPPORT_RESPONSE_PRESENT
apple_1009090,"@115858 / @128305 

Do you realise how tasteless it is to have such a potentially triggering message pop up on people’s phones? Do better. https://t.co/a2boQ6PPvl","CUSTOMER: @115858 / @128305 

Do you realise how tasteless it is to have such a potentially triggering message pop up on people’s phones? Do better. https://t.co/a2boQ6PPvl
SUPPORT: @358779 We can assist. You can avoid notifications like this by going to Settings &gt; Notifications and toggling off News.
CUSTOMER: @AppleSupport I think you have utterly missed the point of my tweet to you and @128305. But thanks for thinking I have a single-digit IQ.",@358779 We can assist. You can avoid notifications like this by going to Settings &gt; Notifications and toggling off News.,3,2,1,SUPPORT_RESPONSE_PRESENT
apple_1009092,Seriously debating switching to android. This iOS 11 update is fucking up my phone @115858,"CUSTOMER: Seriously debating switching to android. This iOS 11 update is fucking up my phone @115858
SUPPORT: @358780 We'd love to help with any issues you're experiencing. Please let us know what's going on and the version of iOS 11 you're using.",@358780 We'd love to help with any issues you're experiencing. Please let us know what's going on and the version of iOS 11 you're using.,2,1,1,SUPPORT_RESPONSE_PRESENT
apple_1009095,"Just updated my Music Library and music app is crashing when opening it, why? @115858","CUSTOMER: Just updated my Music Library and music app is crashing when opening it, why? @115858
SUPPORT: @358781 We'd like to help you get the Music app working as expected. Could you tell us which device and system you're having this issue on?
CUSTOMER: @AppleSupport On iPhone SE running iOS 11.0.2
SUPPORT: @358781 Thanks for the info. We can go ahead and update to 11.0.3, which should patch the app.","@358781 Thanks for the info. We can go ahead and update to 11.0.3, which should patch the app.",4,2,2,SUPPORT_RESPONSE_PRESENT
apple_1009288,@44198 @44199 @115858 @AppleSupport seit einigen Tagen habe ich extreme Probleme beim Verwenden von @126 im Wlan...,"CUSTOMER: @44198 @44199 @115858 @AppleSupport seit einigen Tagen habe ich extreme Probleme beim Verwenden von @126 im Wlan...
CUSTOMER: @44198 @44199 @115858 @AppleSupport @126 Bilder und Storys werden nicht geladen... Im mobilen Netz funktioniert alles gut. Router zurückgesetzen bringt nichts.
Was kann ich tun?
SUPPORT: @358816 We offer support via Twitter in English. Contact us for help in your preferred language here: https://t.co/IBIY3vMgPj",@358816 We offer support via Twitter in English. Contact us for help in your preferred language here: https://t.co/IBIY3vMgPj,3,2,1,SUPPORT_RESPONSE_PRESENT
apple_1009291,"@AppleSupport so this is bs, right? came up with a buggy @44158 page https://t.co/TeQTsPekYF https://t.co/99P92czjhE","CUSTOMER: @AppleSupport so this is bs, right? came up with a buggy @44158 page https://t.co/TeQTsPekYF https://t.co/99P92czjhE
SUPPORT: @358817 That is not a message from Apple. It seems to be attached to the website.
CUSTOMER: @AppleSupport 👍🏻",@358817 That is not a message from Apple. It seems to be attached to the website.,3,2,1,SUPPORT_RESPONSE_PRESENT
apple_1009296,Omg. Do not upgrade your iPhone to the new iOS! What a joke. Everything crashes. @AppleSupport,"CUSTOMER: Omg. Do not upgrade your iPhone to the new iOS! What a joke. Everything crashes. @AppleSupport
SUPPORT: @358819 Let's work together so you can use your apps without interruption! Have you updated all your apps since updating iOS?
CUSTOMER: @AppleSupport I have
SUPPORT: @358819 If you haven't yet, restart using the steps found here: https://t.co/OWRDHWSt4h Let us know whether there is any change.","@358819 If you haven't yet, restart using the steps found here: https://t.co/OWRDHWSt4h Let us know whether there is any change.",4,2,2,SUPPORT_RESPONSE_PRESENT
apple_1009302,It’s pretty unreal that @AppleSupport hasn’t released an update to debug all of the crap happening in the new iOS,"CUSTOMER: It’s pretty unreal that @AppleSupport hasn’t released an update to debug all of the crap happening in the new iOS
CUSTOMER: @AppleSupport To use @115888 you have to restart your phone to be able to control it though the locked menu. Half of the time my vol buttons don’t work
SUPPORT: @358820 Send us a DM and let us know what version of iOS 11 you're running. We'll be happy to help. https://t.co/GDrqU22YpT",@358820 Send us a DM and let us know what version of iOS 11 you're running. We'll be happy to help. https://t.co/GDrqU22YpT,3,2,1,SUPPORT_RESPONSE_PRESENT
apple_1009304,my 7 has mysteriously started freezing for no reason.. @115858 knock it off I have $5.06 in my checking account I can’t afford an 8 rn,"CUSTOMER: my 7 has mysteriously started freezing for no reason.. @115858 knock it off I have $5.06 in my checking account I can’t afford an 8 rn
SUPPORT: @358821 We'd like to look into what's happening with your iPhone. DM us with the details and we'll get started. https://t.co/GDrqU22YpT",@358821 We'd like to look into what's happening with your iPhone. DM us with the details and we'll get started. https://t.co/GDrqU22YpT,2,1,1,SUPPORT_RESPONSE_PRESENT
apple_1009306,This new software update has made me phone gan crackers sort it out please fellas @115858,"CUSTOMER: This new software update has made me phone gan crackers sort it out please fellas @115858
SUPPORT: @358822 We are here to help whenever possible. DM the specific issue you are seeing to get started. https://t.co/GDrqU22YpT",@358822 We are here to help whenever possible. DM the specific issue you are seeing to get started. https://t.co/GDrqU22YpT,2,1,1,SUPPORT_RESPONSE_PRESENT
apple_1009308,@AppleSupport is there a way to disable this feature on the Apple Watch? Prefer to see my watch face. https://t.co/bLt9tMmRJJ,"CUSTOMER: @AppleSupport is there a way to disable this feature on the Apple Watch? Prefer to see my watch face. https://t.co/bLt9tMmRJJ
SUPPORT: @358823 We'd love to help you with your Apple Watch. To clarify, is this what you're seeing when you raise your wrist?","@358823 We'd love to help you with your Apple Watch. To clarify, is this what you're seeing when you raise your wrist?",2,1,1,SUPPORT_RESPONSE_PRESENT
apple_1009311,"@applesupport You are good stacking money, not updating IOS's. Thanks for ruining my ""premium"" phone.","CUSTOMER: @applesupport You are good stacking money, not updating IOS's. Thanks for ruining my ""premium"" phone.
SUPPORT: @358824 We'd like to help. What problem are you having?",@358824 We'd like to help. What problem are you having?,2,1,1,SUPPORT_RESPONSE_PRESENT
apple_1009314,Ever since I got the iPhone 8 my screen doesn’t shut off until I push the power button. Help @115858. It’s draining my battery.,"CUSTOMER: Ever since I got the iPhone 8 my screen doesn’t shut off until I push the power button. Help @115858. It’s draining my battery.
SUPPORT: @358825 We're here to help. Let's take this to DM so we can better assist you. https://t.co/GDrqU22YpT
CUSTOMER: @AppleSupport I got it figured out. Thank you tho!
SUPPORT: @358825 You're welcome. Let us know if we can help in the future.",@358825 You're welcome. Let us know if we can help in the future.,4,2,2,SUPPORT_RESPONSE_PRESENT
apple_1009318,Wow. My phone has been wonky since the last update &amp; is only getting worse. Not cool guys @AppleSupport,"CUSTOMER: Wow. My phone has been wonky since the last update &amp; is only getting worse. Not cool guys @AppleSupport
SUPPORT: @358826 We're here to help, so let's look into this. What's going on with your iPhone?
CUSTOMER: @AppleSupport Thanks!😀Overall there’s a lot of delay. Also with twitter it freezes a lot. It gets stuck. Just a lot of problems I’ve never had before.
SUPPORT: @358826 Are you seeing the freezing with other apps as well? Send us a DM and we'll work from there: https://t.co/GDrqU22YpT
CUSTOMER: @AppleSupport @358826 I have the same problem Apple!!! Do something! Too many bugs and battery drain. Want my iPhone back
CUSTOMER: @358827 @AppleSupport Yeah how do we go back to before the update? Wait for a better update &amp; bugs are addressed.
SUPPORT: @358827 Thanks for reaching out to us again, let's continue our conversation in DM. https://t.co/GDrqU22YpT","@358827 Thanks for reaching out to us again, let's continue our conversation in DM. https://t.co/GDrqU22YpT",7,4,3,SUPPORT_RESPONSE_PRESENT
apple_1010030,@AppleSupport @115858 11.0.3 #Update wrecked my #battery on #iPhone 6 - my iPhone 5 ran better 4 years ago. This will be my last iPhone,"CUSTOMER: @AppleSupport @115858 11.0.3 #Update wrecked my #battery on #iPhone 6 - my iPhone 5 ran better 4 years ago. This will be my last iPhone
SUPPORT: @358990 Thanks for reaching out. DM the country or region where you are currently located to get started. https://t.co/GDrqU22YpT",@358990 Thanks for reaching out. DM the country or region where you are currently located to get started. https://t.co/GDrqU22YpT,2,1,1,SUPPORT_RESPONSE_PRESENT
apple_1010032,My shit dies on 30% and restarts when I plug my headphones in 🙃 way to force the upgrade @115858 https://t.co/sEZgKv2za2,"CUSTOMER: My shit dies on 30% and restarts when I plug my headphones in 🙃 way to force the upgrade @115858 https://t.co/sEZgKv2za2
SUPPORT: @358991 Which device are you using? Let us know in a DM. https://t.co/GDrqU22YpT",@358991 Which device are you using? Let us know in a DM. https://t.co/GDrqU22YpT,2,1,1,SUPPORT_RESPONSE_PRESENT
apple_1010034,@AppleSupport This happens ALL THE TIME in #ios11. Why? Why? Why? #apple https://t.co/Z964p4STq0,"CUSTOMER: @AppleSupport This happens ALL THE TIME in #ios11. Why? Why? Why? #apple https://t.co/Z964p4STq0
SUPPORT: @358992 We'd be happy to investigate.  Which device is this happening on?",@358992 We'd be happy to investigate.  Which device is this happening on?,2,1,1,SUPPORT_RESPONSE_PRESENT
apple_1010036,@AppleSupport is the series 2 Apple Watch waterproof up to a certain point?,"CUSTOMER: @AppleSupport is the series 2 Apple Watch waterproof up to a certain point?
SUPPORT: @277899 We're here to help! The Apple Watch Series 2 is water resistant, not waterproof. DM us for more info. https://t.co/GDrqU22YpT","@277899 We're here to help! The Apple Watch Series 2 is water resistant, not waterproof. DM us for more info. https://t.co/GDrqU22YpT",2,1,1,SUPPORT_RESPONSE_PRESENT
apple_1010038,@4305 Notifcstions aren’t being sent on the latest @AppleSupport update 🤷🏻‍♀️ #whatisgoingon? #eversofrustrating #ios11.0.3ispants,"CUSTOMER: @4305 Notifcstions aren’t being sent on the latest @AppleSupport update 🤷🏻‍♀️ #whatisgoingon? #eversofrustrating #ios11.0.3ispants
SUPPORT: @358993 We're here to help. Send us a DM and we'll take a closer look at the issue together. https://t.co/GDrqU22YpT",@358993 We're here to help. Send us a DM and we'll take a closer look at the issue together. https://t.co/GDrqU22YpT,2,1,1,SUPPORT_RESPONSE_PRESENT
apple_1010040,Y’all need to fix the 11.0.3 update now my phone keeps freezing up and not opening Apps I have to reboot my phone so much 😤 @AppleSupport,"CUSTOMER: Y’all need to fix the 11.0.3 update now my phone keeps freezing up and not opening Apps I have to reboot my phone so much 😤 @AppleSupport
SUPPORT: @358994 We'd be happy to look into this with you! Send us a DM and we'll work from there. https://t.co/GDrqU22YpT",@358994 We'd be happy to look into this with you! Send us a DM and we'll work from there. https://t.co/GDrqU22YpT,2,1,1,SUPPORT_RESPONSE_PRESENT
apple_1010489,@AppleSupport @115858 please! Correct IOS 11!! An update has never been or work so bad :(,"CUSTOMER: @AppleSupport @115858 please! Correct IOS 11!! An update has never been or work so bad :(
SUPPORT: @359109 Thanks for reaching out to us. Can you let us know exactly what your issue is so that we can better understand?
CUSTOMER: @AppleSupport Too many bugs. It get blocked and reset the system every time I try to open an app 😩 Thank you 💕
SUPPORT: @359109 Can you please clarify what's getting blocked? We would like to provide a resolution.
CUSTOMER: @AppleSupport Almost everything. The keyboard, Safari, apps... it’s seems as if it doesn’t have enough ram and it needs to reset
SUPPORT: @359109 We would like to gather more information from you. Please send us a DM and we can go from there. https://t.co/GDrqU22YpT",@359109 We would like to gather more information from you. Please send us a DM and we can go from there. https://t.co/GDrqU22YpT,6,3,3,SUPPORT_RESPONSE_PRESENT
apple_1010495,@115858 ever since I updated my phone a week ago. I cannot go to a full screen video. What gives? It was fine before the update.,"CUSTOMER: @115858 ever since I updated my phone a week ago. I cannot go to a full screen video. What gives? It was fine before the update.
SUPPORT: @359110 Let’s get your videos back to normal. To begin, let us know if you notice this with a specific app, or multiple?
CUSTOMER: @AppleSupport Yes, happens with YouTube, Twitter videos, and televised games that I watch.
SUPPORT: @359110 Thank you. Have you been able to restart your iPhone since noticing this? This page mentions how: https://t.co/d59djUbfjV
CUSTOMER: @AppleSupport Did that. Still the same.
SUPPORT: @359110 Have you updated to 11.0.3? https://t.co/80YRnjDFDk Send us a DM and let us know. https://t.co/GDrqU22YpT",@359110 Have you updated to 11.0.3? https://t.co/80YRnjDFDk Send us a DM and let us know. https://t.co/GDrqU22YpT,6,3,3,SUPPORT_RESPONSE_PRESENT
apple_1010501,iOS 11 is one of the buggiest OS upgrades. iMessage crashes like hell.. #apple @AppleSupport,"CUSTOMER: iOS 11 is one of the buggiest OS upgrades. iMessage crashes like hell.. #apple @AppleSupport
CUSTOMER: @123516 @AppleSupport Facing so many problems 😤
SUPPORT: @123516 We'd like to help. On which device are you experiencing this issue on?
CUSTOMER: @AppleSupport iPhone 📱 7 Plus
SUPPORT: @359696 We want your iPhone to be working as expected. Send us a DM with details, and we'll start there. https://t.co/GDrqU22YpT
SUPPORT: @123516 Thanks and are you experiencing this issue on the latest version of iOS 11.0.3?
CUSTOMER: @AppleSupport Yes, updated to latest one.
SUPPORT: @123516 Thanks! Please send us a DM and give us more details about the way you see iMessage behaving. We're here for you. https://t.co/GDrqU22YpT
CUSTOMER: @AppleSupport I have added details about the issue in DM. Thanks
CUSTOMER: @AppleSupport @359696 Thanks @AppleSupport, for the follow-up. Hoping for a bug-free update in the future which will consider all corner cases.",@123516 Thanks! Please send us a DM and give us more details about the way you see iMessage behaving. We're here for you. https://t.co/GDrqU22YpT,10,6,4,SUPPORT_RESPONSE_PRESENT
apple_1010509,@AppleSupport helpppppppp https://t.co/ZCYexRhQPm,"CUSTOMER: @AppleSupport helpppppppp https://t.co/ZCYexRhQPm
SUPPORT: @359111 We're here to help! Check out this article regarding iPhone activation: https://t.co/ywHIZGN4Ac
CUSTOMER: @AppleSupport I want to activate it via itunes, but when I connect to itunes its error 💆
SUPPORT: @359111 Let's look into this issue together. Join us in DM with details about the error you receive: https://t.co/GDrqU22YpT",@359111 Let's look into this issue together. Join us in DM with details about the error you receive: https://t.co/GDrqU22YpT,4,2,2,SUPPORT_RESPONSE_PRESENT
apple_1010512,"Sir, my iphone SE has started to hang and the screen becomes absolutely non responsive since the iOS 11.0.3 @AppleSupport plz help 😓","CUSTOMER: Sir, my iphone SE has started to hang and the screen becomes absolutely non responsive since the iOS 11.0.3 @AppleSupport plz help 😓
SUPPORT: @359112 We're always happy to help. Let's get together in DM and dig into the issue. https://t.co/GDrqU22YpT",@359112 We're always happy to help. Let's get together in DM and dig into the issue. https://t.co/GDrqU22YpT,2,1,1,SUPPORT_RESPONSE_PRESENT
apple_1010516,I don't know what happened？🌚🐶@116333 @AppleSupport #ios11 https://t.co/SmYklMAaQI,"CUSTOMER: I don't know what happened？🌚🐶@116333 @AppleSupport #ios11 https://t.co/SmYklMAaQI
SUPPORT: @359113 Thanks for reaching out. How long has this been happening? Does that persist after a restart? https://t.co/OWRDHWSt4h
CUSTOMER: @AppleSupport When I re-unlocked my iphone SE, It was back to normal
SUPPORT: @359113 Super, glad it is back to normal. Let us know if you need anything else.","@359113 Super, glad it is back to normal. Let us know if you need anything else.",4,2,2,SUPPORT_RESPONSE_PRESENT
apple_1010519,Can someone at @AppleSupport (or anyone) tell me why my iPhone has started randomly beeping for no apparent reason?,"CUSTOMER: Can someone at @AppleSupport (or anyone) tell me why my iPhone has started randomly beeping for no apparent reason?
SUPPORT: @359114 We're here to help. Please DM us with your iPhone model and we'll assist you from there. https://t.co/GDrqU22YpT",@359114 We're here to help. Please DM us with your iPhone model and we'll assist you from there. https://t.co/GDrqU22YpT,2,1,1,SUPPORT_RESPONSE_PRESENT
apple_1010526,He salido de casa con un 70% de batería y ya voy por el 56. Salí hace 10 minutos... gracias @115858,"CUSTOMER: He salido de casa con un 70% de batería y ya voy por el 56. Salí hace 10 minutos... gracias @115858
CUSTOMER: @359117 @115858 A mí también me pasa 🤦🏼‍♀️
CUSTOMER: @359116 @359117 @115858 El wifi y bluetooth chupan mucho. Si los desconectas te durara un poco más que a mi tmbme pasaba
SUPPORT: @359115 We offer support via Twitter in English. Get help in Spanish here: https://t.co/IBIY3vMgPj or join https://t.co/OczyRx7IOs",@359115 We offer support via Twitter in English. Get help in Spanish here: https://t.co/IBIY3vMgPj or join https://t.co/OczyRx7IOs,4,3,1,SUPPORT_RESPONSE_PRESENT
apple_1010528,@AppleSupport Anyone know how to stop iPhone locking when using maps ? No “never” option on auto lock,"CUSTOMER: @AppleSupport Anyone know how to stop iPhone locking when using maps ? No “never” option on auto lock
SUPPORT: @359118 We'd look into this with you! Send us a DM and we will proceed from there. https://t.co/GDrqU22YpT",@359118 We'd look into this with you! Send us a DM and we will proceed from there. https://t.co/GDrqU22YpT,2,1,1,SUPPORT_RESPONSE_PRESENT
apple_1010530,@AppleSupport is there a Smart Cover or case for the 2nd gen 12.9 inch iPad Pro? ... can’t see any on the Apple website!,"CUSTOMER: @AppleSupport is there a Smart Cover or case for the 2nd gen 12.9 inch iPad Pro? ... can’t see any on the Apple website!
SUPPORT: @328752 There absolutely is. Check it out here: https://t.co/fMbESkiDgD‑inch-ipad-pro-charcoal-gray?fnode=9a",@328752 There absolutely is. Check it out here: https://t.co/fMbESkiDgD‑inch-ipad-pro-charcoal-gray?fnode=9a,2,1,1,SUPPORT_RESPONSE_PRESENT
apple_1010532,@AppleSupport iPhone 7 S plus and have downloaded the latest update. I have seen no changes &amp; my interface looks different than my friend's.,"CUSTOMER: @AppleSupport iPhone 7 S plus and have downloaded the latest update. I have seen no changes &amp; my interface looks different than my friend's.
SUPPORT: @331098 We'd like to look into this with you. Send us a DM by clicking on the link below. We'll continue there. https://t.co/GDrqU22YpT",@331098 We'd like to look into this with you. Send us a DM by clicking on the link below. We'll continue there. https://t.co/GDrqU22YpT,2,1,1,SUPPORT_RESPONSE_PRESENT
apple_1010549,@AppleSupport :neues iPhone 8 / 11.0.3 BT  funktioniert nicht😡 weder Auto-Freisprecheinrichtung (AUDI) noch POLAR-Firnessuhr verbindet? Wtf,"CUSTOMER: @AppleSupport :neues iPhone 8 / 11.0.3 BT  funktioniert nicht😡 weder Auto-Freisprecheinrichtung (AUDI) noch POLAR-Firnessuhr verbindet? Wtf
SUPPORT: @359124 We offer support via Twitter in English. Contact us for help in your preferred language here: https://t.co/IBIY3vMgPj",@359124 We offer support via Twitter in English. Contact us for help in your preferred language here: https://t.co/IBIY3vMgPj,2,1,1,SUPPORT_RESPONSE_PRESENT
apple_1010551,@AppleSupport my iPhone 6plus is extremely hot and won't charge . what is the cause and the possible solution,"CUSTOMER: @AppleSupport my iPhone 6plus is extremely hot and won't charge . what is the cause and the possible solution
SUPPORT: @359125 Meet us in Direct Message at the link below. We want to help with your iPhone 6 Plus. https://t.co/GDrqU22YpT",@359125 Meet us in Direct Message at the link below. We want to help with your iPhone 6 Plus. https://t.co/GDrqU22YpT,2,1,1,SUPPORT_RESPONSE_PRESENT
apple_1010562,Does anyone have a workable way of getting photos from an iPhone6 to an iMac that actually works or have @115858 really turned to shit?,"CUSTOMER: Does anyone have a workable way of getting photos from an iPhone6 to an iMac that actually works or have @115858 really turned to shit?
SUPPORT: @359128 We can help. There's a few options for importing photos: https://t.co/KaRBU8jg1j For more, connect here: https://t.co/IBIY3vMgPj","@359128 We can help. There's a few options for importing photos: https://t.co/KaRBU8jg1j For more, connect here: https://t.co/IBIY3vMgPj",2,1,1,SUPPORT_RESPONSE_PRESENT
apple_1010564,"Dear @AppleSupport 
In iOS 11 Sindhi is not fully supported. See the picture below iOS 11 fonts not supporting some character properly. https://t.co/0xsEKE9Vb5","CUSTOMER: Dear @AppleSupport 
In iOS 11 Sindhi is not fully supported. See the picture below iOS 11 fonts not supporting some character properly. https://t.co/0xsEKE9Vb5
SUPPORT: @359129 We received your DM. Let's continue to work together there. You should have our reply soon. https://t.co/GDrqU22YpT",@359129 We received your DM. Let's continue to work together there. You should have our reply soon. https://t.co/GDrqU22YpT,2,1,1,SUPPORT_RESPONSE_PRESENT
apple_1010566,"Never had such a bad software update for my iPhone 5s,nothing works anymore #worseupdate #appsstuck #apple #just anotherphone @AppleSupport","CUSTOMER: Never had such a bad software update for my iPhone 5s,nothing works anymore #worseupdate #appsstuck #apple #just anotherphone @AppleSupport
SUPPORT: @359130 Certainly not the behavior we want you to experience. We want to help. Could you tell us which iOS version you're using?",@359130 Certainly not the behavior we want you to experience. We want to help. Could you tell us which iOS version you're using?,2,1,1,SUPPORT_RESPONSE_PRESENT
apple_1010569,@AppleSupport I am in PR with #FEMA and my Apple Watch charger went missing #help how can I change it??? Thanks 🙏,"CUSTOMER: @AppleSupport I am in PR with #FEMA and my Apple Watch charger went missing #help how can I change it??? Thanks 🙏
SUPPORT: @125141 We can look at options in DM. Send us one with the link below. https://t.co/GDrqU22YpT
CUSTOMER: @AppleSupport I DM you",@125141 We can look at options in DM. Send us one with the link below. https://t.co/GDrqU22YpT,3,2,1,SUPPORT_RESPONSE_PRESENT
apple_1010808,if i can listen to a voice note on speaker my phone shouldnt be going into 'sleep mode' while its playing @AppleSupport fix it please,"CUSTOMER: if i can listen to a voice note on speaker my phone shouldnt be going into 'sleep mode' while its playing @AppleSupport fix it please
CUSTOMER: @AppleSupport also can i get a fast forward option??? so that when this happens i dont have to listen to it all over again.
CUSTOMER: @AppleSupport sincerely someone who just had to play the same voice note 5 times... just to hear the last 30 seconds
SUPPORT: @359190 We can get you the best options. What’s your Auto-Lock time set to in Settings &gt; Display &amp; Brightness &gt; Auto-Lock?
CUSTOMER: @AppleSupport Thanks for the temporary option.. anyway my suggestion can be sent in though if it hasn't already been
SUPPORT: @359190 We're always on the lookout for customer feedback, and we invite you to submit yours here: https://t.co/eTPVYVFyd8
CUSTOMER: @AppleSupport Thanks","@359190 We're always on the lookout for customer feedback, and we invite you to submit yours here: https://t.co/eTPVYVFyd8",7,5,2,SUPPORT_RESPONSE_PRESENT
apple_1010815,"@AppleSupport Your connection is not private https://t.co/X1CPv0Z1r9 How could you missed that, just wondering? cc: @115858 https://t.co/KS4tA2alAc","CUSTOMER: @AppleSupport Your connection is not private https://t.co/X1CPv0Z1r9 How could you missed that, just wondering? cc: @115858 https://t.co/KS4tA2alAc
CUSTOMER: @AppleSupport @115858 Can’t connect ur website from Turkey and you haven’t done anything yet! What is wrong with you? https://t.co/X1CPv0Z1r9 https://t.co/9HBjqhSyv9
SUPPORT: @359191 Do you get the same alert when you try to visit the link https://t.co/yQnHDPU4Jx for our Turkish Apple Site?
CUSTOMER: @AppleSupport No but https://t.co/X1CPv0Z1r9 is your offical Turkish domain address and SSL certificate expired or something like that.
SUPPORT: @359191 Please use https://t.co/gMyXnzOYSy to access our website and available services in your country.
CUSTOMER: @AppleSupport Thanks for letting me know but how about other users? You must fix this issue soon, you are loosing visitors. It also not only affected me.
CUSTOMER: @AppleSupport This one is NL official domain https://t.co/lImIntPn4o or that one is UK official domain https://t.co/m7ZaYljl8m Hope this helps.",@359191 Please use https://t.co/gMyXnzOYSy to access our website and available services in your country.,7,5,2,SUPPORT_RESPONSE_PRESENT
apple_1010818,Having lots of issues with notifications since updating to iOS 11 @AppleSupport and so are a lot of people...,"CUSTOMER: Having lots of issues with notifications since updating to iOS 11 @AppleSupport and so are a lot of people...
SUPPORT: @359192 We'd like to take a look at this together. What seems to be going on with your notifications?
CUSTOMER: @AppleSupport I don’t get them for some apps. I’ve turned the notifications off and on again in my settings but it still doesn’t work
SUPPORT: @359192 What apps are you having issues with? Let us know in DM and we'll look into this further. https://t.co/GDrqU22YpT",@359192 What apps are you having issues with? Let us know in DM and we'll look into this further. https://t.co/GDrqU22YpT,4,2,2,SUPPORT_RESPONSE_PRESENT
apple_1011517,So does @115858 purposely sabotage our phones when we are almost up for an upgrade? My battery drains so fast and my charger isn’t working!,"CUSTOMER: So does @115858 purposely sabotage our phones when we are almost up for an upgrade? My battery drains so fast and my charger isn’t working!
SUPPORT: @359327 We're here to help. Have you already updated to iOS 11.0.3? Are you using the charger that came with it? Let us know in DM. https://t.co/GDrqU22YpT
CUSTOMER: @AppleSupport @359327 I'm trying to download 11.0.3 but it keep saying an error has occurred
SUPPORT: @359326 We're here to help. How are you trying to update your device, through Wi-Fi or iTunes?","@359326 We're here to help. How are you trying to update your device, through Wi-Fi or iTunes?",4,2,2,SUPPORT_RESPONSE_PRESENT
apple_1011519,"@AppleSupport 
iphone 6s too full !!
the apple stays on for only 5 sec 
trying to empty it  but I switched it off and then no way to on","CUSTOMER: @AppleSupport 
iphone 6s too full !!
the apple stays on for only 5 sec 
trying to empty it  but I switched it off and then no way to on
SUPPORT: @359328 We'd love to help and recommend all of these steps first: https://t.co/8MvHMFZ83h Let us know how it goes.",@359328 We'd love to help and recommend all of these steps first: https://t.co/8MvHMFZ83h Let us know how it goes.,2,1,1,SUPPORT_RESPONSE_PRESENT
apple_1011521,All good and well sending me a code to start a chat with @AppleSupport but my phone is disbaled so i can't see it!! Help please!,"CUSTOMER: All good and well sending me a code to start a chat with @AppleSupport but my phone is disbaled so i can't see it!! Help please!
SUPPORT: @359329 We want to help you. DM us, and we'll let us know what you see on the screen. We'll try to assist. https://t.co/GDrqU22YpT","@359329 We want to help you. DM us, and we'll let us know what you see on the screen. We'll try to assist. https://t.co/GDrqU22YpT",2,1,1,SUPPORT_RESPONSE_PRESENT
apple_1011523,@115858 what you done to the podcast app! It’s lost its streamlined navigation and is now very glitchy. Also #ios11 chews through battery. 😡😑,"CUSTOMER: @115858 what you done to the podcast app! It’s lost its streamlined navigation and is now very glitchy. Also #ios11 chews through battery. 😡😑
SUPPORT: @359330 We'd like to have help out and take a closer look at this. Send us a DM to continue. https://t.co/GDrqU22YpT",@359330 We'd like to have help out and take a closer look at this. Send us a DM to continue. https://t.co/GDrqU22YpT,2,1,1,SUPPORT_RESPONSE_PRESENT
apple_1011597,Ever since I updated my phone it keeps rejected my charger. “This accessory can not be supported” like really? @115858,"CUSTOMER: Ever since I updated my phone it keeps rejected my charger. “This accessory can not be supported” like really? @115858
SUPPORT: @359353 We know how important it is to be able to charge your device &amp; we'd like to help. Are you using an Apple-branded charger?
CUSTOMER: @AppleSupport Hello, I am not. Chargers of other brands work just fine with my iPhone. I just noticed when I updated to ios11 it is rejecting the charger.
SUPPORT: @359353 Have you had the chance to try an official Apple charger? This step would help us further isolate the issue.
CUSTOMER: @AppleSupport I was able to obtain an Apple charger. It is working so far. Thanks!",@359353 Have you had the chance to try an official Apple charger? This step would help us further isolate the issue.,5,3,2,SUPPORT_RESPONSE_PRESENT
apple_1011771,@115858 como faço para melhorar o desempenho da bateria do meu IPhone 6S? #Ios11Fail,"CUSTOMER: @115858 como faço para melhorar o desempenho da bateria do meu IPhone 6S? #Ios11Fail
SUPPORT: @359392 Since our Twitter support is available in English, get help at https://t.co/IBIY3vMgPj or join https://t.co/pvaOFfPbjt","@359392 Since our Twitter support is available in English, get help at https://t.co/IBIY3vMgPj or join https://t.co/pvaOFfPbjt",2,1,1,SUPPORT_RESPONSE_PRESENT
apple_1011773,@AppleSupport I’ve never been as frustrated with an #Apple product as I am with the the iOS.  Terrible. Very buggy,"CUSTOMER: @AppleSupport I’ve never been as frustrated with an #Apple product as I am with the the iOS.  Terrible. Very buggy
SUPPORT: @359393 Meet us in DM and we’ll do all that we can to get your devices working as expected. https://t.co/GDrqU22YpT",@359393 Meet us in DM and we’ll do all that we can to get your devices working as expected. https://t.co/GDrqU22YpT,2,1,1,SUPPORT_RESPONSE_PRESENT
apple_1011779,What’s the point of Apple Pay if it never works @AppleSupport,"CUSTOMER: What’s the point of Apple Pay if it never works @AppleSupport
SUPPORT: @359396 Give us some details on what happens when you try to use Apple Pay, and we’ll parter with you to work towards a resolution.","@359396 Give us some details on what happens when you try to use Apple Pay, and we’ll parter with you to work towards a resolution.",2,1,1,SUPPORT_RESPONSE_PRESENT
apple_1011781,@AppleSupport I am suffering same issue 3rd time !it was previously repaired 2weeks ago#applesupport #shameapple #iPhone7Plusissues,"CUSTOMER: @AppleSupport I am suffering same issue 3rd time !it was previously repaired 2weeks ago#applesupport #shameapple #iPhone7Plusissues
SUPPORT: @359397 Thanks for contacting us. We have received your DM. We will work with you there.",@359397 Thanks for contacting us. We have received your DM. We will work with you there.,2,1,1,SUPPORT_RESPONSE_PRESENT
apple_1011786,Dear @AppleSupport how come I can’t control Spotify from my lockscreen or swipe up menu anymore?,"CUSTOMER: Dear @AppleSupport how come I can’t control Spotify from my lockscreen or swipe up menu anymore?
SUPPORT: @359399 Let's look into this together. What happens when you try to control Spotify from the lock screen?
CUSTOMER: @AppleSupport When I’m playing music from Spotify, my phone doesn’t even acknowledge that Spotify is open and running
SUPPORT: @359399 Please send us a DM and tell us which version of iOS you're running, and we'll help. Find that in Settings &gt; General &gt; About. https://t.co/GDrqU22YpT","@359399 Please send us a DM and tell us which version of iOS you're running, and we'll help. Find that in Settings &gt; General &gt; About. https://t.co/GDrqU22YpT",4,2,2,SUPPORT_RESPONSE_PRESENT
apple_1011791,Hey @AppleSupport how do I get my iPhone 7 home screen to rotate like on the 7plus #ineedtoknowhowtodoso,"CUSTOMER: Hey @AppleSupport how do I get my iPhone 7 home screen to rotate like on the 7plus #ineedtoknowhowtodoso
SUPPORT: @189767 Thanks for reaching out to us. Here is a helpful resource: https://t.co/42YQu2SoDY Let us know if you have questions.
CUSTOMER: @AppleSupport @AppleSupport for iOS 12 as a new feature that allows u to charge ur iPhone iPod and iPad automatically without putting it in the
CUSTOMER: @AppleSupport Charger",@189767 Thanks for reaching out to us. Here is a helpful resource: https://t.co/42YQu2SoDY Let us know if you have questions.,4,3,1,SUPPORT_RESPONSE_PRESENT
apple_1011804,@AppleSupport  Are the EarPods with 3.5mm Headphone Plug the same as the ones that come with the  iPods 5th Gen,"CUSTOMER: @AppleSupport  Are the EarPods with 3.5mm Headphone Plug the same as the ones that come with the  iPods 5th Gen
SUPPORT: @359403 They are. The EarPods that came with the iPod touch (5th generation) had the 3.5mm connector.
CUSTOMER: @AppleSupport Thanks,  need new ones, tried different earphones and  and sound wasn't the best,  at  $35  these are a little costly  though
SUPPORT: @359403 No problem. What's going on with the EarPods that came with your iPod? We may have options to help. DM us here: https://t.co/GDrqU22YpT
CUSTOMER: @AppleSupport Hi,  loose connection in the wires I guess sound used to cunt in and out.   Lasted  a year or two
SUPPORT: @359403 We can certainly take a look at some options for you. Join us in DM using this link: https://t.co/GDrqU22YpT",@359403 We can certainly take a look at some options for you. Join us in DM using this link: https://t.co/GDrqU22YpT,6,3,3,SUPPORT_RESPONSE_PRESENT
apple_1011807,"@AppleSupport got a Apple Watch yesterday, had receipt emailed to me, but it never showed up yet. Is it normal for it to come delayed?","CUSTOMER: @AppleSupport got a Apple Watch yesterday, had receipt emailed to me, but it never showed up yet. Is it normal for it to come delayed?
SUPPORT: @359404 Congrats on your new Apple Watch! Did you purchase the Watch from an Apple Store or another retailer?
CUSTOMER: @AppleSupport Apple store!
SUPPORT: @359404 We want to get to the bottom of this for you. Have you called the Apple Store you purchased this from? What did they say?
CUSTOMER: @AppleSupport Just got off the phone with them and they helped! Thanks
SUPPORT: @359404 That's great news! We're happy this has been resolved. If you need anything else, we'll be here! https://t.co/GDrqU22YpT","@359404 That's great news! We're happy this has been resolved. If you need anything else, we'll be here! https://t.co/GDrqU22YpT",6,3,3,SUPPORT_RESPONSE_PRESENT
apple_1011818,@115858 what have you done to #iOS upgraded my mums iPad #broken https://t.co/6MAwhvPyKR,"CUSTOMER: @115858 what have you done to #iOS upgraded my mums iPad #broken https://t.co/6MAwhvPyKR
SUPPORT: @359406 We're here to help. Just to confirm. Does the iPad not boot past the Apple logo after updating?
CUSTOMER: @AppleSupport It's stuck on this screen or a black screen iTunes said it's broke and can't recover and now downloading ⌛️I guess for the factory reset https://t.co/VVoc6k96LN
SUPPORT: @359406 Let's continue troubleshooting in DM and get this into resolution.  Do you regularly back up to iCloud or iTunes on a computer? https://t.co/GDrqU22YpT",@359406 Let's continue troubleshooting in DM and get this into resolution.  Do you regularly back up to iCloud or iTunes on a computer? https://t.co/GDrqU22YpT,4,2,2,SUPPORT_RESPONSE_PRESENT
apple_1011822,My #volume buttons are unresponsive on #iphone7 after the latest #iosupdate. Since #ios11 nothing but problems with @115858,"CUSTOMER: My #volume buttons are unresponsive on #iphone7 after the latest #iosupdate. Since #ios11 nothing but problems with @115858
SUPPORT: @269179 We're glad to help get to the bottom of this. Certainly not expected behavior. Is this occurring with the volume in all apps?
CUSTOMER: @AppleSupport Yes, the buttons just don't react anymore at all. Also the phone freezes a lot with random apps like whatsapp. I'm on ios 11.0.3
SUPPORT: @269179 To resolve the button issue, please navigate to Settings &gt; Sounds, then turn on ""Change With Buttons"". DM if issue remains. https://t.co/GDrqU22YpT","@269179 To resolve the button issue, please navigate to Settings &gt; Sounds, then turn on ""Change With Buttons"". DM if issue remains. https://t.co/GDrqU22YpT",4,2,2,SUPPORT_RESPONSE_PRESENT
apple_1011826,#AppleiTunes has become complete junk. How many times will you refuse to let me download movies you already charged me for? @AppleSupport,"CUSTOMER: #AppleiTunes has become complete junk. How many times will you refuse to let me download movies you already charged me for? @AppleSupport
SUPPORT: @359407 We're here to help. Please pair with us in DM and we'll work towards a resolution together. https://t.co/GDrqU22YpT
CUSTOMER: @AppleSupport Spent hours “downloading” movies. You took my money. Got on the plane to find they needed to be downloaded!!? Worse: 4 rentals expire tonite",@359407 We're here to help. Please pair with us in DM and we'll work towards a resolution together. https://t.co/GDrqU22YpT,3,2,1,SUPPORT_RESPONSE_PRESENT
apple_1011836,"@AppleSupport IOS 11.03 continues to annihilate my battery, tkz Apple #iPhone7 #IOS11dead","CUSTOMER: @AppleSupport IOS 11.03 continues to annihilate my battery, tkz Apple #iPhone7 #IOS11dead
SUPPORT: @359412 We'd be happy to review this for you. Please DM us and we'll get started. https://t.co/GDrqU22YpT",@359412 We'd be happy to review this for you. Please DM us and we'll get started. https://t.co/GDrqU22YpT,2,1,1,SUPPORT_RESPONSE_PRESENT
apple_1011838,@AppleSupport My iPhone 7 cellular and WiFi signal is a joke since I switched to iOS 11 😡,"CUSTOMER: @AppleSupport My iPhone 7 cellular and WiFi signal is a joke since I switched to iOS 11 😡
SUPPORT: @359413 Have you updated to iOS 11.0.3 yet? https://t.co/80YRnjDFDk Send us a DM and let us know. https://t.co/GDrqU22YpT",@359413 Have you updated to iOS 11.0.3 yet? https://t.co/80YRnjDFDk Send us a DM and let us know. https://t.co/GDrqU22YpT,2,1,1,SUPPORT_RESPONSE_PRESENT
apple_1011841,@115858 please stop turning my wifi and Bluetooth on without me asking...almost enough to switch to Android next time,"CUSTOMER: @115858 please stop turning my wifi and Bluetooth on without me asking...almost enough to switch to Android next time
SUPPORT: @343502 We'll help. iOS 11 changed the way Bluetooth and Wi-Fi work in Control Center. Here's more information: https://t.co/G7BHuQnDS6
CUSTOMER: @AppleSupport Thx but knew that, more so registering compliant that control center toggle needs to go back to old functionality. Deceptive, insecure.",@343502 We'll help. iOS 11 changed the way Bluetooth and Wi-Fi work in Control Center. Here's more information: https://t.co/G7BHuQnDS6,3,2,1,SUPPORT_RESPONSE_PRESENT
apple_1011847,"Pourquoi mon iPhone 7 est si lent ?

Hey @AppleSupport why is my iPhone 7 so slow ? And battery draining quite fast.","CUSTOMER: Pourquoi mon iPhone 7 est si lent ?

Hey @AppleSupport why is my iPhone 7 so slow ? And battery draining quite fast.
SUPPORT: @260877 Thanks for getting in touch. We'd like to assist. DM us and we'll go from there. https://t.co/GDrqU22YpT",@260877 Thanks for getting in touch. We'd like to assist. DM us and we'll go from there. https://t.co/GDrqU22YpT,2,1,1,SUPPORT_RESPONSE_PRESENT
apple_1011851,@115858 My iPad is broken screen is broken on and glass broken,"CUSTOMER: @115858 My iPad is broken screen is broken on and glass broken
SUPPORT: @359416 Thanks for reaching out. We've got your DM and have respodned there.",@359416 Thanks for reaching out. We've got your DM and have respodned there.,2,1,1,SUPPORT_RESPONSE_PRESENT
apple_1011854,my twitter notifs arent working this is frustrating hey @115858 is there a bug or something??,"CUSTOMER: my twitter notifs arent working this is frustrating hey @115858 is there a bug or something??
SUPPORT: @359417 We'd like to look into this with you. Is this behavior specific to the Twitter app, or are other apps not showing notifications?
CUSTOMER: @AppleSupport yeah, only twitter. sometimes notifs pops up but it’s getting less frequently.
SUPPORT: @359417 Thank you. Which device are you using? How long have you been experiencing this?
CUSTOMER: @AppleSupport iphone SE, ever since i’ve updated to iOS 11
SUPPORT: @359417 Thank you. Is the Twitter app up-to-date (App Store &gt; Updates)?
CUSTOMER: @AppleSupport yes!
SUPPORT: @359417 Let's look into that further. Send us a DM and we'll go from there. https://t.co/GDrqU22YpT",@359417 Let's look into that further. Send us a DM and we'll go from there. https://t.co/GDrqU22YpT,8,4,4,SUPPORT_RESPONSE_PRESENT
apple_1011861,#iOS11 se come literalmente la #batería de mi #iPhone6 😡. Lamentable mejora por parte de @115858 . ¿Alguna sugerencia @AppleSupport ?,"CUSTOMER: #iOS11 se come literalmente la #batería de mi #iPhone6 😡. Lamentable mejora por parte de @115858 . ¿Alguna sugerencia @AppleSupport ?
SUPPORT: @359418 We offer support via Twitter in English. Get help in Spanish here: https://t.co/IBIY3vMgPj or join https://t.co/OczyRx7IOs",@359418 We offer support via Twitter in English. Get help in Spanish here: https://t.co/IBIY3vMgPj or join https://t.co/OczyRx7IOs,2,1,1,SUPPORT_RESPONSE_PRESENT
apple_1011863,@AppleSupport I ain’t spend $800 for my phone for it to be tweaking everytime I touch get y’all shit together!,"CUSTOMER: @AppleSupport I ain’t spend $800 for my phone for it to be tweaking everytime I touch get y’all shit together!
SUPPORT: @359419 Give us some details on the behavior you’re noticing with your iPhone, and we’ll definitely work towards a resolution.","@359419 Give us some details on the behavior you’re noticing with your iPhone, and we’ll definitely work towards a resolution.",2,1,1,SUPPORT_RESPONSE_PRESENT
apple_1012039,I just cracked my phone in the stupidest way possible!!!!!! Why do you make these things so easy to crack!!!!!! @115858,"CUSTOMER: I just cracked my phone in the stupidest way possible!!!!!! Why do you make these things so easy to crack!!!!!! @115858
SUPPORT: @359465 It's always heartbreaking when our devices get damaged. Let’s work together on this situation on DM. https://t.co/GDrqU22YpT",@359465 It's always heartbreaking when our devices get damaged. Let’s work together on this situation on DM. https://t.co/GDrqU22YpT,2,1,1,SUPPORT_RESPONSE_PRESENT
apple_101228,"Dear god not again,@AppleSupport https://t.co/5Zf0Mnd6SI","CUSTOMER: Dear god not again,@AppleSupport https://t.co/5Zf0Mnd6SI
SUPPORT: @138151 We want to make sure your words and texts are coming out as expected. What version of the iOS software do you currently have installed on your device? You can find this in Settings &gt; General &gt; About.  

Please send a DM with this information so we can better assist. https://t.co/GDrqU22YpT","@138151 We want to make sure your words and texts are coming out as expected. What version of the iOS software do you currently have installed on your device? You can find this in Settings &gt; General &gt; About.  

Please send a DM with this information so we can better assist. https://t.co/GDrqU22YpT",2,1,1,SUPPORT_RESPONSE_PRESENT
apple_101231,Noticed a bug on my @115858 iPhone X/iOS 11.1.2 While I’m on the phone I can’t close apps.,"CUSTOMER: Noticed a bug on my @115858 iPhone X/iOS 11.1.2 While I’m on the phone I can’t close apps.
SUPPORT: @138152 We can assist you. Thanks for bringing this to our attention. If you restart your device and test the issue again, does it persist?","@138152 We can assist you. Thanks for bringing this to our attention. If you restart your device and test the issue again, does it persist?",2,1,1,SUPPORT_RESPONSE_PRESENT
apple_1012336,@AppleSupport how do i leave my family sharing in ios 11 im the organizer and i want to disband it,"CUSTOMER: @AppleSupport how do i leave my family sharing in ios 11 im the organizer and i want to disband it
SUPPORT: @359539 Those are great questions, we have some information you may find useful here: https://t.co/w27GZNA8FX Did that help?","@359539 Those are great questions, we have some information you may find useful here: https://t.co/w27GZNA8FX Did that help?",2,1,1,SUPPORT_RESPONSE_PRESENT
apple_1012338,@AppleSupport how if I’m in Cleveland and the Browns play I select the game and AppleTV says “unsupported geo region”🤔 every week man gtfoh,"CUSTOMER: @AppleSupport how if I’m in Cleveland and the Browns play I select the game and AppleTV says “unsupported geo region”🤔 every week man gtfoh
SUPPORT: @359540 Thanks for reaching out! Contact our Apple TV support team for further assistance: https://t.co/IBIY3vMgPj",@359540 Thanks for reaching out! Contact our Apple TV support team for further assistance: https://t.co/IBIY3vMgPj,2,1,1,SUPPORT_RESPONSE_PRESENT
apple_101234,"@AppleSupport leg dit even uit? Dit is mijn oud e-mail adress/apple id, sinds een recente update krijg ik constant deze melding. Ik heb sinds paar jaar een nieuw e-mail adres en ook een apple id op dit adres. Ik was (nog altijd) het wachtwoord kwijt van het oude e-mail &amp; apple-id https://t.co/5GWgrlFu74","CUSTOMER: @AppleSupport leg dit even uit? Dit is mijn oud e-mail adress/apple id, sinds een recente update krijg ik constant deze melding. Ik heb sinds paar jaar een nieuw e-mail adres en ook een apple id op dit adres. Ik was (nog altijd) het wachtwoord kwijt van het oude e-mail &amp; apple-id https://t.co/5GWgrlFu74
SUPPORT: @138153 We offer support via Twitter in English. Contact us for help in your preferred language here: https://t.co/IBIY3vMgPj
CUSTOMER: @AppleSupport Since a recent update i’m constantly getting these notifications about my old apple ID /e-mail adress, wich i’ve lost the pw years ago. I allready got a new account and e-mail, but it doesn’t appear anywhere, alltho i can still acces the app store etc..
SUPPORT: @138153 We'd be happy to look into why that Apple ID is popping up now, and see what we need to do to get it to stop. To get started, can you tell us which iPhone and iOS version you're using? You can find the version by going to Settings &gt; General &gt; About &gt; Version.
CUSTOMER: @AppleSupport Yes ofcourse, iphone 6s version 11.1.2 (15B202)
SUPPORT: @138153 Go ahead and DM us your country, and we'll continue working there. https://t.co/GDrqU22YpT","@138153 Go ahead and DM us your country, and we'll continue working there. https://t.co/GDrqU22YpT",6,3,3,SUPPORT_RESPONSE_PRESENT
apple_1012340,"@115858 it’s really getting annoying that you MUST have a payment method to download FREE APPS it’s stupid, and pointless, FIX THIS SHIT. 💯","CUSTOMER: @115858 it’s really getting annoying that you MUST have a payment method to download FREE APPS it’s stupid, and pointless, FIX THIS SHIT. 💯
SUPPORT: @359541 You do not need a payment method for free apps. You can select ""none"". Here is a helpful resource: https://t.co/rnB74M0zio","@359541 You do not need a payment method for free apps. You can select ""none"". Here is a helpful resource: https://t.co/rnB74M0zio",2,1,1,SUPPORT_RESPONSE_PRESENT
apple_1012342,"@115858 how to remove software update my new iPhone 7 is running extremely poorly, freezing, touch screen doesn’t work 😡","CUSTOMER: @115858 how to remove software update my new iPhone 7 is running extremely poorly, freezing, touch screen doesn’t work 😡
SUPPORT: @359542 We'd like to help find a solution for your device. DM is what iOS version you're on. https://t.co/GDrqU22YpT",@359542 We'd like to help find a solution for your device. DM is what iOS version you're on. https://t.co/GDrqU22YpT,2,1,1,SUPPORT_RESPONSE_PRESENT
apple_1012346,@AppleSupport this: https://t.co/gQhTsj1HZ1,"CUSTOMER: @AppleSupport this: https://t.co/gQhTsj1HZ1
SUPPORT: @359543 We can look into this. Which model of device do you have, and which iOS version are you using?
CUSTOMER: @AppleSupport iPhone 8, iOS 11.0.3
CUSTOMER: @AppleSupport It seems to only happen when I assign a fixed ip. The intranet works and I have a connection but it does not change the icon.
SUPPORT: @359543 Thanks. Have you tried restarting your device following the steps from here? https://t.co/OWRDHWSt4h
CUSTOMER: @AppleSupport Yep. twice.
SUPPORT: @359543 Let's have you try the steps here: https://t.co/sXbhzfS2lM
If that doesn't work, DM us. https://t.co/GDrqU22YpT","@359543 Let's have you try the steps here: https://t.co/sXbhzfS2lM
If that doesn't work, DM us. https://t.co/GDrqU22YpT",7,4,3,SUPPORT_RESPONSE_PRESENT
apple_1012352,phone stolen. It's phenomenal how much other people can make your life difficult #screwed @115858 help me!,"CUSTOMER: phone stolen. It's phenomenal how much other people can make your life difficult #screwed @115858 help me!
SUPPORT: @359544 We're sorry to hear about this. Take a look at this article for steps to take when this happens: https://t.co/fUoKdx4Yut
CUSTOMER: @AppleSupport @359544 But these are not enough steps. Why this feature is not implemented yet in world’s leading smartphones - https://t.co/xxLTCfiwMz",@359544 We're sorry to hear about this. Take a look at this article for steps to take when this happens: https://t.co/fUoKdx4Yut,3,2,1,SUPPORT_RESPONSE_PRESENT
apple_1012355,@AppleSupport @115858 : its bcmg annoying day by day 👇🏽#ios11update pls fix it!! Or just tel me how can i jump back to #ios10 version https://t.co/aUFy0wJWYf,"CUSTOMER: @AppleSupport @115858 : its bcmg annoying day by day 👇🏽#ios11update pls fix it!! Or just tel me how can i jump back to #ios10 version https://t.co/aUFy0wJWYf
SUPPORT: @359546 We're happy to help resolve any issues with iOS 11. To start, can you tell us what's happening with your device?
CUSTOMER: @AppleSupport Major drawback Battery drain... as well as brightness tab increases itself. Rotation orientation...Many other smaller issues
SUPPORT: @359546 Let's work on a solution together. To continue, please DM us with the country where you're located. https://t.co/GDrqU22YpT","@359546 Let's work on a solution together. To continue, please DM us with the country where you're located. https://t.co/GDrqU22YpT",4,2,2,SUPPORT_RESPONSE_PRESENT
apple_1012359,@AppleSupport can you reset my security questions for me?,"CUSTOMER: @AppleSupport can you reset my security questions for me?
SUPPORT: @359547 We can help. Use the link to get to our Apple ID support for help with your security questions: https://t.co/UJm15vmMM2
CUSTOMER: @AppleSupport How do I remove one of the 'reachable at' accounts? I don't see an option to remove it.
SUPPORT: @359547 We're glad to help. Are you hoping to remove an associated email or phone number from iMessages? Please DM us to proceed. https://t.co/GDrqU22YpT",@359547 We're glad to help. Are you hoping to remove an associated email or phone number from iMessages? Please DM us to proceed. https://t.co/GDrqU22YpT,4,2,2,SUPPORT_RESPONSE_PRESENT
apple_101239,@115858 Just because you're releasing new phones doesn't mean you should stop making my current iPhone stop working. I have a contract and cannot just purchase a new phone every 12 months.,"CUSTOMER: @115858 Just because you're releasing new phones doesn't mean you should stop making my current iPhone stop working. I have a contract and cannot just purchase a new phone every 12 months.
SUPPORT: @138154 If at all possible, we would love to help. Can you tell us in more detail about what you're experiencing with the current iPhone you have?","@138154 If at all possible, we would love to help. Can you tell us in more detail about what you're experiencing with the current iPhone you have?",2,1,1,SUPPORT_RESPONSE_PRESENT
apple_101241,anyone else’s phone changing “it” to I.T 😑😒 @AppleSupport,"CUSTOMER: anyone else’s phone changing “it” to I.T 😑😒 @AppleSupport
SUPPORT: @138155 We've received your DM and will respond to you there shortly.",@138155 We've received your DM and will respond to you there shortly.,2,1,1,SUPPORT_RESPONSE_PRESENT
apple_101244,@AppleSupport Spam emails .... https://t.co/9C2RdPu2zs,"CUSTOMER: @AppleSupport Spam emails .... https://t.co/9C2RdPu2zs
SUPPORT: @138156 Thank you for reaching out to us and providing us with this information. Please report this phishing message using the info here: https://t.co/LNMCdqt6fD",@138156 Thank you for reaching out to us and providing us with this information. Please report this phishing message using the info here: https://t.co/LNMCdqt6fD,2,1,1,SUPPORT_RESPONSE_PRESENT
apple_101246,"@AppleSupport updated to iOS 11.1.2, phone crashes repeatedly at 32% battery life. Briefly flashes ‘plug in graphic’, the will restart and crash again within seconds. When drained past 30%, suddenly works fine. Something buggy with the low battery emergency shutdown trigger.","CUSTOMER: @AppleSupport updated to iOS 11.1.2, phone crashes repeatedly at 32% battery life. Briefly flashes ‘plug in graphic’, the will restart and crash again within seconds. When drained past 30%, suddenly works fine. Something buggy with the low battery emergency shutdown trigger.
SUPPORT: @138157 We can help. Was this happening on the iPhone before the update?  Is there any activity that seems to trigger the issue otherwise?",@138157 We can help. Was this happening on the iPhone before the update?  Is there any activity that seems to trigger the issue otherwise?,2,1,1,SUPPORT_RESPONSE_PRESENT
apple_101249,"My Apple account has been broken for more then 10 weeks now; family sharing doesn’t work, can’t enable it anymore. Can’t share calendars with girlfriend, she doesn’t have access to Apple Music via my family plan (which I do still pay for), etc. 10 weeks and it still isn’t fixed.","CUSTOMER: My Apple account has been broken for more then 10 weeks now; family sharing doesn’t work, can’t enable it anymore. Can’t share calendars with girlfriend, she doesn’t have access to Apple Music via my family plan (which I do still pay for), etc. 10 weeks and it still isn’t fixed.
CUSTOMER: @115858 @116333 My Apple account’s Family Sharing has been broken for 10 weeks now, and support doesn’t seem any closer to fixing this. When asked for alternative solutions the answer is to have yet more patience. This is horrible :( https://t.co/1W9S7hFGwC
SUPPORT: @138158 We'd like to see how we can help with this. Send us a DM with further information such as a case number or serial number, if you have one. https://t.co/GDrqU22YpT","@138158 We'd like to see how we can help with this. Send us a DM with further information such as a case number or serial number, if you have one. https://t.co/GDrqU22YpT",3,2,1,SUPPORT_RESPONSE_PRESENT
apple_101251,@AppleSupport why is my MacBook doing this https://t.co/wpJegaDLPw,"CUSTOMER: @AppleSupport why is my MacBook doing this https://t.co/wpJegaDLPw
SUPPORT: @138159 We can work together on this display issue. Were there any recent changes to the Mac or damage (liquid contact or drops). Let us know in DM to get started. https://t.co/GDrqU22YpT",@138159 We can work together on this display issue. Were there any recent changes to the Mac or damage (liquid contact or drops). Let us know in DM to get started. https://t.co/GDrqU22YpT,2,1,1,SUPPORT_RESPONSE_PRESENT
apple_101253,"@AppleSupport please, since the last update 10.13.1, there is a huge delay in the refresh of the files in the Finder. Same problem was before but it was fixed in the previous version. Now, the problem appears again","CUSTOMER: @AppleSupport please, since the last update 10.13.1, there is a huge delay in the refresh of the files in the Finder. Same problem was before but it was fixed in the previous version. Now, the problem appears again
SUPPORT: @138160 We want to ensure we're able to get your Mac running as expected. Please meet us in DM with more information on the exact issue you're experiencing. 

You can meet us in DM, here: https://t.co/GDrqU22YpT","@138160 We want to ensure we're able to get your Mac running as expected. Please meet us in DM with more information on the exact issue you're experiencing. 

You can meet us in DM, here: https://t.co/GDrqU22YpT",2,1,1,SUPPORT_RESPONSE_PRESENT
apple_101256,@AppleSupport please helpmeni can't sign in icloud account,"CUSTOMER: @AppleSupport please helpmeni can't sign in icloud account
SUPPORT: @138161 Having access to your account is important and we're happy to help determine the best options to gain access to your account. Are you receiving an error message when you attempt to log in? DM us and we'll work with you there. https://t.co/GDrqU22YpT
CUSTOMER: @AppleSupport I forget account and pasword icloud,
SUPPORT: @138161 This link can help with a forgotten password: https://t.co/fJnZYmbI9N We'll need to refer you here for further help:  https://t.co/UJm15vmMM2 https://t.co/GDrqU22YpT",@138161 This link can help with a forgotten password: https://t.co/fJnZYmbI9N We'll need to refer you here for further help:  https://t.co/UJm15vmMM2 https://t.co/GDrqU22YpT,4,2,2,SUPPORT_RESPONSE_PRESENT
apple_101259,Only to break File Sharing! Sigh :-( /cc @115858 https://t.co/QGw2mX4igg,"CUSTOMER: Only to break File Sharing! Sigh :-( /cc @115858 https://t.co/QGw2mX4igg
SUPPORT: @138162 Having issues with File Sharing since updating to the latest macOS? We'd like to hear more about this to see how we can help. Send us a message in DM at the link below with more details to get started. https://t.co/GDrqU22YpT",@138162 Having issues with File Sharing since updating to the latest macOS? We'd like to hear more about this to see how we can help. Send us a message in DM at the link below with more details to get started. https://t.co/GDrqU22YpT,2,1,1,SUPPORT_RESPONSE_PRESENT
apple_101262,@AppleSupport Why does the iPhone have “I.T” as the autocorrect for “it”??!,"CUSTOMER: @AppleSupport Why does the iPhone have “I.T” as the autocorrect for “it”??!
SUPPORT: @138163 Thanks for reaching out. We'd be happy to help. Which version of iOS are you using? You can check in Settings &gt; General &gt; About.
CUSTOMER: @AppleSupport 11.0.3
SUPPORT: @138163 Let's backup your device, then update to the latest version of iOS, as shown here: https://t.co/80YRnjDFDk Then test it out and let us know what you see. Shoot us a DM if the issue persists by tapping here: https://t.co/GDrqU22YpT","@138163 Let's backup your device, then update to the latest version of iOS, as shown here: https://t.co/80YRnjDFDk Then test it out and let us know what you see. Shoot us a DM if the issue persists by tapping here: https://t.co/GDrqU22YpT",4,2,2,SUPPORT_RESPONSE_PRESENT
apple_101266,Hey @AppleSupport my iPhone 7 suddenly stopped working with Apple CarPlay in my brand new car yesterday. Won't connect via bluetooth or USB either. I've done 2 hard resets &amp; tried other troubleshooting to no avail. Can somebody help me or am I switching to Android soon? 🤔,"CUSTOMER: Hey @AppleSupport my iPhone 7 suddenly stopped working with Apple CarPlay in my brand new car yesterday. Won't connect via bluetooth or USB either. I've done 2 hard resets &amp; tried other troubleshooting to no avail. Can somebody help me or am I switching to Android soon? 🤔
SUPPORT: @138164 We will do our best to get your CarPlay working again.  Were there any changes on the iPhone recently?  Which iOS version are you using?  You can check under Settings &gt; General &gt; About.
CUSTOMER: @AppleSupport I’m using 11.1.2 right now. There were no updates done between when my phone last worked and stopped working. The last time it connected it was only briefly—my phone froze while trying to open an app, crashed, and it hasn’t connected since.
CUSTOMER: @AppleSupport And before that I hadn’t done any updates between when it worked normally and the time it froze &amp; crashed.
SUPPORT: @138164 Thanks.  Are you able to successfully connect to any other Bluetooth devices?
CUSTOMER: @AppleSupport I’m currently staying with family and don’t have access to other Bluetooth devices to connect to, unfortunately.
SUPPORT: @138164 Understood, thanks. Are you showing any updates available for the firmware in your car? Also, are you showing any connection errors on your iPhone or in the car?
CUSTOMER: @AppleSupport No updates on the car, and my partner’s phone is pairing with Android Auto just fine. When I try plug my phone into the car, the car doesn’t respond at all. Even bought a new cord to make sure it wasn’t a connection issue.
SUPPORT: @138164 You've completed some great steps, thanks. DM the make and model of your car and we'll continue there. https://t.co/GDrqU22YpT","@138164 You've completed some great steps, thanks. DM the make and model of your car and we'll continue there. https://t.co/GDrqU22YpT",9,5,4,SUPPORT_RESPONSE_PRESENT
apple_1012670,"Silly me. I thought @115858 #iOS11 11.0.3 would MAYBE fix the major flaws. Sadly, it’s made my #iPhone 6S even slower. Just brutal #Apple.","CUSTOMER: Silly me. I thought @115858 #iOS11 11.0.3 would MAYBE fix the major flaws. Sadly, it’s made my #iPhone 6S even slower. Just brutal #Apple.
SUPPORT: @359621 We'd like to help. Please send us a DM, so we can take a closer look. https://t.co/GDrqU22YpT","@359621 We'd like to help. Please send us a DM, so we can take a closer look. https://t.co/GDrqU22YpT",2,1,1,SUPPORT_RESPONSE_PRESENT
apple_1012677,yo @115948  tf happened to the best album ever i wanna listen to it why wont u let me https://t.co/5hnlYeyJbz,"CUSTOMER: yo @115948  tf happened to the best album ever i wanna listen to it why wont u let me https://t.co/5hnlYeyJbz
CUSTOMER: @115948 @AppleSupport help
SUPPORT: @359623 We'd like to look into this with you. Send us a DM by clicking on the link below. We'll continue there. https://t.co/GDrqU22YpT",@359623 We'd like to look into this with you. Send us a DM by clicking on the link below. We'll continue there. https://t.co/GDrqU22YpT,3,2,1,SUPPORT_RESPONSE_PRESENT
apple_1012691,@AppleSupport @115858 wtf is going on with ios 11!? Updated my phone and now its basically useless! Everything is running like shit 😡,"CUSTOMER: @AppleSupport @115858 wtf is going on with ios 11!? Updated my phone and now its basically useless! Everything is running like shit 😡
SUPPORT: @359627 Thanks for reaching out, and we'd like to help. Send us a DM with more details, and we'll get started. https://t.co/GDrqU22YpT","@359627 Thanks for reaching out, and we'd like to help. Send us a DM with more details, and we'll get started. https://t.co/GDrqU22YpT",2,1,1,SUPPORT_RESPONSE_PRESENT
apple_1012693,"I can't use the media bottoms on my mac with high sierra, why @AppleSupport @115858??? I just want to change music, no use the media for face","CUSTOMER: I can't use the media bottoms on my mac with high sierra, why @AppleSupport @115858??? I just want to change music, no use the media for face
SUPPORT: @359628 We're happy to help. Send us a DM and let us know what you're experiencing. We'll go from there. https://t.co/GDrqU22YpT",@359628 We're happy to help. Send us a DM and let us know what you're experiencing. We'll go from there. https://t.co/GDrqU22YpT,2,1,1,SUPPORT_RESPONSE_PRESENT
apple_1012697,@AppleSupport 🤥 https://t.co/a1iuM6q3pP,"CUSTOMER: @AppleSupport 🤥 https://t.co/a1iuM6q3pP
SUPPORT: @359630 We'll make sure to get this straightened out. DM us, and we'll see you there. https://t.co/GDrqU22YpT","@359630 We'll make sure to get this straightened out. DM us, and we'll see you there. https://t.co/GDrqU22YpT",2,1,1,SUPPORT_RESPONSE_PRESENT
apple_101274,Alguien sabe pxq le pasa esto a mi nuevo iPhone X @AppleSupport @138166 ese cuadro q?😤 https://t.co/XorCuOdyUF,"CUSTOMER: Alguien sabe pxq le pasa esto a mi nuevo iPhone X @AppleSupport @138166 ese cuadro q?😤 https://t.co/XorCuOdyUF
SUPPORT: @138165 We offer support via Twitter in English. Get help in Spanish here: https://t.co/IBIY3vMgPj or join https://t.co/OczyRx7IOs",@138165 We offer support via Twitter in English. Get help in Spanish here: https://t.co/IBIY3vMgPj or join https://t.co/OczyRx7IOs,2,1,1,SUPPORT_RESPONSE_PRESENT
apple_101278,@AppleSupport Is there any way to check the overall battery health of my iPhone 6?,"CUSTOMER: @AppleSupport Is there any way to check the overall battery health of my iPhone 6?
SUPPORT: @138167 We understand how important battery life is. 

Let's take a look into your support options in DM. Send us a message with the version of iOS you're currently on. The latest is iOS 11.1.2. https://t.co/GDrqU22YpT","@138167 We understand how important battery life is. 

Let's take a look into your support options in DM. Send us a message with the version of iOS you're currently on. The latest is iOS 11.1.2. https://t.co/GDrqU22YpT",2,1,1,SUPPORT_RESPONSE_PRESENT
apple_101280,@AppleSupport yo what’s your phone number,"CUSTOMER: @AppleSupport yo what’s your phone number
SUPPORT: @138168 Thanks for reaching out. To reach our telephone support, you can use this link:  https://t.co/IBIY3vMgPj","@138168 Thanks for reaching out. To reach our telephone support, you can use this link:  https://t.co/IBIY3vMgPj",2,1,1,SUPPORT_RESPONSE_PRESENT
apple_101282,Hey @AppleSupport could you make it more impossible and frustrating to get a Genius Bar Reservation for an elderly person? Ridiculous.,"CUSTOMER: Hey @AppleSupport could you make it more impossible and frustrating to get a Genius Bar Reservation for an elderly person? Ridiculous.
SUPPORT: @138169 We're here for you. Use the link below to send us a DM with your country of residence and we'll look into support options with you. https://t.co/GDrqU22YpT",@138169 We're here for you. Use the link below to send us a DM with your country of residence and we'll look into support options with you. https://t.co/GDrqU22YpT,2,1,1,SUPPORT_RESPONSE_PRESENT
apple_101285,Anybody else getting really annoyed with trying to type “it” and constantly having it autocorrect to I.T ???? What’s good with that @115858 ???,"CUSTOMER: Anybody else getting really annoyed with trying to type “it” and constantly having it autocorrect to I.T ???? What’s good with that @115858 ???
SUPPORT: @138170 We'd like to help. Please let us know in DM the device you are using, along with the software version it is running to start: https://t.co/GDrqU22YpT","@138170 We'd like to help. Please let us know in DM the device you are using, along with the software version it is running to start: https://t.co/GDrqU22YpT",2,1,1,SUPPORT_RESPONSE_PRESENT
apple_101287,@AppleSupport My iPhone X makes a clicking sound from the screen if you press on the bottom left corner of the screen,"CUSTOMER: @AppleSupport My iPhone X makes a clicking sound from the screen if you press on the bottom left corner of the screen
SUPPORT: @138171 Hey, we can look into some options for your iPhone X. We know it's not ideal to hear unexpected sounds comings from your device. DM us the country you're located in and we'll go from there. https://t.co/GDrqU22YpT","@138171 Hey, we can look into some options for your iPhone X. We know it's not ideal to hear unexpected sounds comings from your device. DM us the country you're located in and we'll go from there. https://t.co/GDrqU22YpT",2,1,1,SUPPORT_RESPONSE_PRESENT
apple_101290,MY PHONE IS UNLOCKED SO WHY CAN'T I VIEW MY NOTIFICATIONS #iOS11 @AppleSupport @115858 @116333 https://t.co/v7o2XNESxl,"CUSTOMER: MY PHONE IS UNLOCKED SO WHY CAN'T I VIEW MY NOTIFICATIONS #iOS11 @AppleSupport @115858 @116333 https://t.co/v7o2XNESxl
SUPPORT: @138172 We'll work together to get you able to view those notifications in no time. What happens when you try to view that notification? Also, what iOS version is running and which iPhone model is this happening on?
CUSTOMER: @AppleSupport Nothing happens. iOS11.1.2. iPhone 7.
SUPPORT: @138172 Thanks for letting us know. Let's have you try to restart the iPhone and then see if that issue persists. This can help: https://t.co/OWRDHWSt4h Let us know how that goes afterward. Also, check out this article about notifications: https://t.co/2txgOv5s2M https://t.co/GDrqU22YpT
CUSTOMER: @AppleSupport happened multiple times over 3-4 weeks. even after restarting. can't seem to replicate the scenario though.
SUPPORT: @138172 Thanks for that info. To confirm, the issue is not happening now after restarting the iPhone?
CUSTOMER: @AppleSupport As I said I can't recreate the scenario but it happens once every week or so
SUPPORT: @138172 If that issue happens again, go ahead and reach out to us in DM and let us know more about it then. We'll be happy to help further then. https://t.co/GDrqU22YpT","@138172 If that issue happens again, go ahead and reach out to us in DM and let us know more about it then. We'll be happy to help further then. https://t.co/GDrqU22YpT",8,4,4,SUPPORT_RESPONSE_PRESENT
apple_1012946,Hey @AppleSupport My iPhone 8 plus randomly makes an ear piercing loud pitching noise. Sounds like a siren. It’s very loud. What’s going on?,"CUSTOMER: Hey @AppleSupport My iPhone 8 plus randomly makes an ear piercing loud pitching noise. Sounds like a siren. It’s very loud. What’s going on?
SUPPORT: @359695 We'd be happy to review this for you. Are you experiencing this issue while you're on a phone call?
CUSTOMER: @AppleSupport No. It just randomly happens, either using an app or browsing the internet. I have to turn my phone off to stop it.
SUPPORT: @359695 Thanks for verifying that for us. Please DM us and we'll look into this further for you. https://t.co/GDrqU22YpT",@359695 Thanks for verifying that for us. Please DM us and we'll look into this further for you. https://t.co/GDrqU22YpT,4,2,2,SUPPORT_RESPONSE_PRESENT
apple_1012951,iOS11 is really fucking with my Spotify and I’m not a happy camper @AppleSupport,"CUSTOMER: iOS11 is really fucking with my Spotify and I’m not a happy camper @AppleSupport
SUPPORT: @359697 We'll be happy to help look into this. Check out this article for help with issues with third party apps: https://t.co/fUZ0NRJxcn
CUSTOMER: @AppleSupport There is no way to control my Spotify other than in the app itself. Please address this
SUPPORT: @359697 Go ahead and DM us &amp; let us know what version of iOS is installed currently. https://t.co/GDrqU22YpT",@359697 Go ahead and DM us &amp; let us know what version of iOS is installed currently. https://t.co/GDrqU22YpT,4,2,2,SUPPORT_RESPONSE_PRESENT
apple_1012955,All this update is KILLING my phone. I just unplugged it from charging and my 100% battery dropped to 65% @115858,"CUSTOMER: All this update is KILLING my phone. I just unplugged it from charging and my 100% battery dropped to 65% @115858
CUSTOMER: @115858 Not to mention, I’ve had this phone less than a year @AppleSupport
SUPPORT: @359698 Let's look into this. Send us a DM and we'll go from there. https://t.co/GDrqU22YpT",@359698 Let's look into this. Send us a DM and we'll go from there. https://t.co/GDrqU22YpT,3,2,1,SUPPORT_RESPONSE_PRESENT
apple_1012958,@AppleSupport why does my screen keep going back to darkness in iOS 11,"CUSTOMER: @AppleSupport why does my screen keep going back to darkness in iOS 11
SUPPORT: @359699 Let’s investigate this together. Which device and version of iOS 11 are you using (Settings &gt; General &gt; About)?
CUSTOMER: @AppleSupport 11.0.2(15A421)
SUPPORT: @359699 Thank you. We’d love more details. Are you taking any actions with the device when the screen goes dark?
CUSTOMER: @AppleSupport Manually change on this screen. Brightness reverts back to level of bulb https://t.co/eGgpu1n5U5
SUPPORT: @359699 Let's check to see if Auto-Brightness is on. You can check in Settings &gt; General &gt; Accessibility &gt; Display Accommodations.
CUSTOMER: @AppleSupport Sorted. Thank you",@359699 Let's check to see if Auto-Brightness is on. You can check in Settings &gt; General &gt; Accessibility &gt; Display Accommodations.,7,4,3,SUPPORT_RESPONSE_PRESENT
apple_1012970,@115858 when will they create embarrassment in the face and correct the errors of IOS11? my iphone is catching all the time! #Apple #Ios11,"CUSTOMER: @115858 when will they create embarrassment in the face and correct the errors of IOS11? my iphone is catching all the time! #Apple #Ios11
CUSTOMER: @115858 Does not launch system with grotesque failures!
SUPPORT: @359700 We’ll be glad to see how we can help. To clarify, is your device freezing, or is there something else happening?
CUSTOMER: @AppleSupport It is already 4 time it freezes. Nor do I put the problems of the applications that it is with the applications, but the same IOS.
SUPPORT: @359700 Can you let us know which version of iOS 11 you're running? You can check from Settings &gt; General &gt; About.
CUSTOMER: @AppleSupport  https://t.co/BpGifS7DOb
SUPPORT: @359700 Perfect, thank you. Reply by DM, and we'll take it from there. https://t.co/GDrqU22YpT
CUSTOMER: @AppleSupport Thank you 😊🙏👍","@359700 Perfect, thank you. Reply by DM, and we'll take it from there. https://t.co/GDrqU22YpT",8,5,3,SUPPORT_RESPONSE_PRESENT
apple_1012973,Toujours plus de bug sous #iOS11 (cc @AppleSupport ) https://t.co/Vz45F0yD0T,"CUSTOMER: Toujours plus de bug sous #iOS11 (cc @AppleSupport ) https://t.co/Vz45F0yD0T
SUPPORT: @359701 We offer support via Twitter in English. Contact us for help in your preferred language here: https://t.co/IBIY3vMgPj
CUSTOMER: @AppleSupport I just asked when #iOS11 will stop being so bugged ! (See my last picture).
SUPPORT: @359701 We'd like to look into this further with you. Send us a DM by clicking on the link below. We'll continue there. https://t.co/GDrqU22YpT",@359701 We'd like to look into this further with you. Send us a DM by clicking on the link below. We'll continue there. https://t.co/GDrqU22YpT,4,2,2,SUPPORT_RESPONSE_PRESENT
apple_1012976,@AppleSupport what’s the difference between the iPhone 8 and 8+?,"CUSTOMER: @AppleSupport what’s the difference between the iPhone 8 and 8+?
SUPPORT: @359702 Great question! Our website actually has a great option for comparing the two. Check it out here: https://t.co/oLi0y1y0xT",@359702 Great question! Our website actually has a great option for comparing the two. Check it out here: https://t.co/oLi0y1y0xT,2,1,1,SUPPORT_RESPONSE_PRESENT
apple_101298,@AppleSupport is it possible to make an appointment for someone else? My sister is locked out of her account and her iPhone is dead so she can’t receive the code.,"CUSTOMER: @AppleSupport is it possible to make an appointment for someone else? My sister is locked out of her account and her iPhone is dead so she can’t receive the code.
SUPPORT: @138174 We’d be happy to assist.  Just so we are on the same page, she is trying to receive her two-factor authentication to unlock her Apple ID, and you wanted to make an Apple Retail Store appointment?  Please respond in DM. https://t.co/GDrqU22YpT","@138174 We’d be happy to assist.  Just so we are on the same page, she is trying to receive her two-factor authentication to unlock her Apple ID, and you wanted to make an Apple Retail Store appointment?  Please respond in DM. https://t.co/GDrqU22YpT",2,1,1,SUPPORT_RESPONSE_PRESENT
apple_1012984,@AppleSupport Is there a way to copy Mail link to Reminders/Notes in iOS 11 on an iPhone? Drag &amp; drop works on an iPad but not on an iPhone.,"CUSTOMER: @AppleSupport Is there a way to copy Mail link to Reminders/Notes in iOS 11 on an iPhone? Drag &amp; drop works on an iPad but not on an iPhone.
SUPPORT: @359703 Let's look into this together. Let us know if the steps in this article helps: https://t.co/xn7LCCgd5H
CUSTOMER: @applesupport No, that’s not the issue. I’d need to copy an _email message_ as a link. It can be done on an iPad; what about on an iPhone?
SUPPORT: @359703 Got it! Thank you for clarifying. Could you confirm which iOS version you're using on both your iPhone and iPad?
CUSTOMER: @AppleSupport 11.0.2 and 11.0.3 respectively
SUPPORT: @359703 Thank you! To confirm, is your iPhone updated to iOS 11.0.3.?
CUSTOMER: @AppleSupport Not yet. Will update it soon, though.
SUPPORT: @359703 Awesome! Go ahead and backup and update your iPhone, then meet us in DM. https://t.co/GDrqU22YpT","@359703 Awesome! Go ahead and backup and update your iPhone, then meet us in DM. https://t.co/GDrqU22YpT",8,4,4,SUPPORT_RESPONSE_PRESENT
apple_1012990,@AppleSupport fck you apple.!  My I phone become a trash because of your fcking ios 11 update.! Your fcking phone is dead because of slow.!😡,"CUSTOMER: @AppleSupport fck you apple.!  My I phone become a trash because of your fcking ios 11 update.! Your fcking phone is dead because of slow.!😡
SUPPORT: @359704 We're happy to assist. Can you give us some details including the iPhone model &amp; the exact version of iOS 11 it's running?
CUSTOMER: @AppleSupport I phone 5 s &amp; 11.0.3 😡 yeah, i m sure you re happy for turning my i phone in to a trash with your new ios update 😡
SUPPORT: @359704 Is it a specific app that's slow? Can you give us some more details so we can try to resolve this? Send us a DM. https://t.co/GDrqU22YpT
CUSTOMER: @AppleSupport No.! we will talk from here 😡 and peoples will see how you will solve my problem about your shitty product and your shitty ios 11 update 😡
CUSTOMER: @AppleSupport  https://t.co/yDdALh1df3
CUSTOMER: @AppleSupport Check to informations about your shitty product..! 😡
CUSTOMER: @AppleSupport  https://t.co/WAplJQ4i9d
SUPPORT: @359704 To continue, we'll need info that shouldn't be posted in public. We advise deleting the tweet with your serial number.","@359704 To continue, we'll need info that shouldn't be posted in public. We advise deleting the tweet with your serial number.",9,6,3,SUPPORT_RESPONSE_PRESENT
apple_1012995,@115858 Since I did the new update my phone has been messing around,"CUSTOMER: @115858 Since I did the new update my phone has been messing around
SUPPORT: @359705 Join us in DM with more detail about what you're experiencing. We're happy to help! https://t.co/GDrqU22YpT",@359705 Join us in DM with more detail about what you're experiencing. We're happy to help! https://t.co/GDrqU22YpT,2,1,1,SUPPORT_RESPONSE_PRESENT
apple_1012997,"@AppleSupport Hello, I no longer require this phone call but cannot cancel it? Case ID: 100321169806 https://t.co/sCGTfn6d2g","CUSTOMER: @AppleSupport Hello, I no longer require this phone call but cannot cancel it? Case ID: 100321169806 https://t.co/sCGTfn6d2g
SUPPORT: @359706 We've got your DM's, and we look forward to working with you there.","@359706 We've got your DM's, and we look forward to working with you there.",2,1,1,SUPPORT_RESPONSE_PRESENT
apple_101300,@AppleSupport just a heads up here's a glitch. Songs get stuck on the lock screen iOS 11.1.2 iPhone X https://t.co/uycL4Qw6DN,"CUSTOMER: @AppleSupport just a heads up here's a glitch. Songs get stuck on the lock screen iOS 11.1.2 iPhone X https://t.co/uycL4Qw6DN
SUPPORT: @138175 Thank you for reaching out to us. How often has this happened? Does it occur while using cellular data as well as a Wi-Fi connection? Let us know in DM. https://t.co/GDrqU22YpT",@138175 Thank you for reaching out to us. How often has this happened? Does it occur while using cellular data as well as a Wi-Fi connection? Let us know in DM. https://t.co/GDrqU22YpT,2,1,1,SUPPORT_RESPONSE_PRESENT
apple_1013012,"Dear @AppleSupport,I'm experiencing less than ideal customer service and awaiting a call back. I have sent msgs privately with no response.","CUSTOMER: Dear @AppleSupport,I'm experiencing less than ideal customer service and awaiting a call back. I have sent msgs privately with no response.
SUPPORT: @359710 We've gotten your DMs and will continue working with you there. Be on the look out for our response.
CUSTOMER: @AppleSupport I'm waiting.",@359710 We've gotten your DMs and will continue working with you there. Be on the look out for our response.,3,2,1,SUPPORT_RESPONSE_PRESENT
apple_1013016,@AppleSupport I cannot delete photos on my IPhone 6. Help!!!,"CUSTOMER: @AppleSupport I cannot delete photos on my IPhone 6. Help!!!
SUPPORT: @359711 We want to make sure you get the help you need. To confirm, are you experiencing this issue within the built-in Photos app?
CUSTOMER: @AppleSupport yes!!
CUSTOMER: @AppleSupport Recently bought d iphone 6 online. Photos which i click i cannot delete afterwards. I cant even delete multiple pics at once.
SUPPORT: @359711 Alright, thanks for the confirmation. Let's have you reach out to our Photos experts here: https://t.co/IBIY3vMgPj","@359711 Alright, thanks for the confirmation. Let's have you reach out to our Photos experts here: https://t.co/IBIY3vMgPj",5,3,2,SUPPORT_RESPONSE_PRESENT
apple_1013019,Since #iphone8 came out and I updated my #iOS my phone is SHIT!! @115858 you really Suck! #planned #obsolescence I don’t need to buy a new 📱😡,"CUSTOMER: Since #iphone8 came out and I updated my #iOS my phone is SHIT!! @115858 you really Suck! #planned #obsolescence I don’t need to buy a new 📱😡
SUPPORT: @359712 We want to help. DM us a bit more detail about what's happening with your iPhone exactly. https://t.co/GDrqU22YpT",@359712 We want to help. DM us a bit more detail about what's happening with your iPhone exactly. https://t.co/GDrqU22YpT,2,1,1,SUPPORT_RESPONSE_PRESENT
apple_101302,@115858 @AppleSupport common guys. I rely on your products for video production for broadcast and your update to fix your security issue is completely crashing the OS... as a life long user of your products this is unacceptable,"CUSTOMER: @115858 @AppleSupport common guys. I rely on your products for video production for broadcast and your update to fix your security issue is completely crashing the OS... as a life long user of your products this is unacceptable
SUPPORT: @138176 We can definitely understand and want you to be able to rely on our products and software. Which device are you using and what exactly happens?",@138176 We can definitely understand and want you to be able to rely on our products and software. Which device are you using and what exactly happens?,2,1,1,SUPPORT_RESPONSE_PRESENT
apple_1013027,Con #iOS11 sto riscontrando vari problemi sulla rotazione schermo. @115858,"CUSTOMER: Con #iOS11 sto riscontrando vari problemi sulla rotazione schermo. @115858
SUPPORT: @359714 We offer support via Twitter in English. Contact us for help in your preferred language here: https://t.co/IBIY3vMgPj",@359714 We offer support via Twitter in English. Contact us for help in your preferred language here: https://t.co/IBIY3vMgPj,2,1,1,SUPPORT_RESPONSE_PRESENT
apple_101304,"@AppleSupport how do I go about raising a high level complaint please? 4 senior techs couldn’t help fix my problem, now my e mails are being unanswered, want a refund for a product that’s not fit for purpose, have tried everything to fix, thanks.","CUSTOMER: @AppleSupport how do I go about raising a high level complaint please? 4 senior techs couldn’t help fix my problem, now my e mails are being unanswered, want a refund for a product that’s not fit for purpose, have tried everything to fix, thanks.
SUPPORT: @138177 We'd be happy to look into this with you. DM us using the link below and we'll go from there. https://t.co/GDrqU22YpT",@138177 We'd be happy to look into this with you. DM us using the link below and we'll go from there. https://t.co/GDrqU22YpT,2,1,1,SUPPORT_RESPONSE_PRESENT
apple_1013074,.@115858 omggggg CONSTANTLY resetting my phone because of freezing since updating to iOS 11.0.3. PLEASE FIX THIS!!!,"CUSTOMER: .@115858 omggggg CONSTANTLY resetting my phone because of freezing since updating to iOS 11.0.3. PLEASE FIX THIS!!!
SUPPORT: @199557 We want you to have a good experience with the update. Please send us a DM so we may better assist you. https://t.co/GDrqU22YpT",@199557 We want you to have a good experience with the update. Please send us a DM so we may better assist you. https://t.co/GDrqU22YpT,2,1,1,SUPPORT_RESPONSE_PRESENT
apple_1013077,@AppleSupport Shouldn't my iPhone 7's battery life be much better than this? https://t.co/vAccZ0qy8K,"CUSTOMER: @AppleSupport Shouldn't my iPhone 7's battery life be much better than this? https://t.co/vAccZ0qy8K
SUPPORT: @312397 We'd be happy to look into what's going on. Which iOS version are you using?
CUSTOMER: @AppleSupport 11.0.3 - the latest. Thanks.
SUPPORT: @312397 Go ahead and DM us your country to continue. https://t.co/GDrqU22YpT",@312397 Go ahead and DM us your country to continue. https://t.co/GDrqU22YpT,4,2,2,SUPPORT_RESPONSE_PRESENT
apple_1013080,"@115858 @AppleSupport I have a 13” MacBook pro w/retina display, late 2013 model.  What chargers will work with this model?  Mine broke :(","CUSTOMER: @115858 @AppleSupport I have a 13” MacBook pro w/retina display, late 2013 model.  What chargers will work with this model?  Mine broke :(
SUPPORT: @359717 It's important to get the right charger, we're glad you asked. Check out the information here: https://t.co/Jl6KFw8Au4","@359717 It's important to get the right charger, we're glad you asked. Check out the information here: https://t.co/Jl6KFw8Au4",2,1,1,SUPPORT_RESPONSE_PRESENT
apple_1013082,@AppleSupport Türkçe biliyormusun ?,"CUSTOMER: @AppleSupport Türkçe biliyormusun ?
SUPPORT: @359718 We offer support via Twitter in English. Contact us for help in your preferred language here:  https://t.co/IBIY3vMgPj",@359718 We offer support via Twitter in English. Contact us for help in your preferred language here:  https://t.co/IBIY3vMgPj,2,1,1,SUPPORT_RESPONSE_PRESENT
apple_1013084,@AppleSupport ça vous sert à quoi de faire des mises à jour logiciel qui font planter les iPhoneo ? J’ai jamais compris !,"CUSTOMER: @AppleSupport ça vous sert à quoi de faire des mises à jour logiciel qui font planter les iPhoneo ? J’ai jamais compris !
SUPPORT: @359719 We offer support via Twitter in English. Contact us for help in your preferred language here: https://t.co/IBIY3vMgPj",@359719 We offer support via Twitter in English. Contact us for help in your preferred language here: https://t.co/IBIY3vMgPj,2,1,1,SUPPORT_RESPONSE_PRESENT
apple_1013092,"I feel old and dumb. Anyone know how to get rid of this 😂🙈 ever since I downloaded apple tv app it prompts this. I deleted, but still there! https://t.co/N28QjmtDoL","CUSTOMER: I feel old and dumb. Anyone know how to get rid of this 😂🙈 ever since I downloaded apple tv app it prompts this. I deleted, but still there! https://t.co/N28QjmtDoL
CUSTOMER: Clarification: Apple TV remote. Not the tv itself 😂🤦🏻‍♀️
CUSTOMER: UPDATE: Hard reset fixed it. Ugh. 🤦🏻‍♀️🤦🏻‍♀️🤦🏻‍♀️But also damn look at all my neighbors with Apple TVs. They sometimes tryconnect to mine🙃 https://t.co/3tNDgpXhN3
CUSTOMER: And it’s the worst thing ever. Sometimes my phone gets prompted with keyboard from neighbors Apple TV 😂🤦🏻‍♀️ great design, @115858
SUPPORT: @359720 We can help! Go to Settings-Notifications-Apple TV Keyboard. Turn off ""allow notifications"" to stop that prompt.
CUSTOMER: @AppleSupport Yeah but then it won’t work when *I* need to use it though??
SUPPORT: @359720 Turning off notifications will not prevent you from being able to use it.
CUSTOMER: @AppleSupport 👍🏼👍🏼👍🏼",@359720 Turning off notifications will not prevent you from being able to use it.,8,6,2,SUPPORT_RESPONSE_PRESENT
apple_1013094,@AppleSupport I’m facing an issue on calendar. When I try to see next month on event mode it doesn’t show calendar anymore. Btw I’ve 11.0.3,"CUSTOMER: @AppleSupport I’m facing an issue on calendar. When I try to see next month on event mode it doesn’t show calendar anymore. Btw I’ve 11.0.3
SUPPORT: @359721 Let’s work together to figure it out. Which device are you using? Do you use iCloud? Let us know in DM. https://t.co/GDrqU22YpT",@359721 Let’s work together to figure it out. Which device are you using? Do you use iCloud? Let us know in DM. https://t.co/GDrqU22YpT,2,1,1,SUPPORT_RESPONSE_PRESENT
apple_1013096,"Hey @115858 @AppleSupport iOS 11 when I open a text from lock screen, I don’t want my music to stop. How to fix?","CUSTOMER: Hey @115858 @AppleSupport iOS 11 when I open a text from lock screen, I don’t want my music to stop. How to fix?
SUPPORT: @359722 This should not be happening. Please send us a DM and we can chat with you further there. Thanks. https://t.co/GDrqU22YpT",@359722 This should not be happening. Please send us a DM and we can chat with you further there. Thanks. https://t.co/GDrqU22YpT,2,1,1,SUPPORT_RESPONSE_PRESENT
apple_1013098,@AppleSupport so why is my less than a month old iPhone 8+ having screen issues when I’ve never dropped it or hit it on anything 🙃 https://t.co/0e1H33npsA,"CUSTOMER: @AppleSupport so why is my less than a month old iPhone 8+ having screen issues when I’ve never dropped it or hit it on anything 🙃 https://t.co/0e1H33npsA
SUPPORT: @332661 We want you to enjoy your new iPhone without worry. Please send us a DM so we may better assist you. https://t.co/GDrqU22YpT",@332661 We want you to enjoy your new iPhone without worry. Please send us a DM so we may better assist you. https://t.co/GDrqU22YpT,2,1,1,SUPPORT_RESPONSE_PRESENT
apple_1013176,Hey @115858 and @AppleSupport--does amazon drive work with High Sierra? I'm having crazy syncing issues.,"CUSTOMER: Hey @115858 and @AppleSupport--does amazon drive work with High Sierra? I'm having crazy syncing issues.
SUPPORT: @359744 We can look into this with you. So we can get started, could you join us in DM with more details? https://t.co/GDrqU22YpT","@359744 We can look into this with you. So we can get started, could you join us in DM with more details? https://t.co/GDrqU22YpT",2,1,1,SUPPORT_RESPONSE_PRESENT
apple_1013178,Is iOS 11.0.3 updates applicable for iPhone SE too? @AppleSupport,"CUSTOMER: Is iOS 11.0.3 updates applicable for iPhone SE too? @AppleSupport
SUPPORT: @359745 Correct! You can check for a new update in Settings &gt; General &gt; About or by connecting to iTunes.",@359745 Correct! You can check for a new update in Settings &gt; General &gt; About or by connecting to iTunes.,2,1,1,SUPPORT_RESPONSE_PRESENT
apple_1013180,@115948 @AppleSupport why am I being charged R16 for a R10 track,"CUSTOMER: @115948 @AppleSupport why am I being charged R16 for a R10 track
SUPPORT: @359746 We have a team dedicated to billing discrepancies. Reach out to our iTunes Store team here: 
 https://t.co/SDIe7UiyJN","@359746 We have a team dedicated to billing discrepancies. Reach out to our iTunes Store team here: 
 https://t.co/SDIe7UiyJN",2,1,1,SUPPORT_RESPONSE_PRESENT
apple_1013186,@AppleSupport how do i fix the app freezing problem on iphome 7+ ios11.0.3? Please help. This makes my phone almost useless.,"CUSTOMER: @AppleSupport how do i fix the app freezing problem on iphome 7+ ios11.0.3? Please help. This makes my phone almost useless.
SUPPORT: @359748 We want you to enjoy your iPhone; we'll do all we can to help. Connect with us in DM to get started: https://t.co/GDrqU22YpT",@359748 We want you to enjoy your iPhone; we'll do all we can to help. Connect with us in DM to get started: https://t.co/GDrqU22YpT,2,1,1,SUPPORT_RESPONSE_PRESENT
apple_1013188,@AppleSupport @115858 what is this? This proves that you have wasted your money to trouble us....accept that it is a failure https://t.co/qkUtiBSr7N,"CUSTOMER: @AppleSupport @115858 what is this? This proves that you have wasted your money to trouble us....accept that it is a failure https://t.co/qkUtiBSr7N
SUPPORT: @359749 We want to check this out. Send us a DM and we will go from there. https://t.co/GDrqU22YpT",@359749 We want to check this out. Send us a DM and we will go from there. https://t.co/GDrqU22YpT,2,1,1,SUPPORT_RESPONSE_PRESENT
apple_1013196,@AppleSupport ya’ll need to fix my damn phone cuz IOS 11 made my phone shitty,"CUSTOMER: @AppleSupport ya’ll need to fix my damn phone cuz IOS 11 made my phone shitty
SUPPORT: @359752 Thanks for reaching out. DM us your issue and we'll continue from there. https://t.co/GDrqU22YpT",@359752 Thanks for reaching out. DM us your issue and we'll continue from there. https://t.co/GDrqU22YpT,2,1,1,SUPPORT_RESPONSE_PRESENT
apple_1013201,"Apps store un iTunes Store inutilisable, merci @AppleSupport 🖕🏾🙏🏾","CUSTOMER: Apps store un iTunes Store inutilisable, merci @AppleSupport 🖕🏾🙏🏾
SUPPORT: @359754 We offer support via Twitter in English. Contact us for help in your preferred language here: https://t.co/IBIY3vMgPj",@359754 We offer support via Twitter in English. Contact us for help in your preferred language here: https://t.co/IBIY3vMgPj,2,1,1,SUPPORT_RESPONSE_PRESENT
apple_1013203,"@AppleSupport after I updated my phone to OS 11, the battery performance is deteriorated..how can I revert back to OS 10?","CUSTOMER: @AppleSupport after I updated my phone to OS 11, the battery performance is deteriorated..how can I revert back to OS 10?
SUPPORT: @359755 We want to help with your battery. Look here for a few tips: https://t.co/bivpdfBNJ6  DM us if you're still having trouble.",@359755 We want to help with your battery. Look here for a few tips: https://t.co/bivpdfBNJ6  DM us if you're still having trouble.,2,1,1,SUPPORT_RESPONSE_PRESENT
apple_1013789,I made it. 42nd #MarineCorpsMarathon Mission Accomplished 4:59:20 btw @AppleSupport  your @NikeSupport Watch &amp; app crashed 3 times no record,"CUSTOMER: I made it. 42nd #MarineCorpsMarathon Mission Accomplished 4:59:20 btw @AppleSupport  your @NikeSupport Watch &amp; app crashed 3 times no record
SUPPORT: @359878 That's unexpected. Let us help. Tell us more about this via DM. https://t.co/GDrqU22YpT",@359878 That's unexpected. Let us help. Tell us more about this via DM. https://t.co/GDrqU22YpT,2,1,1,SUPPORT_RESPONSE_PRESENT
apple_1013792,I’m absolutely done w/@129913 app &amp; @115858 watch2 @AppleSupport. It shouldn’t be this hard. A girl just wants to get her #run on.,"CUSTOMER: I’m absolutely done w/@129913 app &amp; @115858 watch2 @AppleSupport. It shouldn’t be this hard. A girl just wants to get her #run on.
SUPPORT: @359879 We also want you to get your run on. What's going on when you run? We'd like to see how we can help.
CUSTOMER: @AppleSupport app starts to cycle like its looking for something. Freezes then shuts down. started doing this with the last iOS upgrade. I don’t have time
SUPPORT: @359879 Is it the Apple Watch app that is cycling or the Nike+ Run Club app? Did it work prior to the update?",@359879 Is it the Apple Watch app that is cycling or the Nike+ Run Club app? Did it work prior to the update?,4,2,2,SUPPORT_RESPONSE_PRESENT
apple_1013797,@115858 #ios11 .0.3 keeps crashing my apps. Please fix bug. I will NOT be upgrading to a new iPhone if this is what I should expect.,"CUSTOMER: @115858 #ios11 .0.3 keeps crashing my apps. Please fix bug. I will NOT be upgrading to a new iPhone if this is what I should expect.
SUPPORT: @359880 Thanks for contacting us, we can help you. Which apps keep crashing?
CUSTOMER: @AppleSupport Instagram, tinder, bumble, Facebook, gmail app, Texas poker
SUPPORT: @359880 We'd like to take a deeper look into this with you. DM us and we'll get started. https://t.co/GDrqU22YpT",@359880 We'd like to take a deeper look into this with you. DM us and we'll get started. https://t.co/GDrqU22YpT,4,2,2,SUPPORT_RESPONSE_PRESENT
apple_1013800,Any ideas why my “hey Siri” isn’t working on my Apple Watch? @AppleSupport,"CUSTOMER: Any ideas why my “hey Siri” isn’t working on my Apple Watch? @AppleSupport
SUPPORT: @359882 Thanks for reaching out. We're here to help. DM us so we can look into this further with you. https://t.co/GDrqU22YpT",@359882 Thanks for reaching out. We're here to help. DM us so we can look into this further with you. https://t.co/GDrqU22YpT,2,1,1,SUPPORT_RESPONSE_PRESENT
apple_1013802,"@115858 going downhill. New Mac has NO magsafe, no light 2 indicate charging, &amp; no 3prong power cord extension. Just brick. Sucks!!!!","CUSTOMER: @115858 going downhill. New Mac has NO magsafe, no light 2 indicate charging, &amp; no 3prong power cord extension. Just brick. Sucks!!!!
SUPPORT: @359883 Where did you buy your Mac? Let us know in DM where we’ll team up on this. https://t.co/GDrqU22YpT",@359883 Where did you buy your Mac? Let us know in DM where we’ll team up on this. https://t.co/GDrqU22YpT,2,1,1,SUPPORT_RESPONSE_PRESENT
apple_1013804,@AppleSupport my iPhone 7plus keeps deleting and reinstalling my pictures since iOS upgrade. Also freezes a lot. What the heck?,"CUSTOMER: @AppleSupport my iPhone 7plus keeps deleting and reinstalling my pictures since iOS upgrade. Also freezes a lot. What the heck?
SUPPORT: @359884 We're here to help. Let's meet up via DM so we can dig into what's happening in greater detail. https://t.co/GDrqU22YpT",@359884 We're here to help. Let's meet up via DM so we can dig into what's happening in greater detail. https://t.co/GDrqU22YpT,2,1,1,SUPPORT_RESPONSE_PRESENT
apple_1013806,"Phone stolen, what a great way to end the week. It's phenomenal how other people can make your life so difficult @115858 #helpme","CUSTOMER: Phone stolen, what a great way to end the week. It's phenomenal how other people can make your life so difficult @115858 #helpme
SUPPORT: @359885 We're so sorry to hear that your phone was stolen! There's some info here that may help you out: https://t.co/fUoKdx4Yut",@359885 We're so sorry to hear that your phone was stolen! There's some info here that may help you out: https://t.co/fUoKdx4Yut,2,1,1,SUPPORT_RESPONSE_PRESENT
apple_1013808,@AppleSupport do you have a warranty on replacements? This replacement is about 3 months old and already broken. Original purchased 08/2016 https://t.co/JItDcYIGrb,"CUSTOMER: @AppleSupport do you have a warranty on replacements? This replacement is about 3 months old and already broken. Original purchased 08/2016 https://t.co/JItDcYIGrb
SUPPORT: @359886 We'd be happy to help. Send us a DM so we can gather a few more pieces of information to look into this.",@359886 We'd be happy to help. Send us a DM so we can gather a few more pieces of information to look into this.,2,1,1,SUPPORT_RESPONSE_PRESENT
apple_1013810,@AppleSupport cell service continually wing dropped on iPhone 6s after iOS 11 upgrade. Using Maps is useless and dangerous. How to fix?,"CUSTOMER: @AppleSupport cell service continually wing dropped on iPhone 6s after iOS 11 upgrade. Using Maps is useless and dangerous. How to fix?
SUPPORT: @359887 Thanks for reaching out. We're here to help. DM us so we can look into this further with you. https://t.co/GDrqU22YpT",@359887 Thanks for reaching out. We're here to help. DM us so we can look into this further with you. https://t.co/GDrqU22YpT,2,1,1,SUPPORT_RESPONSE_PRESENT
apple_1013813,"@AppleSupport hi, i recently just requested a refund on an app purchase. May i know how long does the process take (cont)","CUSTOMER: @AppleSupport hi, i recently just requested a refund on an app purchase. May i know how long does the process take (cont)
CUSTOMER: @AppleSupport or is the refund successful or not?
SUPPORT: @359888 Thanks for reaching out! For this particular question, reach out to our iTunes Support Advisors here: https://t.co/SDIe7UiyJN","@359888 Thanks for reaching out! For this particular question, reach out to our iTunes Support Advisors here: https://t.co/SDIe7UiyJN",3,2,1,SUPPORT_RESPONSE_PRESENT
apple_1013819,"With N number of bugs, slow system performance and phone hanging dozen of times @2531 @AppleSupport @115858 IOS11 SUCKS. NEED HELP :@","CUSTOMER: With N number of bugs, slow system performance and phone hanging dozen of times @2531 @AppleSupport @115858 IOS11 SUCKS. NEED HELP :@
SUPPORT: @359889 We'd love to help sort out your iPhone's performance! Please send us a DM with which version of iOS 11 you're updated to. https://t.co/GDrqU22YpT
CUSTOMER: @AppleSupport It’s Iphone6s Pluse, bought 3-4 months back. Software is upto date i.e IOS 11.0.3
SUPPORT: @359889 Thank you for that information. Please send us a DM, and we'll investigate this with you further. https://t.co/GDrqU22YpT
CUSTOMER: @AppleSupport I have sent the DM but I’m not very sure on how are you guys gonna help. Feel, I have wasted my money. Don’t force me to go to @122609
SUPPORT: @359889 We've received your DM. Please look for our response shortly.",@359889 We've received your DM. Please look for our response shortly.,6,3,3,SUPPORT_RESPONSE_PRESENT
apple_1013821,"For reals, @AppleSupport ? https://t.co/4Uva3BgCnK","CUSTOMER: For reals, @AppleSupport ? https://t.co/4Uva3BgCnK
SUPPORT: @359890 We'd like to help! Which Mac do you have, and what's the software version? Take a look here: https://t.co/bsJcIonDxT","@359890 We'd like to help! Which Mac do you have, and what's the software version? Take a look here: https://t.co/bsJcIonDxT",2,1,1,SUPPORT_RESPONSE_PRESENT
apple_1013823,"@AppleSupport why is the Apple Watch $329 on your US site, and then £329 on the UK site? Makes no sense.","CUSTOMER: @AppleSupport why is the Apple Watch $329 on your US site, and then £329 on the UK site? Makes no sense.
SUPPORT: @359891 Hey there. Our sales team can help you with any questions regarding Apple Watch: https://t.co/8yjRd1Xo0i",@359891 Hey there. Our sales team can help you with any questions regarding Apple Watch: https://t.co/8yjRd1Xo0i,2,1,1,SUPPORT_RESPONSE_PRESENT
apple_1013833,Phones been fucking tweaking since this damn update @AppleSupport fix this dammit,"CUSTOMER: Phones been fucking tweaking since this damn update @AppleSupport fix this dammit
SUPPORT: @359895 We've got your back. Let's pair up in DM to get started. https://t.co/GDrqU22YpT",@359895 We've got your back. Let's pair up in DM to get started. https://t.co/GDrqU22YpT,2,1,1,SUPPORT_RESPONSE_PRESENT
apple_1013835,"What is wrong with my phone @AppleSupport the brightness, volume, WiFi and Bluetooth adjust themselves at will SEND HELP","CUSTOMER: What is wrong with my phone @AppleSupport the brightness, volume, WiFi and Bluetooth adjust themselves at will SEND HELP
SUPPORT: @313382 We'd love to help you. Let's work on these issues from DM. Please join us here: https://t.co/GDrqU22YpT",@313382 We'd love to help you. Let's work on these issues from DM. Please join us here: https://t.co/GDrqU22YpT,2,1,1,SUPPORT_RESPONSE_PRESENT
apple_1013839,"My #apple #ipodshuffle just died

My last one after @AppleSupport's #ipodshuffle genocide

Death by unknown error 1439

I am a broken man","CUSTOMER: My #apple #ipodshuffle just died

My last one after @AppleSupport's #ipodshuffle genocide

Death by unknown error 1439

I am a broken man
SUPPORT: @359896 Thank you for reaching out to us. Have you had a chance to try the steps here to help with your iPod: https://t.co/mcA5X9cSJ7
CUSTOMER: @AppleSupport Tried everything from your support site &amp; online...all through floods of tears &amp; then agony when nothing worked
RIP my little digital friend",@359896 Thank you for reaching out to us. Have you had a chance to try the steps here to help with your iPod: https://t.co/mcA5X9cSJ7,3,2,1,SUPPORT_RESPONSE_PRESENT
apple_1013841,@AppleSupport une solution pour iOS11 qui fait ramer de fou l’iPhone 6? Même pour écrire un tweet c’est une horreur,"CUSTOMER: @AppleSupport une solution pour iOS11 qui fait ramer de fou l’iPhone 6? Même pour écrire un tweet c’est une horreur
SUPPORT: @314426 We offer support via Twitter in English. Contact us for help in your preferred language here: https://t.co/IBIY3vMgPj",@314426 We offer support via Twitter in English. Contact us for help in your preferred language here: https://t.co/IBIY3vMgPj,2,1,1,SUPPORT_RESPONSE_PRESENT
apple_1014321,@AppleSupport My iPhone doesn’t have an App Store. I don’t understand what is happening.,"CUSTOMER: @AppleSupport My iPhone doesn’t have an App Store. I don’t understand what is happening.
SUPPORT: @360008 We'd like to look into this a bit more with you. Could you join us in DM to get started? https://t.co/GDrqU22YpT
CUSTOMER: @AppleSupport I fixed it.
SUPPORT: @360008 No worries, we're glad that's fixed for you. If you run into any other issues, don't hesitate to let us know.","@360008 No worries, we're glad that's fixed for you. If you run into any other issues, don't hesitate to let us know.",4,2,2,SUPPORT_RESPONSE_PRESENT
apple_1014327,iOS 11 is honestly such a buggy piece of crap. It’s nearly about to brick my phone. @115858 @AppleSupport I pay this much to just be this mad,"CUSTOMER: iOS 11 is honestly such a buggy piece of crap. It’s nearly about to brick my phone. @115858 @AppleSupport I pay this much to just be this mad
SUPPORT: @360009 We're here for you. What's happening when you attempt to use the device? How do you get it working again?
CUSTOMER: @AppleSupport The phone completely freezes and is unresponsive, apps are crashing from 3rd party and yours, iMessages is a free for all for bugs. I scream
CUSTOMER: @AppleSupport You know maybe it’s better if we carried this in a DM. 140 letters isn’t enough to tell ya about it.
SUPPORT: @360009 You're welcome to send us a DM to explain further. What other things are happening? https://t.co/GDrqU22YpT",@360009 You're welcome to send us a DM to explain further. What other things are happening? https://t.co/GDrqU22YpT,5,3,2,SUPPORT_RESPONSE_PRESENT
apple_1014331,No status bar? I need stability. I already lost performance with iOS 11... @AppleSupport https://t.co/Z8yQUJfmCx,"CUSTOMER: No status bar? I need stability. I already lost performance with iOS 11... @AppleSupport https://t.co/Z8yQUJfmCx
CUSTOMER: @AppleSupport In addition I cannot slide notification center while I can use Control Center. Also status bar is visible while using an application.
SUPPORT: @245847 Let’s work together to get to the bottom of this. Which device and version of iOS 11 are you using (Settings &gt; General &gt; About)?
CUSTOMER: @AppleSupport I have iOS 11 ana iPhone 6 Plus. A restart solved this problem. Thank you",@245847 Let’s work together to get to the bottom of this. Which device and version of iOS 11 are you using (Settings &gt; General &gt; About)?,4,3,1,SUPPORT_RESPONSE_PRESENT
apple_1014333,@AppleSupport how come the app icons on my Apple Watch come up as blank white squares instead of the actual app icon?,"CUSTOMER: @AppleSupport how come the app icons on my Apple Watch come up as blank white squares instead of the actual app icon?
SUPPORT: @360010 Meet us in DM and we’ll get you pointed in the right direction. https://t.co/GDrqU22YpT",@360010 Meet us in DM and we’ll get you pointed in the right direction. https://t.co/GDrqU22YpT,2,1,1,SUPPORT_RESPONSE_PRESENT
apple_1014337,My MacBook keeps freezing during installation of the new update and I have no idea what to do tbh @AppleSupport,"CUSTOMER: My MacBook keeps freezing during installation of the new update and I have no idea what to do tbh @AppleSupport
SUPPORT: @360011 Let's help. When are you seeing the freezing occur? What do you see on the display? What do you do when it freezes?
CUSTOMER: @AppleSupport I managed to fix it, thanks.
SUPPORT: @360011 Most excellent! Reach out if you need us for anything else.",@360011 Most excellent! Reach out if you need us for anything else.,4,2,2,SUPPORT_RESPONSE_PRESENT
apple_1014339,Anyone else have this problem with #ios11? This is what my lock screen looks like after sending a text. @AppleSupport https://t.co/WyWq2veUNF,"CUSTOMER: Anyone else have this problem with #ios11? This is what my lock screen looks like after sending a text. @AppleSupport https://t.co/WyWq2veUNF
SUPPORT: @360012 We'd like to look into this. Click here to join us in DM. We'll pick up there: https://t.co/GDrqU22YpT",@360012 We'd like to look into this. Click here to join us in DM. We'll pick up there: https://t.co/GDrqU22YpT,2,1,1,SUPPORT_RESPONSE_PRESENT
apple_1014342,"@115858 11.0.3 update sucks. Now my contact names don't appear, just their numbers! I don't know their numbers!! #fail #update","CUSTOMER: @115858 11.0.3 update sucks. Now my contact names don't appear, just their numbers! I don't know their numbers!! #fail #update
SUPPORT: @290762 Have you been using iCloud to sync your contacts? https://t.co/G3RWMwaBju Send us a DM and let us know. https://t.co/GDrqU22YpT
CUSTOMER: @AppleSupport Fix this too. Bold text overlap. https://t.co/CpNRIBczoK",@290762 Have you been using iCloud to sync your contacts? https://t.co/G3RWMwaBju Send us a DM and let us know. https://t.co/GDrqU22YpT,3,2,1,SUPPORT_RESPONSE_PRESENT
apple_1014360,@AppleSupport why can’t anyone FaceTime me?,"CUSTOMER: @AppleSupport why can’t anyone FaceTime me?
SUPPORT: @360018 We are here to help. What happens when they try?
CUSTOMER: @AppleSupport The FaceTime icon doesn’t show up at all, no option given
SUPPORT: @360018 Is this with all users or just a certain one?
CUSTOMER: @AppleSupport With everyone, I just recently made the switch from android. Idk if that helps
SUPPORT: @360018 DM us your device details and we can take a look at this.",@360018 DM us your device details and we can take a look at this.,6,3,3,SUPPORT_RESPONSE_PRESENT
apple_1014365,@115858 FIX YOUR COMPASS,"CUSTOMER: @115858 FIX YOUR COMPASS
SUPPORT: @360019 We want to help. What's happening with your compass? Which software version are you using?",@360019 We want to help. What's happening with your compass? Which software version are you using?,2,1,1,SUPPORT_RESPONSE_PRESENT
apple_1014367,"@AppleSupport 🙈 I can’t seem to download my iCloud photos, there’s no select all and the download button is blue but not actioning ???","CUSTOMER: @AppleSupport 🙈 I can’t seem to download my iCloud photos, there’s no select all and the download button is blue but not actioning ???
SUPPORT: @360020 Our Application Support team is standing by and ready to assist you. Reach them here: https://t.co/IBIY3vMgPj",@360020 Our Application Support team is standing by and ready to assist you. Reach them here: https://t.co/IBIY3vMgPj,2,1,1,SUPPORT_RESPONSE_PRESENT
apple_1014369,"Hello @TwitterSupport and @AppleSupport

upgraded 6s+ to IOS 11

Now getting “error” message when posting to twitter from camera

Cc: @360022 https://t.co/n00ShrYNhw","CUSTOMER: Hello @TwitterSupport and @AppleSupport

upgraded 6s+ to IOS 11

Now getting “error” message when posting to twitter from camera

Cc: @360022 https://t.co/n00ShrYNhw
SUPPORT: @360021 Let's look into that. Send us a DM and we'll go from there. https://t.co/GDrqU22YpT",@360021 Let's look into that. Send us a DM and we'll go from there. https://t.co/GDrqU22YpT,2,1,1,SUPPORT_RESPONSE_PRESENT
apple_1014371,What happen to the new emojis that was suppose to come out 🤔 @AppleSupport,"CUSTOMER: What happen to the new emojis that was suppose to come out 🤔 @AppleSupport
SUPPORT: @360023 We can help. The new emojis will be released in the iOS 11.1 update. Look here: https://t.co/s4gI2zGcTZ",@360023 We can help. The new emojis will be released in the iOS 11.1 update. Look here: https://t.co/s4gI2zGcTZ,2,1,1,SUPPORT_RESPONSE_PRESENT
apple_1014374,@AppleSupport help https://t.co/nuRq7PkQOe,"CUSTOMER: @AppleSupport help https://t.co/nuRq7PkQOe
SUPPORT: @360024 Thanks for contacting us. We'd like to get more info. Please meet us in DM. https://t.co/GDrqU22YpT
CUSTOMER: @AppleSupport I fixed it don't worry I basically should be an apple genius
SUPPORT: @360024 We are happy to hear it's fixed. Please feel free to reach out if you need us in the future.",@360024 We are happy to hear it's fixed. Please feel free to reach out if you need us in the future.,4,2,2,SUPPORT_RESPONSE_PRESENT
apple_1014389,Why is my #iphone beeping like smoke alarm?! @115858 it’s done it twice now! https://t.co/zFZqQYTf8f,"CUSTOMER: Why is my #iphone beeping like smoke alarm?! @115858 it’s done it twice now! https://t.co/zFZqQYTf8f
SUPPORT: @360028 Let's work together in DM to investigate what's going on with your iPhone. https://t.co/GDrqU22YpT
CUSTOMER: @AppleSupport Jut DM’d you.
SUPPORT: @360028 We've responded to your DM. Look for us there. https://t.co/GDrqU22YpT
CUSTOMER: @360028 @115858 I know why ;)
CUSTOMER: @363799 @115858 Why?
CUSTOMER: @360028 @115858 In my case it was a notification from a ‘dating app’ that I’d got a message. Turn off audio notifications for specific apps to solve...
CUSTOMER: @AppleSupport @360028 Mines doing it too! A friend on FB also having the same issue. What’s going on????
CUSTOMER: @363799 @115858 I haven’t got a dating app and I wasn’t getting any notifications though. Just had a DM from Apple@to update my software and let them know
CUSTOMER: @363799 @115858 If I get anymore problems.
SUPPORT: @360028 Sounds like a plan. Please keep us updated.",@360028 Sounds like a plan. Please keep us updated.,11,8,3,SUPPORT_RESPONSE_PRESENT
apple_1014394,"@AppleSupport after update to ios 11, i don’t get notif for new posts, and receive the notif only after opening WhatsApp, plese fix it ASAP!","CUSTOMER: @AppleSupport after update to ios 11, i don’t get notif for new posts, and receive the notif only after opening WhatsApp, plese fix it ASAP!
SUPPORT: @360029 We're here to help! Does the notification issue only happen with one app, or does it occur with all apps? https://t.co/GDrqU22YpT
CUSTOMER: @AppleSupport @360029 Do you frequently swipe up on WhatsApp to clear it? This prevents WhatsApp from showing notifications on iOS 11.
CUSTOMER: @AppleSupport i rarely use other chat app,but for game notif it run normally.when i google it,not just me have same problem like this after updat to ios11
CUSTOMER: @360030 @AppleSupport I swipe down and swipe up just for check my notif, not to clear it, it is effect to my whatsapp notification?
CUSTOMER: @360029 @AppleSupport Oh I was referring to swiping up to make the app go away after you tap the Home button twice.
CUSTOMER: @360030 @AppleSupport you suggest to let whatsapp on my backgroundapp,dont close it(with swipe up)? if i doing like that,my whatsappnotif will be normal as usual?
CUSTOMER: @360029 @AppleSupport Yes please try that (don’t close it) and see if notifications go back to normal. I think battery usage will go down too. :)
CUSTOMER: @360030 @AppleSupport oke. thanks.
SUPPORT: @360029 Thanks for the update. If the issue is happening only with one app, have you reached out to the developer?
CUSTOMER: @AppleSupport not yet. i try to write a review about whatsapp on app store, but after fill my nickname, i cant send it and my review not show up
SUPPORT: @360029 Our latest version of iOS is iOS 11.0.3. Are you fully up to date?",@360029 Our latest version of iOS is iOS 11.0.3. Are you fully up to date?,12,9,3,SUPPORT_RESPONSE_PRESENT
apple_1014404,"@AppleSupport yesterday your systems were down at all stores and my broken iPhone7 could not be replaced, is this sorted now?","CUSTOMER: @AppleSupport yesterday your systems were down at all stores and my broken iPhone7 could not be replaced, is this sorted now?
SUPPORT: @360031 You would need to reach out to the store to find out the status of the store's in-store repair services.",@360031 You would need to reach out to the store to find out the status of the store's in-store repair services.,2,1,1,SUPPORT_RESPONSE_PRESENT
apple_1014411,@115858 this update turns my WiFi on automatically. I turned it off for a reason. Fix this,"CUSTOMER: @115858 this update turns my WiFi on automatically. I turned it off for a reason. Fix this
SUPPORT: @360032 Take a look at the new Wi-Fi functionality of iOS 11: https://t.co/G7BHuQnDS6
CUSTOMER: @AppleSupport that’s the problem. It automatically turns itself on after I continuously it off
SUPPORT: @360032 That may be expected behavior. To disable Wi-Fi, you’d need to in Settings &gt; Wi-Fi. Is that where you're disabling Wi-Fi?
CUSTOMER: @AppleSupport yes.
CUSTOMER: @AppleSupport when I walk into the house it turns it on after I have turned it off https://t.co/8vuYuB1nPL
SUPPORT: @360032 We’ll be happy to help further. To start, send us a DM. https://t.co/GDrqU22YpT","@360032 We’ll be happy to help further. To start, send us a DM. https://t.co/GDrqU22YpT",7,4,3,SUPPORT_RESPONSE_PRESENT
apple_1014413,@AppleSupport Not able to sign into my iStore. It gives an error. Brand new. Please help! Urgent https://t.co/IDrBISy7Ge,"CUSTOMER: @AppleSupport Not able to sign into my iStore. It gives an error. Brand new. Please help! Urgent https://t.co/IDrBISy7Ge
SUPPORT: @360033 Hi there. We've got your DM. We'll meet you there to help out. Thank you.",@360033 Hi there. We've got your DM. We'll meet you there to help out. Thank you.,2,1,1,SUPPORT_RESPONSE_PRESENT
apple_1014415,@AppleSupport please fix the 3D Touch lag in ios 11 on iPhone 7!,"CUSTOMER: @AppleSupport please fix the 3D Touch lag in ios 11 on iPhone 7!
SUPPORT: @360034 We'll make sure to get this straightened out. DM us, and we'll see you there. https://t.co/GDrqU22YpT","@360034 We'll make sure to get this straightened out. DM us, and we'll see you there. https://t.co/GDrqU22YpT",2,1,1,SUPPORT_RESPONSE_PRESENT
apple_1014494,@115948 @AppleSupport I'm pretty sure I'm receiving spam mail from Apple ID re purchasing ! Any ideas ?! https://t.co/1t7Zz2ZF5A,"CUSTOMER: @115948 @AppleSupport I'm pretty sure I'm receiving spam mail from Apple ID re purchasing ! Any ideas ?! https://t.co/1t7Zz2ZF5A
SUPPORT: @360054 We're glad you asked. This article will help you identify, avoid, and report phishing attempts: https://t.co/LNMCdqt6fD","@360054 We're glad you asked. This article will help you identify, avoid, and report phishing attempts: https://t.co/LNMCdqt6fD",2,1,1,SUPPORT_RESPONSE_PRESENT
apple_1014508,Portrait Lighting on iPhone 8 Plus lets you create dramatic studio lighting effects.,"CUSTOMER: Portrait Lighting on iPhone 8 Plus lets you create dramatic studio lighting effects.
CUSTOMER: @115858 Does the battery life suck, like the new upgrade screwed my 7?
SUPPORT: @193013 We can help. Try optimizing your settings for maximum battery life, and DM us if this continues: https://t.co/bivpdfBNJ6 https://t.co/GDrqU22YpT
CUSTOMER: @AppleSupport Settings are pretty optimized. Battery life was STELLAR before the 11 update. And the two fixes since.
CUSTOMER: @AppleSupport @193013 The issue is someone thought it would be a great idea to keep Bluetooth and Wifi radios on.   Manually shutting off conserved battery.
CUSTOMER: @613222 @AppleSupport Both are already off
CUSTOMER: @193013 @AppleSupport Yup I noticed too. I heard it's to make our phones worse so we can buy I new 1 😂 I wouldn't put it past apple.
CUSTOMER: @193013 @AppleSupport Same thing happened to my phone
CUSTOMER: @360057 @AppleSupport ☹️
CUSTOMER: @193013 @360057 @AppleSupport And mine!
SUPPORT: @360056 We'd like to hear more about what's going on. DM us about this issue and we'll continue there. https://t.co/GDrqU22YpT
CUSTOMER: @115858 Dear @AppleSupport thanks for your help - but our problem is clear - it’s THE UPDATE!
CUSTOMER: @AppleSupport Nahhh fuck you and your shit company, you’ve not done any help the past couple months 😂
SUPPORT: @193013 We'll be glad to continue troubleshooting with you. Let's meet in a DM. https://t.co/GDrqU22YpT
CUSTOMER: @115858 Why my iPhone always atrt to be messy whenever you guys put out a new iPhone? Are you trying to force people to buy new iPhone?
SUPPORT: @540619 What specific issues are you seeing with your iPhone after the update? We'd like to see if we can help resolve them in DM. https://t.co/GDrqU22YpT",@540619 What specific issues are you seeing with your iPhone after the update? We'd like to see if we can help resolve them in DM. https://t.co/GDrqU22YpT,16,12,4,SUPPORT_RESPONSE_PRESENT
apple_1014513,Dear @115858  your latest update keeps causing my iPhone7 to freeze! #rubbish #iphone,"CUSTOMER: Dear @115858  your latest update keeps causing my iPhone7 to freeze! #rubbish #iphone
SUPPORT: @360059 We want you to use your iPhone without issue. Please send us a DM and we'll work together. https://t.co/GDrqU22YpT",@360059 We want you to use your iPhone without issue. Please send us a DM and we'll work together. https://t.co/GDrqU22YpT,2,1,1,SUPPORT_RESPONSE_PRESENT
apple_1014523,"My phone be on some hoe shit since this IOS 11 came out, @115858 what’s good!?","CUSTOMER: My phone be on some hoe shit since this IOS 11 came out, @115858 what’s good!?
SUPPORT: @360062 Reach out via DM and let us know what issues you're experiencing. https://t.co/GDrqU22YpT",@360062 Reach out via DM and let us know what issues you're experiencing. https://t.co/GDrqU22YpT,2,1,1,SUPPORT_RESPONSE_PRESENT
apple_1014525,@115858 @AppleSupport @115948 ALL MY PLAYLISTS ARE GONE. IM SO SAD AND MAD AND I THINK IM GOING TO CRY,"CUSTOMER: @115858 @AppleSupport @115948 ALL MY PLAYLISTS ARE GONE. IM SO SAD AND MAD AND I THINK IM GOING TO CRY
SUPPORT: @360063 We want to look into this with you. Reach out via DM and let us know what device you're using. https://t.co/GDrqU22YpT",@360063 We want to look into this with you. Reach out via DM and let us know what device you're using. https://t.co/GDrqU22YpT,2,1,1,SUPPORT_RESPONSE_PRESENT
apple_1014877,@AppleSupport See this App Store updates page on iOS 11.0.3 https://t.co/3QzWC2pEza,"CUSTOMER: @AppleSupport See this App Store updates page on iOS 11.0.3 https://t.co/3QzWC2pEza
SUPPORT: @121159 Thanks for reaching out, we’ll be glad to help. Can you confirm if this happens after a restart? https://t.co/OWRDHWSt4h","@121159 Thanks for reaching out, we’ll be glad to help. Can you confirm if this happens after a restart? https://t.co/OWRDHWSt4h",2,1,1,SUPPORT_RESPONSE_PRESENT
apple_1014879,@AppleSupport 7 plus 11.0.3 te pil ömrü %40 azaldı 😞,"CUSTOMER: @AppleSupport 7 plus 11.0.3 te pil ömrü %40 azaldı 😞
SUPPORT: @360121 We offer support via Twitter in English. Contact us for help in your preferred language here: https://t.co/IBIY3vMgPj",@360121 We offer support via Twitter in English. Contact us for help in your preferred language here: https://t.co/IBIY3vMgPj,2,1,1,SUPPORT_RESPONSE_PRESENT
apple_1014881,@AppleSupport the screen recording that you just added recently is pretty awesome but can it record in landscape mode?,"CUSTOMER: @AppleSupport the screen recording that you just added recently is pretty awesome but can it record in landscape mode?
SUPPORT: @123723 Check out this link to learn about which built-in apps can rotate to Landscape Mode: https://t.co/SLZJSxtUdW",@123723 Check out this link to learn about which built-in apps can rotate to Landscape Mode: https://t.co/SLZJSxtUdW,2,1,1,SUPPORT_RESPONSE_PRESENT
apple_1014883,Why is the autocorrect so messed up on this new update @AppleSupport,"CUSTOMER: Why is the autocorrect so messed up on this new update @AppleSupport
SUPPORT: @360122 We'd be happy to look into what's going on. Can you tell us more about what's happening?",@360122 We'd be happy to look into what's going on. Can you tell us more about what's happening?,2,1,1,SUPPORT_RESPONSE_PRESENT
apple_1014885,"@AppleSupport hey guys, can you point me to any articles that explain “updating the Home Hub software”? I can seem to find anything relevant","CUSTOMER: @AppleSupport hey guys, can you point me to any articles that explain “updating the Home Hub software”? I can seem to find anything relevant
SUPPORT: @360123 Is this in regards to HomeKit? Send us a DM with more details, and we'll be happy to help. https://t.co/GDrqU22YpT","@360123 Is this in regards to HomeKit? Send us a DM with more details, and we'll be happy to help. https://t.co/GDrqU22YpT",2,1,1,SUPPORT_RESPONSE_PRESENT
apple_1014888,"@AppleSupport 
I forgot my password and now?","CUSTOMER: @AppleSupport 
I forgot my password and now?
SUPPORT: @360124 Thanks for reaching out. Which password did you forget? We'd be happy to help.
CUSTOMER: @AppleSupport yes",@360124 Thanks for reaching out. Which password did you forget? We'd be happy to help.,3,2,1,SUPPORT_RESPONSE_PRESENT
apple_1014890,@AppleSupport are you listening ? My 6 has also become slow after iOS 11.0.3 https://t.co/2thqz1sZkh,"CUSTOMER: @AppleSupport are you listening ? My 6 has also become slow after iOS 11.0.3 https://t.co/2thqz1sZkh
SUPPORT: @359545 That is not expected. We'd like to help. DM us some more details of your issues and we can work together. https://t.co/GDrqU22YpT",@359545 That is not expected. We'd like to help. DM us some more details of your issues and we can work together. https://t.co/GDrqU22YpT,2,1,1,SUPPORT_RESPONSE_PRESENT
apple_1014892,@AppleSupport why does my phone keep turning sideways when I have portrait orientation locked,"CUSTOMER: @AppleSupport why does my phone keep turning sideways when I have portrait orientation locked
SUPPORT: @360125 This isn't something we expect to happen. Does this occur with all apps or only specific apps? Which iOS version is installed?",@360125 This isn't something we expect to happen. Does this occur with all apps or only specific apps? Which iOS version is installed?,2,1,1,SUPPORT_RESPONSE_PRESENT
apple_1015294,"@AppleSupport is it normal if my 6s gives me a haptic feedback when I disable 'vibration mode', but not when I activate it?","CUSTOMER: @AppleSupport is it normal if my 6s gives me a haptic feedback when I disable 'vibration mode', but not when I activate it?
SUPPORT: @360221 We're happy to look into this with you. Please let us know the iOS version currently installed to get started.
CUSTOMER: @AppleSupport It started happening on iOS 10.3.3, then I updated to 11.0.3 thinking it'd get fixed, but nope, it's still there.
SUPPORT: @360221 Thanks for those details. Please let us know in DM if you're updating your iOS via Wi-Fi or iTunes and we'll sort this out. https://t.co/GDrqU22YpT",@360221 Thanks for those details. Please let us know in DM if you're updating your iOS via Wi-Fi or iTunes and we'll sort this out. https://t.co/GDrqU22YpT,4,2,2,SUPPORT_RESPONSE_PRESENT
apple_1015297,"@TwitterSupport @AppleSupport What's wrong with the Twitter Russian keyboard in iOS 11 on iPad? Numbers 8, 9, 0, can I pls have them? https://t.co/zUBeiUnQA6","CUSTOMER: @TwitterSupport @AppleSupport What's wrong with the Twitter Russian keyboard in iOS 11 on iPad? Numbers 8, 9, 0, can I pls have them? https://t.co/zUBeiUnQA6
SUPPORT: @360222 Does this only happen in one app? Let us know in Direct Message and we'll help out. https://t.co/GDrqU22YpT",@360222 Does this only happen in one app? Let us know in Direct Message and we'll help out. https://t.co/GDrqU22YpT,2,1,1,SUPPORT_RESPONSE_PRESENT
apple_1015299,"@115858 @AppleSupport iOS11 has completely wrecked my 7 Plus. Lag, freezing, Beats X not connecting, poor battery. Even after iOS11.03 😒😒😒","CUSTOMER: @115858 @AppleSupport iOS11 has completely wrecked my 7 Plus. Lag, freezing, Beats X not connecting, poor battery. Even after iOS11.03 😒😒😒
SUPPORT: @360223 We'd like to hear more about this. Send us a DM by clicking on the link below. We'll continue there. https://t.co/GDrqU22YpT",@360223 We'd like to hear more about this. Send us a DM by clicking on the link below. We'll continue there. https://t.co/GDrqU22YpT,2,1,1,SUPPORT_RESPONSE_PRESENT
apple_1015306,You guys really screwed up my iPhone7+ with new update!! I feel like throwing this now.  @115858 @AppleSupport 🤦🏼‍♂️,"CUSTOMER: You guys really screwed up my iPhone7+ with new update!! I feel like throwing this now.  @115858 @AppleSupport 🤦🏼‍♂️
SUPPORT: @360224 Are you experiencing issues with your iPhone? We'd love to help you get them fixed. DM us more info and we'll get started. https://t.co/GDrqU22YpT
CUSTOMER: @AppleSupport It’s hanging a lot after new updates, will visit the service centre n fix the issue. 👍🏻
SUPPORT: @360224 We may be able to help you right here and save you a trip! Let us know in DM if you'd prefer that and we'll get started. https://t.co/GDrqU22YpT
CUSTOMER: @AppleSupport Your new update seems to be fine, it’s not hanging much for now!! Thanks for the update
SUPPORT: @360224 Glad to hear it! Don't hesitate to reach out if you have any other questions. https://t.co/GDrqU22YpT",@360224 Glad to hear it! Don't hesitate to reach out if you have any other questions. https://t.co/GDrqU22YpT,6,3,3,SUPPORT_RESPONSE_PRESENT
apple_1015308,"@AppleSupport iOS 11 is a disgrace, how can I go back to 10?","CUSTOMER: @AppleSupport iOS 11 is a disgrace, how can I go back to 10?
SUPPORT: @360225 Hi there. We're here to help you. DM us and tell us more about the issues you're having. https://t.co/GDrqU22YpT",@360225 Hi there. We're here to help you. DM us and tell us more about the issues you're having. https://t.co/GDrqU22YpT,2,1,1,SUPPORT_RESPONSE_PRESENT
apple_1015311,@115858 how to fix messages that are appearing on top of messages sent not on the bottom of them (as a conversation) so frustrating 😠,"CUSTOMER: @115858 how to fix messages that are appearing on top of messages sent not on the bottom of them (as a conversation) so frustrating 😠
SUPPORT: @360226 Let's take a look at your Messages together. Which device is this happening on &amp; what version of iOS is installed?
CUSTOMER: @AppleSupport 6S+ and 11.0.3
SUPPORT: @360226 When did you first start experiencing this issue? Does it happen for all conversations, or just a few? Please DM us. https://t.co/GDrqU22YpT","@360226 When did you first start experiencing this issue? Does it happen for all conversations, or just a few? Please DM us. https://t.co/GDrqU22YpT",4,2,2,SUPPORT_RESPONSE_PRESENT
apple_1015671,"@AppleSupport if my AppleID is in account recovery would it be why my phone is saying
""disabled-connect to iTunes?""
Or because I dropped it? https://t.co/m21iXwjD0X","CUSTOMER: @AppleSupport if my AppleID is in account recovery would it be why my phone is saying
""disabled-connect to iTunes?""
Or because I dropped it? https://t.co/m21iXwjD0X
SUPPORT: @360307 We've received your DM. Look for our reply there shortly and we'll help out.
CUSTOMER: @AppleSupport Thank you !!!!!!!!!!!!",@360307 We've received your DM. Look for our reply there shortly and we'll help out.,3,2,1,SUPPORT_RESPONSE_PRESENT
apple_1015676,"@AppleSupport İOS 11'den sonra kilit ekranındaki mesajlara cevap verdiğimde ""iletilemedi"" mesajları alıyorum.","CUSTOMER: @AppleSupport İOS 11'den sonra kilit ekranındaki mesajlara cevap verdiğimde ""iletilemedi"" mesajları alıyorum.
SUPPORT: @360309 We offer support via Twitter in English. Contact us for help in your preferred language here: https://t.co/IBIY3vMgPj",@360309 We offer support via Twitter in English. Contact us for help in your preferred language here: https://t.co/IBIY3vMgPj,2,1,1,SUPPORT_RESPONSE_PRESENT
apple_1015678,"@AppleSupport every single song just disappeared from my library, wtf is going on and how do i get my songs back???","CUSTOMER: @AppleSupport every single song just disappeared from my library, wtf is going on and how do i get my songs back???
SUPPORT: @360310 We'd like to help. DM us what iOS version you're on. https://t.co/GDrqU22YpT",@360310 We'd like to help. DM us what iOS version you're on. https://t.co/GDrqU22YpT,2,1,1,SUPPORT_RESPONSE_PRESENT
apple_1015681,@115858 your new update has ruined my phone 😡,"CUSTOMER: @115858 your new update has ruined my phone 😡
SUPPORT: @360311 Let's get this resolved. What's going on with your iPhone?
CUSTOMER: @AppleSupport Well my apps keep crashing and freezing
SUPPORT: @360311 Thank you. Please send us a DM and tell us what version of iOS you see under Settings &gt; General &gt; About &gt; Version. https://t.co/GDrqU22YpT",@360311 Thank you. Please send us a DM and tell us what version of iOS you see under Settings &gt; General &gt; About &gt; Version. https://t.co/GDrqU22YpT,4,2,2,SUPPORT_RESPONSE_PRESENT
apple_1015688,"I was wondering, does Portrait mode support Slow Sync flash? @AppleSupport","CUSTOMER: I was wondering, does Portrait mode support Slow Sync flash? @AppleSupport
SUPPORT: @360313 We have received your DM. You will be receiving a response from us there shortly.",@360313 We have received your DM. You will be receiving a response from us there shortly.,2,1,1,SUPPORT_RESPONSE_PRESENT
apple_1015690,@AppleSupport ..Any ideas?,"CUSTOMER: @AppleSupport ..Any ideas?
SUPPORT: @360314 Hi. We can help, just send us a DM and tell us what version of iOS 11 you see under Settings &gt; General &gt; About &gt; Version.","@360314 Hi. We can help, just send us a DM and tell us what version of iOS 11 you see under Settings &gt; General &gt; About &gt; Version.",2,1,1,SUPPORT_RESPONSE_PRESENT
apple_1015693,@AppleSupport MY SPEAKERS STILL CRACK!! EVEN AFTER iOS 11.0.3 UPDATE!!!!!!!,"CUSTOMER: @AppleSupport MY SPEAKERS STILL CRACK!! EVEN AFTER iOS 11.0.3 UPDATE!!!!!!!
SUPPORT: @129051 We'd like to help. DM us what country or region you're located in. https://t.co/GDrqU22YpT
CUSTOMER: @AppleSupport I have been sending you dms but no one replies to them.",@129051 We'd like to help. DM us what country or region you're located in. https://t.co/GDrqU22YpT,3,2,1,SUPPORT_RESPONSE_PRESENT
apple_1015695,@115858 @AppleSupport High Sierra - Hi 1st problem. Always shows this icon when I download something on safari? Freezes in the middle https://t.co/nfRIQswjMm,"CUSTOMER: @115858 @AppleSupport High Sierra - Hi 1st problem. Always shows this icon when I download something on safari? Freezes in the middle https://t.co/nfRIQswjMm
SUPPORT: @360315 We're happy to look into this with you. DM us which model device you're using to get started. https://t.co/GDrqU22YpT",@360315 We're happy to look into this with you. DM us which model device you're using to get started. https://t.co/GDrqU22YpT,2,1,1,SUPPORT_RESPONSE_PRESENT
apple_1015698,"YO @115858 —
Can you please update the new iOS so it stops just turning on my WiFi when I don’t want it on?

ty bb 😘😘","CUSTOMER: YO @115858 —
Can you please update the new iOS so it stops just turning on my WiFi when I don’t want it on?

ty bb 😘😘
SUPPORT: @360316 We may be able to clear this up for you. Here is some helpful information about Wi-Fi in iOS 11. https://t.co/G7BHuQnDS6
CUSTOMER: @AppleSupport that didn’t really help cuz whenever I turn off the WiFi in my COMMAND CENTER, it just turns back on whenever it wants
SUPPORT: @360316 OK.  Let's continue the conversation in DM. https://t.co/GDrqU22YpT
CUSTOMER: @360316 @AppleSupport So the new update only lets you completely turn off WiFi or Bluetooth in settings. Through command center, it just disconnects
CUSTOMER: @360318 @360316 @AppleSupport What he said ^^^
CUSTOMER: @360316 @AppleSupport I think this is what they wanted you to read https://t.co/93PQmwO2z7",@360316 OK.  Let's continue the conversation in DM. https://t.co/GDrqU22YpT,7,5,2,SUPPORT_RESPONSE_PRESENT
apple_1015709,Bought iphone5S an year back. Within 7 days i had to get the phone replaced . warranty over just 7 days back &amp; it got crashed.@AppleSupport,"CUSTOMER: Bought iphone5S an year back. Within 7 days i had to get the phone replaced . warranty over just 7 days back &amp; it got crashed.@AppleSupport
SUPPORT: @360321 We would like to help. DM us some more details about this and we can work together. https://t.co/GDrqU22YpT",@360321 We would like to help. DM us some more details about this and we can work together. https://t.co/GDrqU22YpT,2,1,1,SUPPORT_RESPONSE_PRESENT
apple_1015739,@115858 why did your flashlight burn my leg ?,"CUSTOMER: @115858 why did your flashlight burn my leg ?
SUPPORT: @360332 We can assist you. Please DM us via the following link and we'll help you from there. https://t.co/GDrqU22YpT",@360332 We can assist you. Please DM us via the following link and we'll help you from there. https://t.co/GDrqU22YpT,2,1,1,SUPPORT_RESPONSE_PRESENT
apple_1015742,@AppleSupport when i plug my iphone into my laptop and it syncs w/itunes but says there’s nothing connected when i want to import my photos?,"CUSTOMER: @AppleSupport when i plug my iphone into my laptop and it syncs w/itunes but says there’s nothing connected when i want to import my photos?
CUSTOMER: @AppleSupport i don’t know if ye can help but it’s worth a shot
SUPPORT: @360333 We'd be happy to point you in the right direction. Our support article on Photos may help: https://t.co/KSr0Br9YuG",@360333 We'd be happy to point you in the right direction. Our support article on Photos may help: https://t.co/KSr0Br9YuG,3,2,1,SUPPORT_RESPONSE_PRESENT
apple_1015747,@115858 here’s the strange empty message with the link from the App Store sent with iMessage since the 11.0.2 iOS update: https://t.co/Udc8OtKaGz,"CUSTOMER: @115858 here’s the strange empty message with the link from the App Store sent with iMessage since the 11.0.2 iOS update: https://t.co/Udc8OtKaGz
SUPPORT: @360334 Since we support via Twitter in English, can you translate the rest of the messages for us? It may give us a clue.
CUSTOMER: @AppleSupport While sending/sharing the link to the app in App Store via iMessage, there’s an empty message instead of short info as it was before
CUSTOMER: @AppleSupport The translation is useless: it happens to every link i sent since iOS 11.0.2 or so. Not sure what was in 11.0, but 10.3.3 worked properly
SUPPORT: @360334 We want to help. Send us a DM and we'll look into this further with you. https://t.co/GDrqU22YpT",@360334 We want to help. Send us a DM and we'll look into this further with you. https://t.co/GDrqU22YpT,5,3,2,SUPPORT_RESPONSE_PRESENT
apple_1015754,"@115858 thanks for all the updates, bit@can we do something about battery life??","CUSTOMER: @115858 thanks for all the updates, bit@can we do something about battery life??
SUPPORT: @330989 We'd like to assist as best we can. What exactly are you seeing happen?
CUSTOMER: @AppleSupport Ever since I updated to iOS 11, it drains my battery way faster than it used to. Using an iPhone 7+
SUPPORT: @330989 We understand the importance of battery life. DM us any details of steps you have tried and we'll work together there. https://t.co/GDrqU22YpT
CUSTOMER: @AppleSupport I don’t know of any steps. That’s why I asked y’all
SUPPORT: @330989 We are here to help. Click the link to join us in DM and we'll get started. https://t.co/GDrqU22YpT",@330989 We are here to help. Click the link to join us in DM and we'll get started. https://t.co/GDrqU22YpT,6,3,3,SUPPORT_RESPONSE_PRESENT
apple_1015761,@AppleSupport I’ve been for a walk which I tracked with my Apple Watch. It didn’t count against exercise ring closing though. Why? https://t.co/aZvXHcswZX,"CUSTOMER: @AppleSupport I’ve been for a walk which I tracked with my Apple Watch. It didn’t count against exercise ring closing though. Why? https://t.co/aZvXHcswZX
SUPPORT: @205821 It's important that your goals are tracked; we'll do all we can to help. To start, would you consider the walk a fast walk?
CUSTOMER: @AppleSupport It was. I ended up contacting Apple Care and am going to try a few things to resolve it.
SUPPORT: @205821 That sounds like a good plan. Let us know if you have anything else we can help with. We're here for you.",@205821 That sounds like a good plan. Let us know if you have anything else we can help with. We're here for you.,4,2,2,SUPPORT_RESPONSE_PRESENT
apple_1015849,"Wonder if you can help..@AppleSupport, slot of ‘docs &amp; data’ but no idea what this is &amp; I have no music/songs yet says 33??? https://t.co/BEKY9WlPWn","CUSTOMER: Wonder if you can help..@AppleSupport, slot of ‘docs &amp; data’ but no idea what this is &amp; I have no music/songs yet says 33??? https://t.co/BEKY9WlPWn
SUPPORT: @142168 We'd be delighted to look into this with you further. This article goes over what each data type includes: https://t.co/0yFHFRYSnX",@142168 We'd be delighted to look into this with you further. This article goes over what each data type includes: https://t.co/0yFHFRYSnX,2,1,1,SUPPORT_RESPONSE_PRESENT
apple_1015867,"@AppleSupport Hi, can you tell me why I can no longer open multiple PDFs in the same window in Preview? This is in High Sierra...","CUSTOMER: @AppleSupport Hi, can you tell me why I can no longer open multiple PDFs in the same window in Preview? This is in High Sierra...
SUPPORT: @281078 We're at your service. What happens when you try to open more than one PDF? DM us your reply: https://t.co/GDrqU22YpT",@281078 We're at your service. What happens when you try to open more than one PDF? DM us your reply: https://t.co/GDrqU22YpT,2,1,1,SUPPORT_RESPONSE_PRESENT
apple_1015876,I'm using iOS 9.3.5 on my 2 years old iPhone6 and it heats up crazy causing it to drain my battery. What's wrong? #apple @115858,"CUSTOMER: I'm using iOS 9.3.5 on my 2 years old iPhone6 and it heats up crazy causing it to drain my battery. What's wrong? #apple @115858
SUPPORT: @360361 We'll be happy to see how we can help. DM us your country to get started. https://t.co/GDrqU22YpT",@360361 We'll be happy to see how we can help. DM us your country to get started. https://t.co/GDrqU22YpT,2,1,1,SUPPORT_RESPONSE_PRESENT
apple_1015882,"@AppleSupport the wifi&amp; Bluetooth always automatically on,even I turn int off. Battery ruin so fast &amp; phone getting heat.","CUSTOMER: @AppleSupport the wifi&amp; Bluetooth always automatically on,even I turn int off. Battery ruin so fast &amp; phone getting heat.
SUPPORT: @360363 We want to get to the bottom of what you are seeing. Could you join us in DM to get started? https://t.co/GDrqU22YpT",@360363 We want to get to the bottom of what you are seeing. Could you join us in DM to get started? https://t.co/GDrqU22YpT,2,1,1,SUPPORT_RESPONSE_PRESENT
apple_1015892,@AppleSupport why does wifi turn on all day??? It gets me crazy...,"CUSTOMER: @AppleSupport why does wifi turn on all day??? It gets me crazy...
SUPPORT: @360367 Depending on how you're disabling Wi-Fi, it could be expected behavior. Check out https://t.co/G7BHuQnDS6 for details.","@360367 Depending on how you're disabling Wi-Fi, it could be expected behavior. Check out https://t.co/G7BHuQnDS6 for details.",2,1,1,SUPPORT_RESPONSE_PRESENT
apple_1016431,"Hi, have iOS 11.0.3 &amp; battery is draining faster than the stampede for the buffet at fat camp. Help? 🤷🏻‍♀️ @AppleSupport","CUSTOMER: Hi, have iOS 11.0.3 &amp; battery is draining faster than the stampede for the buffet at fat camp. Help? 🤷🏻‍♀️ @AppleSupport
SUPPORT: @360489 We’ve got your back. That’s not what we’d like to hear. Please let us know more about the changes via DM. https://t.co/GDrqU22YpT
CUSTOMER: @AppleSupport @360489 I’ve noticed that too 🤔",@360489 We’ve got your back. That’s not what we’d like to hear. Please let us know more about the changes via DM. https://t.co/GDrqU22YpT,3,2,1,SUPPORT_RESPONSE_PRESENT
apple_1016433,Your new update is absolute trash. My brightness keeps changing all the time. Is there any way I can go back in time and uninstall it?@115858,"CUSTOMER: Your new update is absolute trash. My brightness keeps changing all the time. Is there any way I can go back in time and uninstall it?@115858
SUPPORT: @360491 Let's try disabling the Auto-Brightness feature from Settings &gt; General &gt; Accessibility &gt; Display Accommodations for that.",@360491 Let's try disabling the Auto-Brightness feature from Settings &gt; General &gt; Accessibility &gt; Display Accommodations for that.,2,1,1,SUPPORT_RESPONSE_PRESENT
apple_1016436,@AppleSupport is there going to be a fix on the new update. My iPhone 6 is completely ruined since I updated!! 😡😡😡😡,"CUSTOMER: @AppleSupport is there going to be a fix on the new update. My iPhone 6 is completely ruined since I updated!! 😡😡😡😡
SUPPORT: @360492 Hi, can you tell us more about what you've been experiencing? We'll see what we can do to help.
CUSTOMER: @AppleSupport It’s freezing all the time, when I open apps it freezes, it turns itself off. Ever since I updated to 11.3
SUPPORT: @360492 We're gonna want to look into the best support options for your region. DM and let us know what country you're in. https://t.co/GDrqU22YpT",@360492 We're gonna want to look into the best support options for your region. DM and let us know what country you're in. https://t.co/GDrqU22YpT,4,2,2,SUPPORT_RESPONSE_PRESENT
apple_1016440,@115858 your new iOS needs some work...bottom-up swipe inop. Please fix ASAP. #whatwouldstevejobssay,"CUSTOMER: @115858 your new iOS needs some work...bottom-up swipe inop. Please fix ASAP. #whatwouldstevejobssay
SUPPORT: @360493 We want to help. Send us a DM with additional details, and we'll get started. https://t.co/GDrqU22YpT","@360493 We want to help. Send us a DM with additional details, and we'll get started. https://t.co/GDrqU22YpT",2,1,1,SUPPORT_RESPONSE_PRESENT
apple_1016443,iOS 11 has literally made my iPhone so slow! 🙃🙃🙃🙃,"CUSTOMER: iOS 11 has literally made my iPhone so slow! 🙃🙃🙃🙃
CUSTOMER: @360494 Mine too and today I’ve tried iPhone 8 Plus and is laggy also. A nightmare ios11 @AppleSupport
SUPPORT: @357575 If you're having issues with iOS 11 on your devices, please drop us a DM so we can assist! https://t.co/GDrqU22YpT","@357575 If you're having issues with iOS 11 on your devices, please drop us a DM so we can assist! https://t.co/GDrqU22YpT",3,2,1,SUPPORT_RESPONSE_PRESENT
apple_1016445,The @115858 TV has become very buggy of late 😣 @AppleSupport,"CUSTOMER: The @115858 TV has become very buggy of late 😣 @AppleSupport
SUPPORT: @360495 Let's get you in touch with our Apple TV experts. You can reach them here:  https://t.co/IBIY3vMgPj",@360495 Let's get you in touch with our Apple TV experts. You can reach them here:  https://t.co/IBIY3vMgPj,2,1,1,SUPPORT_RESPONSE_PRESENT
apple_1016448,"Anyone else download iOS 11 and find Maps GPS doesn’t match actual location? Incredibly dangerous while driving. Come on, @115858","CUSTOMER: Anyone else download iOS 11 and find Maps GPS doesn’t match actual location? Incredibly dangerous while driving. Come on, @115858
SUPPORT: @360497 Thanks for letting us know, we’d like to help get that resolved. Please reach out to us in DM and let us know more. https://t.co/GDrqU22YpT
CUSTOMER: @360497 @115858 Yes! Wtf?
SUPPORT: @360496 We'd like to help with this. DM us some more details and we can work together. https://t.co/GDrqU22YpT",@360496 We'd like to help with this. DM us some more details and we can work together. https://t.co/GDrqU22YpT,4,2,2,SUPPORT_RESPONSE_PRESENT
apple_1016451,"@AppleSupport unable to download any apps from App Store...I click download, do fingerprint verification, then the wheel just keeps spinning","CUSTOMER: @AppleSupport unable to download any apps from App Store...I click download, do fingerprint verification, then the wheel just keeps spinning
SUPPORT: @360498 We're here for you. Send us a DM, and we'll take a closer look at the issue together. https://t.co/GDrqU22YpT","@360498 We're here for you. Send us a DM, and we'll take a closer look at the issue together. https://t.co/GDrqU22YpT",2,1,1,SUPPORT_RESPONSE_PRESENT
apple_1016749,This iPhone update SUCKS! Takes me five tries to send a text when I click on a number in contacts. What’s the deal @116333?!,"CUSTOMER: This iPhone update SUCKS! Takes me five tries to send a text when I click on a number in contacts. What’s the deal @116333?!
CUSTOMER: @158636 @116333 My phone no longer rings after the update!!!
CUSTOMER: @158636 @116333 Mine keeps dropping the WiFi signal ever since the update 😡😡
SUPPORT: @362694 We'd like to help with this. DM us and let us know which iPhone you currently have. https://t.co/GDrqU22YpT
SUPPORT: @362685 We'd like to look into that. If you're willing, DM us specifics and we'll begin. https://t.co/GDrqU22YpT
SUPPORT: @158636 We'd like to help, Roland. Send us a DM. We'll take a look at this together. https://t.co/GDrqU22YpT
CUSTOMER: @AppleSupport @158636 APPLE SUCKS!! Never replies to DMs, never keeps its word!!
CUSTOMER: @AppleSupport @362685 mine too
CUSTOMER: @158636 @116333 With the update I am experiencing dropped calls.  Never had this happen before.  🤦🏽‍♀️
SUPPORT: @365597 We would like to take a closer look to see how we can help. Let us know in DM which device you have. https://t.co/GDrqU22YpT",@365597 We would like to take a closer look to see how we can help. Let us know in DM which device you have. https://t.co/GDrqU22YpT,10,6,4,SUPPORT_RESPONSE_PRESENT
apple_1016755,my phone just went from 100 to 77 in 5 minutes uhhhh what the fuck apple @115858,"CUSTOMER: my phone just went from 100 to 77 in 5 minutes uhhhh what the fuck apple @115858
SUPPORT: @360567 We'd be happy to help. Send us a DM with a few more details. https://t.co/GDrqU22YpT
CUSTOMER: @AppleSupport @360567 LIARS!! You never help!
CUSTOMER: @AppleSupport @360567 All they send are pretyped replies!",@360567 We'd be happy to help. Send us a DM with a few more details. https://t.co/GDrqU22YpT,4,3,1,SUPPORT_RESPONSE_PRESENT
apple_1016765,@AppleSupport why my games not working on my phone ? 😑🤔,"CUSTOMER: @AppleSupport why my games not working on my phone ? 😑🤔
SUPPORT: @360569 We can help out. What occurs when attempting to launch/play games on your iPhone?
CUSTOMER: @AppleSupport @360569 SMH! HELLO APPLE???? Answer my DM!
CUSTOMER: @AppleSupport Only the Game Center logo shows but no games come up .
SUPPORT: @360569 Reach out to us via DM, then we can advise you on this from there. https://t.co/GDrqU22YpT","@360569 Reach out to us via DM, then we can advise you on this from there. https://t.co/GDrqU22YpT",5,3,2,SUPPORT_RESPONSE_PRESENT
apple_1016769,@AppleSupport: do you happen to know why they’re ghosted out? Thanks! #iOS #iphone7 #wondering #help #photos #cameraroll https://t.co/4etUoKvQeO,"CUSTOMER: @AppleSupport: do you happen to know why they’re ghosted out? Thanks! #iOS #iphone7 #wondering #help #photos #cameraroll https://t.co/4etUoKvQeO
SUPPORT: @360570 Hi, we'd like to have you reach out to our Photos team for assistance on this issue. Here's how: https://t.co/IBIY3vMgPj
CUSTOMER: @AppleSupport @360570 SMH! HELLO APPLE???? Answer my DM!","@360570 Hi, we'd like to have you reach out to our Photos team for assistance on this issue. Here's how: https://t.co/IBIY3vMgPj",3,2,1,SUPPORT_RESPONSE_PRESENT
apple_1016773,Well the new Apple update has just destroyed my battery life 🤗 thanks @115858 👍,"CUSTOMER: Well the new Apple update has just destroyed my battery life 🤗 thanks @115858 👍
SUPPORT: @360571 Let's take a closer look as we want you to have as long a battery as possible. Which model is it and is iOS 11.0.3 on it?
CUSTOMER: @AppleSupport Yes completely up to date with 11.0.3 and it’s an iPhone 7 Plus 128gb
SUPPORT: @360571 We'd like to gather more information. Please meet us in DM, so we can gather this securely. https://t.co/GDrqU22YpT","@360571 We'd like to gather more information. Please meet us in DM, so we can gather this securely. https://t.co/GDrqU22YpT",4,2,2,SUPPORT_RESPONSE_PRESENT
apple_1016780,iOS 11.0.3 seems to make my battery die super quick. @AppleSupport,"CUSTOMER: iOS 11.0.3 seems to make my battery die super quick. @AppleSupport
SUPPORT: @360572 We want you to enjoy your device. Which device are you using with iOS 11.0.3?
CUSTOMER: @AppleSupport @360572 Keno you and most of us posting here! This is apples way of making us upgrade to the new 8 model
CUSTOMER: @AppleSupport iPhone 7
CUSTOMER: @176402 @AppleSupport Meh, won’t get the 8, would get the X
SUPPORT: @360572 Thanks! Let's take a look at this together in DM. https://t.co/GDrqU22YpT
CUSTOMER: @AppleSupport @360572 Liars!!! APPLE IS DISHONEST!!
CUSTOMER: @360572 @AppleSupport Drains mine as well. Apple can’t and will not help. Every since @116333 has been in charge, Apple sucks!",@360572 Thanks! Let's take a look at this together in DM. https://t.co/GDrqU22YpT,8,6,2,SUPPORT_RESPONSE_PRESENT
apple_1016783,Don’t even get me started on how long I’ve been waiting for the Florence + the Machine download @AppleSupport,"CUSTOMER: Don’t even get me started on how long I’ve been waiting for the Florence + the Machine download @AppleSupport
SUPPORT: @360573 We'd like to help you out. DM us some more details and we can get started. https://t.co/GDrqU22YpT",@360573 We'd like to help you out. DM us some more details and we can get started. https://t.co/GDrqU22YpT,2,1,1,SUPPORT_RESPONSE_PRESENT
apple_1016878,@AppleSupport its saying mail is using 1.56GB but I haven't got my email set up? https://t.co/s7jwnqqjNK,"CUSTOMER: @AppleSupport its saying mail is using 1.56GB but I haven't got my email set up? https://t.co/s7jwnqqjNK
SUPPORT: @360597 Let's look into that. Send us a DM and we'll go from there. https://t.co/GDrqU22YpT",@360597 Let's look into that. Send us a DM and we'll go from there. https://t.co/GDrqU22YpT,2,1,1,SUPPORT_RESPONSE_PRESENT
apple_1016882,"@AppleSupport Hi I installed ios11.0.3 on my iPhone 6 and since then it is glitching like crazy when I write, when I use Apple car play etc","CUSTOMER: @AppleSupport Hi I installed ios11.0.3 on my iPhone 6 and since then it is glitching like crazy when I write, when I use Apple car play etc
SUPPORT: @360598 We'll be glad to assist as best we can. Are you seeing these issues mostly in specific apps or does it happen anywhere?
CUSTOMER: @AppleSupport When I write it lags on every app, the battery life is very low, when in Apple car play Siri works 1/2 and sometimes apps crash at launch
SUPPORT: @360598 We'll be happy to assist. Let's dig in further via DM. Join us there and we'll continue there. https://t.co/GDrqU22YpT",@360598 We'll be happy to assist. Let's dig in further via DM. Join us there and we'll continue there. https://t.co/GDrqU22YpT,4,2,2,SUPPORT_RESPONSE_PRESENT
apple_1016895,@115858 new ios 11 is awfully wrong!! Keeps on freezing needing a full restart twice per day!  You are killing your values! Need to solve it!,"CUSTOMER: @115858 new ios 11 is awfully wrong!! Keeps on freezing needing a full restart twice per day!  You are killing your values! Need to solve it!
SUPPORT: @360602 We'd be happy to review this for you. Are you experiencing this issue on the latest version of iOS 11.0.3?
CUSTOMER: @AppleSupport Yes, with all of them. Now 11.0.3, still freezing and having to hard reboot!  Very angry and disappointed... i have a 6s. Never repaired.
SUPPORT: @360602 We certainly want your iPhone to function the way you expect it to. DM us &amp; let us know when your iPhone was updated to 11.0.3. https://t.co/GDrqU22YpT",@360602 We certainly want your iPhone to function the way you expect it to. DM us &amp; let us know when your iPhone was updated to 11.0.3. https://t.co/GDrqU22YpT,4,2,2,SUPPORT_RESPONSE_PRESENT
apple_1016899,@AppleSupport This is what actually happening Post iOS 11. Could you please support here. https://t.co/exvNA93pF1,"CUSTOMER: @AppleSupport This is what actually happening Post iOS 11. Could you please support here. https://t.co/exvNA93pF1
SUPPORT: @360603 Of course. We're happy to help. Send us a DM and let us know which iOS 11 version you're running specifically. https://t.co/GDrqU22YpT
CUSTOMER: @AppleSupport iOS 11.0.3
SUPPORT: @360603 We've received your DM. We'll continue the conversation there.",@360603 We've received your DM. We'll continue the conversation there.,4,2,2,SUPPORT_RESPONSE_PRESENT
apple_1016903,@applesupport HELP ASAP. My phone has been acting funny all day and when i turned off and turned it off it has stayed like this... https://t.co/9WsWwvxLJ1,"CUSTOMER: @applesupport HELP ASAP. My phone has been acting funny all day and when i turned off and turned it off it has stayed like this... https://t.co/9WsWwvxLJ1
SUPPORT: @360604 We'd be happy to assist today. Send us a DM to get started. https://t.co/GDrqU22YpT
CUSTOMER: @AppleSupport Went to apple shop and got it sorted ! Thanks !",@360604 We'd be happy to assist today. Send us a DM to get started. https://t.co/GDrqU22YpT,3,2,1,SUPPORT_RESPONSE_PRESENT
apple_1016905,Thanks @AppleSupport for the new ISO update. It deleted all my contacts! #suchfun #annoyedthatmyphoneupdated,"CUSTOMER: Thanks @AppleSupport for the new ISO update. It deleted all my contacts! #suchfun #annoyedthatmyphoneupdated
SUPPORT: @360605 We're here to help. DM us which iOS device you're using and we can take a look at this. https://t.co/GDrqU22YpT",@360605 We're here to help. DM us which iOS device you're using and we can take a look at this. https://t.co/GDrqU22YpT,2,1,1,SUPPORT_RESPONSE_PRESENT
apple_1016913,This new @115858 update got my phone going crazy,"CUSTOMER: This new @115858 update got my phone going crazy
SUPPORT: @360606 This is not the experience we want you to have. Which iPhone model do you own?
CUSTOMER: @AppleSupport 7 plus
SUPPORT: @360606 Awesome! Thank you! Just to confirm, could you tell us which iOS version you're using?
CUSTOMER: @AppleSupport 11.0.3
SUPPORT: @360606 Awesome! So we can get a better understanding, could you tell us a little more about the behavior you're experiencing?
CUSTOMER: @AppleSupport In text message bar disappear, phone continually freeze, app have to be closed and open again, phone shut off and back on, lose signal, etc
SUPPORT: @360606 Thank you for letting us know. Could you DM us and we can begin from there? https://t.co/GDrqU22YpT",@360606 Thank you for letting us know. Could you DM us and we can begin from there? https://t.co/GDrqU22YpT,8,4,4,SUPPORT_RESPONSE_PRESENT
apple_1016938,@AppleSupport get your shit together... can’t send or receive picture texts,"CUSTOMER: @AppleSupport get your shit together... can’t send or receive picture texts
SUPPORT: @360613 Hello. Please send us a DM. We'd like to chat more with you there. Thanks. https://t.co/GDrqU22YpT",@360613 Hello. Please send us a DM. We'd like to chat more with you there. Thanks. https://t.co/GDrqU22YpT,2,1,1,SUPPORT_RESPONSE_PRESENT
apple_1017100,@AppleSupport why does my iPhone 5s get heated too much when I connect it to ipro power bank?,"CUSTOMER: @AppleSupport why does my iPhone 5s get heated too much when I connect it to ipro power bank?
SUPPORT: @360647 We're here to help. Reach out to us via DM, then we can work with you on this from there. https://t.co/GDrqU22YpT","@360647 We're here to help. Reach out to us via DM, then we can work with you on this from there. https://t.co/GDrqU22YpT",2,1,1,SUPPORT_RESPONSE_PRESENT
apple_1017118,@AppleSupport why has this app came up when I updated to iOS 11 https://t.co/8CUCKeC7qv,"CUSTOMER: @AppleSupport why has this app came up when I updated to iOS 11 https://t.co/8CUCKeC7qv
SUPPORT: @280279 We can shed some light on that for you.  Please meet us in DM to continue. https://t.co/GDrqU22YpT",@280279 We can shed some light on that for you.  Please meet us in DM to continue. https://t.co/GDrqU22YpT,2,1,1,SUPPORT_RESPONSE_PRESENT
apple_1017130,"@AppleSupport Hi guys. If in a future update you could add support roten lossless compressed Fuji raw files, that would be great. Thanks.","CUSTOMER: @AppleSupport Hi guys. If in a future update you could add support roten lossless compressed Fuji raw files, that would be great. Thanks.
SUPPORT: @360656 Hello there. We value your suggestions and feedback. Please submit them here: https://t.co/eTPVYVFyd8
CUSTOMER: @AppleSupport Thanks. Done.",@360656 Hello there. We value your suggestions and feedback. Please submit them here: https://t.co/eTPVYVFyd8,3,2,1,SUPPORT_RESPONSE_PRESENT
apple_1017132,@AppleSupport hey apple my alarm is not working on my phone i already deleted every alarm and set up one again &amp; still nit working,"CUSTOMER: @AppleSupport hey apple my alarm is not working on my phone i already deleted every alarm and set up one again &amp; still nit working
SUPPORT: @360657 Good thinking on that troubleshooting. Please meet us in DM and we can work together. https://t.co/GDrqU22YpT",@360657 Good thinking on that troubleshooting. Please meet us in DM and we can work together. https://t.co/GDrqU22YpT,2,1,1,SUPPORT_RESPONSE_PRESENT
apple_1017143,Phone slow and terrible after recent @115858 update! #nothappy,"CUSTOMER: Phone slow and terrible after recent @115858 update! #nothappy
SUPPORT: @360662 We'd be happy to check into what's going on. Which iPhone model do you have? Is it slow with certain services?",@360662 We'd be happy to check into what's going on. Which iPhone model do you have? Is it slow with certain services?,2,1,1,SUPPORT_RESPONSE_PRESENT
apple_1017145,"@115858 , how the fuck am i going to ever find my phone if every god damn time i log onto myfindiphone &amp; it asks for a verification #","CUSTOMER: @115858 , how the fuck am i going to ever find my phone if every god damn time i log onto myfindiphone &amp; it asks for a verification #
SUPPORT: @360663 We can help you with that.  Send us a DM, and we'll get started. https://t.co/GDrqU22YpT","@360663 We can help you with that.  Send us a DM, and we'll get started. https://t.co/GDrqU22YpT",2,1,1,SUPPORT_RESPONSE_PRESENT
apple_1017149,"@AppleSupport hi, how to settle this??? Didnt get any text for verification code. Call also.... Help me plz https://t.co/PUkTfRB3hc","CUSTOMER: @AppleSupport hi, how to settle this??? Didnt get any text for verification code. Call also.... Help me plz https://t.co/PUkTfRB3hc
SUPPORT: @360665 We'd like to help get you pointed in the right direction. Send us a DM &amp; we'll continue there. https://t.co/GDrqU22YpT",@360665 We'd like to help get you pointed in the right direction. Send us a DM &amp; we'll continue there. https://t.co/GDrqU22YpT,2,1,1,SUPPORT_RESPONSE_PRESENT
apple_1017485,Hey @AppleSupport the new iOS update keeps crashing my phone. What is going on?,"CUSTOMER: Hey @AppleSupport the new iOS update keeps crashing my phone. What is going on?
SUPPORT: @301283 Let's check this out together. Send us a DM with more information and we'll work from there: https://t.co/GDrqU22YpT",@301283 Let's check this out together. Send us a DM with more information and we'll work from there: https://t.co/GDrqU22YpT,2,1,1,SUPPORT_RESPONSE_PRESENT
apple_1017489,"@AppleSupport - upgrade not only drains battery, I can only send and receive texts when connected to the internet. #worstupgradeever","CUSTOMER: @AppleSupport - upgrade not only drains battery, I can only send and receive texts when connected to the internet. #worstupgradeever
SUPPORT: @360742 We'd like to look into this with you. Send us a DM by clicking on the link below. We'll continue there. https://t.co/GDrqU22YpT
CUSTOMER: @AppleSupport Just sent a DM with issues I’m experiencing from the upgrade.",@360742 We'd like to look into this with you. Send us a DM by clicking on the link below. We'll continue there. https://t.co/GDrqU22YpT,3,2,1,SUPPORT_RESPONSE_PRESENT
apple_1017491,¿CÓMO ME CONTACTO CON ALGUIEN EN @AppleSupport?,"CUSTOMER: ¿CÓMO ME CONTACTO CON ALGUIEN EN @AppleSupport?
SUPPORT: @360743 We offer support via Twitter in English. Get help in Spanish here: https://t.co/IBIY3vMgPj or join https://t.co/OczyRx7IOs",@360743 We offer support via Twitter in English. Get help in Spanish here: https://t.co/IBIY3vMgPj or join https://t.co/OczyRx7IOs,2,1,1,SUPPORT_RESPONSE_PRESENT
apple_1017791,"@AppleSupport Also, my Mac Pro (late 2013) makes a really annoying high pitching whining noise. This thing has been a headache since day 1.","CUSTOMER: @AppleSupport Also, my Mac Pro (late 2013) makes a really annoying high pitching whining noise. This thing has been a headache since day 1.
SUPPORT: @135633 We're happy to help. Just to clarify, the computer reboots to a black screen after creating the Windows partition?
CUSTOMER: @AppleSupport Thats right… After trying a few times and not having a clue what could be the issue I tried a different monitor and it worked!? All good now
SUPPORT: @135633 We're glad to hear it. Feel free to reach out if you run into anymore issues with that.",@135633 We're glad to hear it. Feel free to reach out if you run into anymore issues with that.,4,2,2,SUPPORT_RESPONSE_PRESENT
apple_1017794,@AppleSupport i accidentally deleted the mail icon from my iphone. how do i get the icon back?,"CUSTOMER: @AppleSupport i accidentally deleted the mail icon from my iphone. how do i get the icon back?
SUPPORT: @218779 We're happy to assist today. Go in to the App Store, search for ""Mail"" then re-download the application.","@218779 We're happy to assist today. Go in to the App Store, search for ""Mail"" then re-download the application.",2,1,1,SUPPORT_RESPONSE_PRESENT
apple_1017799,#Annoying the #iOS update 11.0.3 is draining the battery life faster than ever. It’snt #cool @115858 @AppleSupport 📱was good on iOS10 #fixit,"CUSTOMER: #Annoying the #iOS update 11.0.3 is draining the battery life faster than ever. It’snt #cool @115858 @AppleSupport 📱was good on iOS10 #fixit
SUPPORT: @360811 Send us a DM and let us know what device you're using. We'll have a look at this together. https://t.co/GDrqU22YpT",@360811 Send us a DM and let us know what device you're using. We'll have a look at this together. https://t.co/GDrqU22YpT,2,1,1,SUPPORT_RESPONSE_PRESENT
apple_1017802,Why are there no wired apple keyboard with numeric keypad available any more? @AppleSupport,"CUSTOMER: Why are there no wired apple keyboard with numeric keypad available any more? @AppleSupport
SUPPORT: @360812 To be sure we are providing accurate information, could you please confirm the country you're contacting us from?
CUSTOMER: @AppleSupport The Netherlands","@360812 To be sure we are providing accurate information, could you please confirm the country you're contacting us from?",3,2,1,SUPPORT_RESPONSE_PRESENT
apple_1017832,@AppleSupport When attempting to download apps frm my mac ı get connection failed message how can I fix this?Tried evrythng but nthng worked,"CUSTOMER: @AppleSupport When attempting to download apps frm my mac ı get connection failed message how can I fix this?Tried evrythng but nthng worked
SUPPORT: @360822 Thanks for reaching out. We'd be happy to help. To clarify, are you using the Mac App Store? Does this happen with all apps?","@360822 Thanks for reaching out. We'd be happy to help. To clarify, are you using the Mac App Store? Does this happen with all apps?",2,1,1,SUPPORT_RESPONSE_PRESENT
apple_1017834,". @AppleSupport preciso do meu telefone funcionando. Antes ñ saia do nível 100% de bateria. Agora mostra que esta carregando, porem ñ liga.","CUSTOMER: . @AppleSupport preciso do meu telefone funcionando. Antes ñ saia do nível 100% de bateria. Agora mostra que esta carregando, porem ñ liga.
SUPPORT: @360823 Since our Twitter support is available in English, get help at https://t.co/IBIY3vMgPj or join https://t.co/pvaOFfPbjt","@360823 Since our Twitter support is available in English, get help at https://t.co/IBIY3vMgPj or join https://t.co/pvaOFfPbjt",2,1,1,SUPPORT_RESPONSE_PRESENT
apple_1017840,Not sure what vibes I give out that makes @AppleSupport think I step on my iPhone screen on a daily basis....  @115858 https://t.co/ZMuWpL5S1g,"CUSTOMER: Not sure what vibes I give out that makes @AppleSupport think I step on my iPhone screen on a daily basis....  @115858 https://t.co/ZMuWpL5S1g
SUPPORT: @360824 Thanks for reaching out. DM us more info about your experience and we'll get you to the right spot. https://t.co/GDrqU22YpT
CUSTOMER: @AppleSupport I will DM you the transcript of my convo with P.",@360824 Thanks for reaching out. DM us more info about your experience and we'll get you to the right spot. https://t.co/GDrqU22YpT,3,2,1,SUPPORT_RESPONSE_PRESENT
apple_1017843,"@AppleSupport After the #HighSierra  update, my MacBook's logic board is dead. It was working perfectly fine prior to the update.","CUSTOMER: @AppleSupport After the #HighSierra  update, my MacBook's logic board is dead. It was working perfectly fine prior to the update.
CUSTOMER: @AppleSupport Should I tag @116333  then you will answer? Is the update for taking ₹42000 out of my pocket.. 😒
SUPPORT: @360825 Thanks for reaching out. DM us more info about your experience and we'll get you to the right spot. https://t.co/GDrqU22YpT",@360825 Thanks for reaching out. DM us more info about your experience and we'll get you to the right spot. https://t.co/GDrqU22YpT,3,2,1,SUPPORT_RESPONSE_PRESENT
apple_1018091,@AppleSupport struggling to update to 11.03. Everything has been wiped from my phone &amp; I can't even get it to restore factory settings 😡,"CUSTOMER: @AppleSupport struggling to update to 11.03. Everything has been wiped from my phone &amp; I can't even get it to restore factory settings 😡
SUPPORT: @360890 We'd like to work with you. Let's take a look at this together in DM. https://t.co/GDrqU22YpT
CUSTOMER: @AppleSupport DM sent.
CUSTOMER: @AppleSupport ....and here we are again, this time with the ipad.... 
not had any problems with previous updates, so why this time???
SUPPORT: @360890 We're here to help. What's happening with your iPad?
CUSTOMER: @AppleSupport Sorted now - another 4 hours of my life I won’t get back...🙄",@360890 We're here to help. What's happening with your iPad?,6,4,2,SUPPORT_RESPONSE_PRESENT
apple_1018107,@115858 - 👀 at network activity icon. Background refresh is off. What r u doing behind the scenes that’s KILLING my battery?!?! https://t.co/q8NYNePdi5,"CUSTOMER: @115858 - 👀 at network activity icon. Background refresh is off. What r u doing behind the scenes that’s KILLING my battery?!?! https://t.co/q8NYNePdi5
CUSTOMER: @115858 And... no I won't DM you. This is clearly a problem for all iPhone users who upgraded/updated. Share issue publicly for everyone to read.
SUPPORT: @360891 We can work with you here. May we ask which iOS version you're using? Also, have you just recently updated your iPhone?
CUSTOMER: @AppleSupport And... yes. Recently. This is a software, Apple problem... not a user, device problem. I’m using the correct charger, etc. https://t.co/veDls90PLM
CUSTOMER: @AppleSupport As a corollary: I spent ~$1,000 on my #iPhone6Plus (not my current phone) about 2 years ago and now it’s unusable.
CUSTOMER: @AppleSupport Might consider changing your price point. If same happens to current 📱, I’m moving on. Been a loyal cs for a LONG time. #PlannedObsolescence
SUPPORT: @360891 We'd like to learn more about what you're experiencing with the beta. Please send us a DM. https://t.co/GDrqU22YpT
CUSTOMER: @AppleSupport No thanks. Maybe you should have someone(thing) other than a bot respond. See: https://t.co/IEz507qmN0
CUSTOMER: @AppleSupport I guess @115858 bots are only good for routing traffic. Respond in a non-normative fashion and get 🦗🦗🦗.
CUSTOMER: @AppleSupport It’s beginning to look like this will be my last iPhone. Sadly, two days after Steve passed, I predicted this, down to the year that 1/
CUSTOMER: @AppleSupport Apple would start falling apart. Success &amp; growth blind executive leadership to internal problems unless 1 actively works to uncover them 2/
CUSTOMER: @AppleSupport I learned that from @75959 in 2008 and heard it again today from Howard Schultz (@30973) on a podcast he was on recently. 3/
CUSTOMER: @AppleSupport Hard to argue the truth of that statement based on the success of those who practice it. To aggravate matters 4/
CUSTOMER: @AppleSupport @116333 has chosen what he considers to be the “right” horses (in the context of Steve’s talk at D8 in 2010) for Apple to ride. 5/
CUSTOMER: @AppleSupport Problem is focus. decline in quality is the byproduct of his focus being more on social issues than on maturing ascendant technology. 6/end",@360891 We'd like to learn more about what you're experiencing with the beta. Please send us a DM. https://t.co/GDrqU22YpT,15,13,2,SUPPORT_RESPONSE_PRESENT
apple_1018111,@applesupport my iPad won’t update to iOS 11.0.3,"CUSTOMER: @applesupport my iPad won’t update to iOS 11.0.3
SUPPORT: @360892 Updates are important &amp; we can help. When updating do you receive any error messages? Are you updating over Wi-Fi or iTunes? https://t.co/GDrqU22YpT
CUSTOMER: @AppleSupport No I don’t see any error message and I’m updating over WiFi
SUPPORT: @360892 Thanks. Please DM us what happens when you attempt to complete the update. https://t.co/GDrqU22YpT",@360892 Thanks. Please DM us what happens when you attempt to complete the update. https://t.co/GDrqU22YpT,4,2,2,SUPPORT_RESPONSE_PRESENT
apple_1018114,Since #iOS11 my notifications have been messed up. Can you sort it out please @115858,"CUSTOMER: Since #iOS11 my notifications have been messed up. Can you sort it out please @115858
SUPPORT: @201491 We're happy to assist. Which iOS 11 version are you currently running? Go to Settings &gt; General &gt; About for the version.
CUSTOMER: @AppleSupport It’s not everyday what version. Bye.",@201491 We're happy to assist. Which iOS 11 version are you currently running? Go to Settings &gt; General &gt; About for the version.,3,2,1,SUPPORT_RESPONSE_PRESENT
apple_1018118,@115858 Ross Park Mall in Pittsburgh. Came in to spend a few thousand $. Told associate will be right with us. 10 minutes later...no one.,"CUSTOMER: @115858 Ross Park Mall in Pittsburgh. Came in to spend a few thousand $. Told associate will be right with us. 10 minutes later...no one.
CUSTOMER: @115858 We go over to two associates standing around. They tell us they will be right over. 10 minutes later they walk past us to help someone else.
CUSTOMER: @115858 We are there with a baby waiting for them to finish helping this person. They finish a few minutes later and walk past us again.
SUPPORT: @360893 We'd be happy to hear more about your experience. DM us, and we'll continue from there. https://t.co/GDrqU22YpT","@360893 We'd be happy to hear more about your experience. DM us, and we'll continue from there. https://t.co/GDrqU22YpT",4,3,1,SUPPORT_RESPONSE_PRESENT
apple_1018254,i have only been up for an hour and a half &amp; have barely used my phone but my battery is on 50% WTFFFFFFF @AppleSupport,"CUSTOMER: i have only been up for an hour and a half &amp; have barely used my phone but my battery is on 50% WTFFFFFFF @AppleSupport
SUPPORT: @360922 We'd like to help you out. DM us with what type of iPhone you have, along with your current iOS version. https://t.co/GDrqU22YpT","@360922 We'd like to help you out. DM us with what type of iPhone you have, along with your current iOS version. https://t.co/GDrqU22YpT",2,1,1,SUPPORT_RESPONSE_PRESENT
apple_1018301,#iMac help? @115858 my wireless keyboard won’t connect to iMac so cant enter password 2 access Mac. Wireless trackpad fine. Batteries fine.,"CUSTOMER: #iMac help? @115858 my wireless keyboard won’t connect to iMac so cant enter password 2 access Mac. Wireless trackpad fine. Batteries fine.
SUPPORT: @360933 We'd be happy to look into this with you.  Please reach out to us via DM and we'll get started. https://t.co/GDrqU22YpT",@360933 We'd be happy to look into this with you.  Please reach out to us via DM and we'll get started. https://t.co/GDrqU22YpT,2,1,1,SUPPORT_RESPONSE_PRESENT
apple_1018303,@115858 iOS 11 has messed up my phone in so many ways. Should probs consider on fixing it,"CUSTOMER: @115858 iOS 11 has messed up my phone in so many ways. Should probs consider on fixing it
SUPPORT: @360934 Which iPhone device are you using? What issues are you experiencing that we can help you with today?",@360934 Which iPhone device are you using? What issues are you experiencing that we can help you with today?,2,1,1,SUPPORT_RESPONSE_PRESENT
apple_1018314,Either my @115858 8+ has been hacked or I’m experiencing a lot of glitches! This is horrible 😩😠,"CUSTOMER: Either my @115858 8+ has been hacked or I’m experiencing a lot of glitches! This is horrible 😩😠
SUPPORT: @313139 We're here to help. Send us a DM letting us know what's going on and we'll take a look together. https://t.co/GDrqU22YpT",@313139 We're here to help. Send us a DM letting us know what's going on and we'll take a look together. https://t.co/GDrqU22YpT,2,1,1,SUPPORT_RESPONSE_PRESENT
apple_1018316,‘DM @applesupport. Should I save them in iCloud on every device?,"CUSTOMER: ‘DM @applesupport. Should I save them in iCloud on every device?
SUPPORT: @360939 Your contacts should sync across all of the devices using your iCloud account. You would only need to save them once.",@360939 Your contacts should sync across all of the devices using your iCloud account. You would only need to save them once.,2,1,1,SUPPORT_RESPONSE_PRESENT
apple_1018318,"Bought @115858 iPad 32 GB 9.7"" WiFi. Charging Adapter not working even for the first time. Hadd ho gyi yaar laja diye @AppleSupport shame....","CUSTOMER: Bought @115858 iPad 32 GB 9.7"" WiFi. Charging Adapter not working even for the first time. Hadd ho gyi yaar laja diye @AppleSupport shame....
SUPPORT: @360940 That's not the type of experience that we'd like for you to have. Click here to join us in DM: https://t.co/GDrqU22YpT",@360940 That's not the type of experience that we'd like for you to have. Click here to join us in DM: https://t.co/GDrqU22YpT,2,1,1,SUPPORT_RESPONSE_PRESENT
apple_1018320,@AppleSupport cant download free apps or update my apps even though my visa has money in it help https://t.co/dkuhbBD7PE,"CUSTOMER: @AppleSupport cant download free apps or update my apps even though my visa has money in it help https://t.co/dkuhbBD7PE
SUPPORT: @360941 For help with billing and buying, please reach out to our iTunes Store experts here: https://t.co/SDIe7UiyJN","@360941 For help with billing and buying, please reach out to our iTunes Store experts here: https://t.co/SDIe7UiyJN",2,1,1,SUPPORT_RESPONSE_PRESENT
apple_1018322,"@AppleSupport Hi, iPhone software glitchy and now it’s making random high pitch beeps ??","CUSTOMER: @AppleSupport Hi, iPhone software glitchy and now it’s making random high pitch beeps ??
SUPPORT: @359360 We are here to help. DM us the details of your issue and we can take a look. https://t.co/GDrqU22YpT",@359360 We are here to help. DM us the details of your issue and we can take a look. https://t.co/GDrqU22YpT,2,1,1,SUPPORT_RESPONSE_PRESENT
apple_1018325,@AppleSupport my phone has been freezing up since #1102update. What the hell?,"CUSTOMER: @AppleSupport my phone has been freezing up since #1102update. What the hell?
SUPPORT: @360942 Let's see what's going on with your iPhone. Does this appear to happen when using a certain app or is it random?
CUSTOMER: @AppleSupport I’ve noticed it most when I try to in messaging and photos. Like if I try to send a pic. But it happens randomly as well. :(
SUPPORT: @360942 OK. Please share with us in DM the exact iOS 11 version your iPhone is running now to continue. https://t.co/GDrqU22YpT",@360942 OK. Please share with us in DM the exact iOS 11 version your iPhone is running now to continue. https://t.co/GDrqU22YpT,4,2,2,SUPPORT_RESPONSE_PRESENT
apple_1018548,@AppleSupport it’s already 11.0.3 and this bug is not addressed. U gotta fix this. It is reproducible across all iOS 11 compatible iPhones @115858 https://t.co/umuK3hlGeE,"CUSTOMER: @AppleSupport it’s already 11.0.3 and this bug is not addressed. U gotta fix this. It is reproducible across all iOS 11 compatible iPhones @115858 https://t.co/umuK3hlGeE
SUPPORT: @360997 Let's look into that. Send us a DM and we'll go from there. https://t.co/GDrqU22YpT",@360997 Let's look into that. Send us a DM and we'll go from there. https://t.co/GDrqU22YpT,2,1,1,SUPPORT_RESPONSE_PRESENT
apple_1018552,@115858 new podcast app changes are AWFUL. I play/delete items &amp; they reappear. starts on it’s own in my car when app is closed. Redo ASAP,"CUSTOMER: @115858 new podcast app changes are AWFUL. I play/delete items &amp; they reappear. starts on it’s own in my car when app is closed. Redo ASAP
SUPPORT: @360998 We want you to enjoy your Podcasts; we'll do all we can to help. To start, what iOS version is currently installed?
CUSTOMER: @AppleSupport 11.0.3. The new layout is a mess. is the old layout an option? My subscribed podcasts should be together not all mixed in.  a mess 2 use
SUPPORT: @360998 We appreciate feedback like yours and we want to make sure it gets heard. You should submit it here: https://t.co/eTPVYVFyd8",@360998 We appreciate feedback like yours and we want to make sure it gets heard. You should submit it here: https://t.co/eTPVYVFyd8,4,2,2,SUPPORT_RESPONSE_PRESENT
apple_1018555,Dear @AppleSupport WHY THE FUCK IS MY PHONE AT 40% 20 MINUTES INTO THE DAY,"CUSTOMER: Dear @AppleSupport WHY THE FUCK IS MY PHONE AT 40% 20 MINUTES INTO THE DAY
SUPPORT: @360999 We know battery life is important and want to help. DM us about this and we'll continue together there. https://t.co/GDrqU22YpT",@360999 We know battery life is important and want to help. DM us about this and we'll continue together there. https://t.co/GDrqU22YpT,2,1,1,SUPPORT_RESPONSE_PRESENT
apple_1018557,Dear @115858 - when I’m on the elliptical- I’m not driving. You should probably fix that. 😂,"CUSTOMER: Dear @115858 - when I’m on the elliptical- I’m not driving. You should probably fix that. 😂
SUPPORT: @361000 We'd like to look into this to see if something odd is going on. Reach out to us via DM and we'll help. https://t.co/GDrqU22YpT",@361000 We'd like to look into this to see if something odd is going on. Reach out to us via DM and we'll help. https://t.co/GDrqU22YpT,2,1,1,SUPPORT_RESPONSE_PRESENT
apple_1018561,@115858 iOS 11.0.3 up and running. 📱,"CUSTOMER: @115858 iOS 11.0.3 up and running. 📱
CUSTOMER: @188231 @115858 Now what?
CUSTOMER: @361001 @115858 Minor update worth downloading. 📲 Still doesn’t improve battery life. 😕
SUPPORT: @188231 That certainly doesn't look right. Let's work together in DM to find out what's going on with your battery. https://t.co/GDrqU22YpT",@188231 That certainly doesn't look right. Let's work together in DM to find out what's going on with your battery. https://t.co/GDrqU22YpT,4,3,1,SUPPORT_RESPONSE_PRESENT
apple_1018563,"After running iOS 11.0.2 for weeks without issue, my iPhone 7 sporadically deleted my entire 14,000+ camera roll. Thanks @115858","CUSTOMER: After running iOS 11.0.2 for weeks without issue, my iPhone 7 sporadically deleted my entire 14,000+ camera roll. Thanks @115858
SUPPORT: @361002 We understand how valuable your photos can be. Our Application Support team is ready to help: https://t.co/IBIY3vMgPj",@361002 We understand how valuable your photos can be. Our Application Support team is ready to help: https://t.co/IBIY3vMgPj,2,1,1,SUPPORT_RESPONSE_PRESENT
apple_1018565,@AppleSupport why are my texts disappearing? They all deleted to the last text and now they’re all gone?,"CUSTOMER: @AppleSupport why are my texts disappearing? They all deleted to the last text and now they’re all gone?
SUPPORT: @361003 We'd be happy to look into this with you. DM us your country or region to get started. https://t.co/GDrqU22YpT",@361003 We'd be happy to look into this with you. DM us your country or region to get started. https://t.co/GDrqU22YpT,2,1,1,SUPPORT_RESPONSE_PRESENT
apple_1018577,how much does an battery replacement cost for an iphone 7? @AppleSupport,"CUSTOMER: how much does an battery replacement cost for an iphone 7? @AppleSupport
SUPPORT: @163018 Thanks for reaching back out to us. We'd be happy to look into this with you. Let's meet in DM. https://t.co/GDrqU22YpT",@163018 Thanks for reaching back out to us. We'd be happy to look into this with you. Let's meet in DM. https://t.co/GDrqU22YpT,2,1,1,SUPPORT_RESPONSE_PRESENT
apple_1018829,@115858 this update has cool futures but sucks....my phone is jacked. Please fix it.... #appleupdatesucks #iphoneproblem #help https://t.co/yb0z0uI3Zw,"CUSTOMER: @115858 this update has cool futures but sucks....my phone is jacked. Please fix it.... #appleupdatesucks #iphoneproblem #help https://t.co/yb0z0uI3Zw
SUPPORT: @361070 We'd be happy to look into this with you. What's going on?
CUSTOMER: @AppleSupport My phone keeps locking up; unable to answer calls, get out of programs and even locking in landscape mode. I have tried resetting, no luck.
SUPPORT: @361070 Thanks for clarifying. We'd like to take a look into support options in DM. Send us a message with the country you're in. https://t.co/GDrqU22YpT",@361070 Thanks for clarifying. We'd like to take a look into support options in DM. Send us a message with the country you're in. https://t.co/GDrqU22YpT,4,2,2,SUPPORT_RESPONSE_PRESENT
apple_1018833,"@AppleSupport my SE continually freezes while doing normal things on my phone, internet, texting, etc... this update sucks!!!","CUSTOMER: @AppleSupport my SE continually freezes while doing normal things on my phone, internet, texting, etc... this update sucks!!!
SUPPORT: @361071 We want to help with your iPhone SE today. Which update are you using according to Settings &gt; General &gt; About?
CUSTOMER: @AppleSupport 11.0.3
SUPPORT: @361071 Got it. Let's meet in DM to continue. https://t.co/GDrqU22YpT",@361071 Got it. Let's meet in DM to continue. https://t.co/GDrqU22YpT,4,2,2,SUPPORT_RESPONSE_PRESENT
apple_1018837,The new @AppleSupport iOS messing with my Touch ID. Can’t even reset it now. https://t.co/9ZkPCyzHsi,"CUSTOMER: The new @AppleSupport iOS messing with my Touch ID. Can’t even reset it now. https://t.co/9ZkPCyzHsi
SUPPORT: @361072 We want to help you with Touch ID. DM us, and let us know what happens when you try to use it. https://t.co/GDrqU22YpT
CUSTOMER: @AppleSupport Thanks for a response on a Sunday. Just sent.","@361072 We want to help you with Touch ID. DM us, and let us know what happens when you try to use it. https://t.co/GDrqU22YpT",3,2,1,SUPPORT_RESPONSE_PRESENT
apple_1018839,@AppleSupport There's a bug in Mac's OS that won't open video files.  Not even video files shot with the #iPhone  #HighSierra 10.13 is a mess! https://t.co/0QLGVZB2ag,"CUSTOMER: @AppleSupport There's a bug in Mac's OS that won't open video files.  Not even video files shot with the #iPhone  #HighSierra 10.13 is a mess! https://t.co/0QLGVZB2ag
SUPPORT: @361073 We want you to have a seamless transition when opening video files. What app are you using on the Mac to open them?",@361073 We want you to have a seamless transition when opening video files. What app are you using on the Mac to open them?,2,1,1,SUPPORT_RESPONSE_PRESENT
apple_1018842,Updated iphone 7+ and now it wont go to speaker phone during calls nor will shortcuts control my music player. @115858 @AppleSupport,"CUSTOMER: Updated iphone 7+ and now it wont go to speaker phone during calls nor will shortcuts control my music player. @115858 @AppleSupport
SUPPORT: @304785 Let's see what we can find today. Which version of iOS did you update to? Have you restarted your iPhone since noticing this?
CUSTOMER: @AppleSupport 11.0.3 and after the third restart its getting back to normal
SUPPORT: @304785 Got it. Join us in Direct Message at the link below so we can gather more details and look into next best steps. https://t.co/GDrqU2kzhr",@304785 Got it. Join us in Direct Message at the link below so we can gather more details and look into next best steps. https://t.co/GDrqU2kzhr,4,2,2,SUPPORT_RESPONSE_PRESENT
apple_1018845,@116333 Thanks for ruining my Italian vacation. New iPhone8 died and your support can do nothing for me until I get home. Apple is rotting,"CUSTOMER: @116333 Thanks for ruining my Italian vacation. New iPhone8 died and your support can do nothing for me until I get home. Apple is rotting
SUPPORT: @361074 We'd like to take a look into this with you. Send us a DM to get started. https://t.co/GDrqU22YpT",@361074 We'd like to take a look into this with you. Send us a DM to get started. https://t.co/GDrqU22YpT,2,1,1,SUPPORT_RESPONSE_PRESENT
apple_1018847,"My phone been spazzing like fuck, what y’all doing @AppleSupport","CUSTOMER: My phone been spazzing like fuck, what y’all doing @AppleSupport
SUPPORT: @361075 We'd like to look into this with you. What's going on with your iPhone?",@361075 We'd like to look into this with you. What's going on with your iPhone?,2,1,1,SUPPORT_RESPONSE_PRESENT
apple_1018849,"@AppleSupport it's been like a month from trying to update my phone, and it still won't update :/. help https://t.co/D8Uqfmmab6","CUSTOMER: @AppleSupport it's been like a month from trying to update my phone, and it still won't update :/. help https://t.co/D8Uqfmmab6
SUPPORT: @361076 We're here to help! Send us a DM, and we'll take a look at the issue together there. https://t.co/GDrqU22YpT","@361076 We're here to help! Send us a DM, and we'll take a look at the issue together there. https://t.co/GDrqU22YpT",2,1,1,SUPPORT_RESPONSE_PRESENT
apple_1018851,I know you want me to get the iPhone 8 or whatever but please stop making my phone freeze because of this update  @115858,"CUSTOMER: I know you want me to get the iPhone 8 or whatever but please stop making my phone freeze because of this update  @115858
SUPPORT: @361077 Let us know some more details in DM. We can help. Which iPhone do you have? https://t.co/GDrqU22YpT",@361077 Let us know some more details in DM. We can help. Which iPhone do you have? https://t.co/GDrqU22YpT,2,1,1,SUPPORT_RESPONSE_PRESENT
apple_1019242,@AppleSupport Why did my bootcamp Windows 10 partion got corrupted after updating to High Sierra. I cannot acces it anymore 😞,"CUSTOMER: @AppleSupport Why did my bootcamp Windows 10 partion got corrupted after updating to High Sierra. I cannot acces it anymore 😞
SUPPORT: @361168 We can look into this further. Could you Direct Message us so we can get more information? https://t.co/GDrqU22YpT",@361168 We can look into this further. Could you Direct Message us so we can get more information? https://t.co/GDrqU22YpT,2,1,1,SUPPORT_RESPONSE_PRESENT
apple_1019245,"@AppleSupport Hello @115858, each day I will have problems with the #iOS11 update on my #Iphone6, i will twit you. Second day.","CUSTOMER: @AppleSupport Hello @115858, each day I will have problems with the #iOS11 update on my #Iphone6, i will twit you. Second day.
SUPPORT: @361169 We can help! What's going on with your iPhone?
CUSTOMER: @AppleSupport Hi! You're IOS11 is killing my phone. No more battery. No more CPU.",@361169 We can help! What's going on with your iPhone?,3,2,1,SUPPORT_RESPONSE_PRESENT
apple_1019247,@115858 por favor corrijan la actualización de IOS esta fatal miles de errores !!!,"CUSTOMER: @115858 por favor corrijan la actualización de IOS esta fatal miles de errores !!!
SUPPORT: @361170 We offer support via Twitter in English. Get help in Spanish here: https://t.co/IBIY3vMgPj or join https://t.co/OczyRx7IOs",@361170 We offer support via Twitter in English. Get help in Spanish here: https://t.co/IBIY3vMgPj or join https://t.co/OczyRx7IOs,2,1,1,SUPPORT_RESPONSE_PRESENT
apple_1019249,@AppleSupport IOS 11 update is playing havoc on Apple TV 3. Out of no where volume crashes and unplugging it is only a temp fix.,"CUSTOMER: @AppleSupport IOS 11 update is playing havoc on Apple TV 3. Out of no where volume crashes and unplugging it is only a temp fix.
SUPPORT: @361171 Thanks for reaching out. We have Apple TV experts available to help out who can be reached here: https://t.co/IBIY3vMgPj",@361171 Thanks for reaching out. We have Apple TV experts available to help out who can be reached here: https://t.co/IBIY3vMgPj,2,1,1,SUPPORT_RESPONSE_PRESENT
apple_1019265,@AppleSupport Are there any student discounts on laptops in store?,"CUSTOMER: @AppleSupport Are there any student discounts on laptops in store?
SUPPORT: @285847 As we offer technical support here via Twitter, we'd like to share our education page with you: https://t.co/7P5BBDV8wV
CUSTOMER: @AppleSupport Can you please send me a link to the UK website?
SUPPORT: @285847 We are glad to help. Try this one: https://t.co/ivXmgDYhIx",@285847 We are glad to help. Try this one: https://t.co/ivXmgDYhIx,4,2,2,SUPPORT_RESPONSE_PRESENT
apple_1019327,I decided to bite the bullet and try using Apple Photo again. It's collapsing trying to import 15 years of photos. @AppleSupport,"CUSTOMER: I decided to bite the bullet and try using Apple Photo again. It's collapsing trying to import 15 years of photos. @AppleSupport
SUPPORT: @361192 We'd like to help get you in touch with the right group using this link: https://t.co/IBIY3vMgPj
CUSTOMER: @AppleSupport I don't think there's going to be much help about repeated segfaults :(",@361192 We'd like to help get you in touch with the right group using this link: https://t.co/IBIY3vMgPj,3,2,1,SUPPORT_RESPONSE_PRESENT
apple_1019332,Got a new phone 3 weeks ago and already stopped working properly wtf @115858,"CUSTOMER: Got a new phone 3 weeks ago and already stopped working properly wtf @115858
SUPPORT: @361193  Your new iPhone should work as intended. Could you let us know specifically what's going on? What's the device model?
CUSTOMER: @AppleSupport It’s a iPhone 7 Plus
CUSTOMER: @AppleSupport Huge problem with the volume I need to restart the phone a couple times or I need to press the volume down button to make the louder
CUSTOMER: @AppleSupport To make it louder*
SUPPORT: @361193 We want to help. Meet us in DM and we'll work towards a solution together. https://t.co/GDrqU22YpT",@361193 We want to help. Meet us in DM and we'll work towards a solution together. https://t.co/GDrqU22YpT,6,4,2,SUPPORT_RESPONSE_PRESENT
apple_1019336,"@AppleSupport is there a problem with accepting/making phone calls after the latest software update, my phones having issues with this","CUSTOMER: @AppleSupport is there a problem with accepting/making phone calls after the latest software update, my phones having issues with this
SUPPORT: @361194 We'd like to work with you. What happens when you try to make a call?
CUSTOMER: @AppleSupport When I make a call I can’t here the other person, and they also can’t hear me
SUPPORT: @361194 Got it. Is this only when you're on handset mode? What about using speakerphone or the headset?
CUSTOMER: @AppleSupport Doesn’t work with speakerphone either, haven’t tried with headphones
SUPPORT: @361194 Let's try to make a call with a headset. Let us know how it goes in DM. https://t.co/GDrqU22YpT",@361194 Let's try to make a call with a headset. Let us know how it goes in DM. https://t.co/GDrqU22YpT,6,3,3,SUPPORT_RESPONSE_PRESENT
apple_1019342,@115858 why is iOS 11 so buggy? And where the hell is the switch to turn auto brightness on and off??? It’s draining my battery.,"CUSTOMER: @115858 why is iOS 11 so buggy? And where the hell is the switch to turn auto brightness on and off??? It’s draining my battery.
SUPPORT: @361195 We're here for you. Send us a DM, and we'll take a look into your iPhone together! https://t.co/GDrqU22YpT
CUSTOMER: @AppleSupport @361195 Settings general accessibility display accommodations
CUSTOMER: @AppleSupport @361195 Gary Apple releases a iOS like this so people upgrade to the new 8
CUSTOMER: @176402 @AppleSupport I shouldn’t have to be forced to get a new phone because of an update. Especially since I bought my 7+ in the summer.","@361195 We're here for you. Send us a DM, and we'll take a look into your iPhone together! https://t.co/GDrqU22YpT",5,4,1,SUPPORT_RESPONSE_PRESENT
apple_1019348,#ios11 draining the battery life of my #iphone and #ipadpro. Solution @AppleSupport ?,"CUSTOMER: #ios11 draining the battery life of my #iphone and #ipadpro. Solution @AppleSupport ?
SUPPORT: @361196 We're happy to help with this today. Which version of iOS 11 are you currently using per Settings &gt; General &gt; About?
CUSTOMER: @AppleSupport @361196 The solution they offer is nothing but you can upgrade to the new iPhone correct Apple
CUSTOMER: @AppleSupport My devices are on the latest version 11.0.3
SUPPORT: @361196 We're glad to see that your using the latest version of iOS. Do you have any app updates? If so, let's update them now.
CUSTOMER: @AppleSupport All my apps are up to date
SUPPORT: @361196 We'd like to take a deeper looking into this with you. DM us and we'll get started. https://t.co/GDrqU22YpT",@361196 We'd like to take a deeper looking into this with you. DM us and we'll get started. https://t.co/GDrqU22YpT,7,4,3,SUPPORT_RESPONSE_PRESENT
apple_1019357,"@116333 Why do I see this? I’m not using the app ‘Music’ on my iPhone, so I don’t want to see it! #iOS11 https://t.co/m65juehlSo","CUSTOMER: @116333 Why do I see this? I’m not using the app ‘Music’ on my iPhone, so I don’t want to see it! #iOS11 https://t.co/m65juehlSo
SUPPORT: @361197 We'd be happy to look into that with you. Send us a DM, and we'll go from there. https://t.co/GDrqU22YpT
CUSTOMER: @AppleSupport No, it’s a problem in iOS11! It’s a shit ever since it came out. And more users are complaining about this (and LOTS more)! 1/2
CUSTOMER: @AppleSupport And I am paying a premium price for your products, I am expecting fucking premium soft- and hardware! iOS11, biggest fail in a long time.
CUSTOMER: @AppleSupport @361197 True story on the Apple fail","@361197 We'd be happy to look into that with you. Send us a DM, and we'll go from there. https://t.co/GDrqU22YpT",5,4,1,SUPPORT_RESPONSE_PRESENT
apple_1019359,@AppleSupport how do I turn off voicemail transcription in iOS 10.3.3?,"CUSTOMER: @AppleSupport how do I turn off voicemail transcription in iOS 10.3.3?
SUPPORT: @361198 We want to provide as much information to you as possible. Meet us over in DM, and we’ll work there. https://t.co/GDrqU22YpT","@361198 We want to provide as much information to you as possible. Meet us over in DM, and we’ll work there. https://t.co/GDrqU22YpT",2,1,1,SUPPORT_RESPONSE_PRESENT
apple_1019362,"@115858 IOS 11 is a huge problem, battery life decreased 50% and cpu speed slowed down dramatically. Unacceptable!","CUSTOMER: @115858 IOS 11 is a huge problem, battery life decreased 50% and cpu speed slowed down dramatically. Unacceptable!
SUPPORT: @361199 We'd be happy to look into this with you. Send us a DM, and we'll take a look into this together. https://t.co/GDrqU22YpT
CUSTOMER: @AppleSupport @361199 This is planed by Apple to get people to upgrade to the iPhone 8 isn’t it Apple
CUSTOMER: @176402 @AppleSupport I am not expecting any feedback from apple. Time for a new phone.. unfortunately  and it will not be an iphone","@361199 We'd be happy to look into this with you. Send us a DM, and we'll take a look into this together. https://t.co/GDrqU22YpT",4,3,1,SUPPORT_RESPONSE_PRESENT
apple_1019365,@AppleSupport this new update is trash. My phone is slow as molasses,"CUSTOMER: @AppleSupport this new update is trash. My phone is slow as molasses
SUPPORT: @361200 Let's work together in DM. May we ask which iPhone you have and the iOS version you're currently on? https://t.co/GDrqU22YpT",@361200 Let's work together in DM. May we ask which iPhone you have and the iOS version you're currently on? https://t.co/GDrqU22YpT,2,1,1,SUPPORT_RESPONSE_PRESENT
apple_1019369,my phone has been BUGGIN since this update. Tighten up @115858,"CUSTOMER: my phone has been BUGGIN since this update. Tighten up @115858
SUPPORT: @361201 Let's see how we can help to get your iPhone working right. Which model do you have and is iOS 11.0.3 installed?
CUSTOMER: @AppleSupport @361201 Same with me and I just got overcharged $90 and waiting for y’all to respond.
CUSTOMER: @AppleSupport iPhone 6 and yes I have iOS 11.0.3
SUPPORT: @361201 We'll want to look into the best support options for your region. Send us a DM and let us know what country you're in. https://t.co/GDrqU22YpT",@361201 We'll want to look into the best support options for your region. Send us a DM and let us know what country you're in. https://t.co/GDrqU22YpT,5,3,2,SUPPORT_RESPONSE_PRESENT
apple_1019374,Please sort out the App Store!! I need to download the x factor app so I can vote and it’s not working!! @AppleSupport,"CUSTOMER: Please sort out the App Store!! I need to download the x factor app so I can vote and it’s not working!! @AppleSupport
SUPPORT: @361203 We'd love to help you get your vote in. Do you get an error or alert when downloading?
CUSTOMER: @AppleSupport Nothing comes up, it just does the spinning loading sign when I click install, I’m not able to download anything on the App Store
CUSTOMER: @AppleSupport The updates section is completely blank too and has been that way since the most recent iOS update https://t.co/g13i1ArrwY
SUPPORT: @361203 Restart your iPhone and try on both Wi-Fi and cellular. DM us if the issue continues. https://t.co/GDrqU22YpT",@361203 Restart your iPhone and try on both Wi-Fi and cellular. DM us if the issue continues. https://t.co/GDrqU22YpT,5,3,2,SUPPORT_RESPONSE_PRESENT
apple_1019378,"@AppleSupport Having an issue where Apple Music divides up the albums I have, days after adding them to my library https://t.co/V3UFh1Qius","CUSTOMER: @AppleSupport Having an issue where Apple Music divides up the albums I have, days after adding them to my library https://t.co/V3UFh1Qius
SUPPORT: @361204 Let's get your music organized. Are you an Apple Music member where you pay monthly for music?
CUSTOMER: @AppleSupport Yes. These albums have been added via the “Add to Library” feature on Apple Music. The page being shown is “recently added”
SUPPORT: @361204 Got it. Which type of device and version of iOS are you using?
CUSTOMER: @AppleSupport 7 Plus running 11
SUPPORT: @361204 Navigate to Settings &gt; General &gt; About. What is the exact version?
CUSTOMER: @AppleSupport 11.1
SUPPORT: @361204 Thank you. Please send us a DM to continue. https://t.co/GDrqU22YpT",@361204 Thank you. Please send us a DM to continue. https://t.co/GDrqU22YpT,8,4,4,SUPPORT_RESPONSE_PRESENT
apple_1019385,.@AppleSupport @115858 can iPhone 8/X do wireless charging if owner is utilizing a standard protective case?,"CUSTOMER: .@AppleSupport @115858 can iPhone 8/X do wireless charging if owner is utilizing a standard protective case?
SUPPORT: @223740 We'd like to help. Depending on the size of your case, you may need to remove it to charge wirelessly: 

https://t.co/5850eWPUr4","@223740 We'd like to help. Depending on the size of your case, you may need to remove it to charge wirelessly: 

https://t.co/5850eWPUr4",2,1,1,SUPPORT_RESPONSE_PRESENT
apple_1019387,@AppleSupport Impossible to use any chat application plz fix keyboard lag.,"CUSTOMER: @AppleSupport Impossible to use any chat application plz fix keyboard lag.
SUPPORT: @273801 Thanks for letting us know. We want to help! Send us a DM with more details, and we'll get started. https://t.co/GDrqU22YpT","@273801 Thanks for letting us know. We want to help! Send us a DM with more details, and we'll get started. https://t.co/GDrqU22YpT",2,1,1,SUPPORT_RESPONSE_PRESENT
apple_1019389,"Since updating to iOS 11.0.3 my phone (6s) does nothing but freeze and constantly delete then restore my photos, please help? @AppleSupport","CUSTOMER: Since updating to iOS 11.0.3 my phone (6s) does nothing but freeze and constantly delete then restore my photos, please help? @AppleSupport
SUPPORT: @361205 We'll be happy to help with your iPhone. Are specific apps unresponsive? Please DM us here: https://t.co/GDrqU22YpT",@361205 We'll be happy to help with your iPhone. Are specific apps unresponsive? Please DM us here: https://t.co/GDrqU22YpT,2,1,1,SUPPORT_RESPONSE_PRESENT
apple_1019392,Hey @AppleSupport I restarted my phone and it deleted over 200 pictures and videos that I can’t seem to get back. HELP 😭,"CUSTOMER: Hey @AppleSupport I restarted my phone and it deleted over 200 pictures and videos that I can’t seem to get back. HELP 😭
SUPPORT: @361206 We'll be happy to see how we can help. DM us some more info. https://t.co/GDrqU22YpT
CUSTOMER: @AppleSupport I have dm’d you now",@361206 We'll be happy to see how we can help. DM us some more info. https://t.co/GDrqU22YpT,3,2,1,SUPPORT_RESPONSE_PRESENT
apple_1019395,@115858 will the ifone5c not work much longer with this ios11 update? Disappointed daughter in here losing wifi,"CUSTOMER: @115858 will the ifone5c not work much longer with this ios11 update? Disappointed daughter in here losing wifi
SUPPORT: @361207 If you're noting issues with the Wi-Fi on your iPhone, we'd like to help. What specifically seems to be going on?
CUSTOMER: @AppleSupport It keeps disconnecting from wifi and the clock keeps adjusting itself. Restarted, rebooted nothing resolves it
SUPPORT: @361207 What version of iOS are you currently running? The most current version is 11.0.3.
CUSTOMER: @AppleSupport 10.3 it's the 5c it won't update?
SUPPORT: @361207 The 5C is fully updated. Here are the technical requirements for iOS 11:  https://t.co/LVMJqqcDhs
CUSTOMER: @AppleSupport Not according to this https://t.co/y61AOzME7B
SUPPORT: @361207 We understand the confusion.  The 5C is not listed there.  The 5C and 5S are not the same phone.
CUSTOMER: @AppleSupport I know that I'm not asking about the 5s?
SUPPORT: @361207 OK.  Let's continue this conversation in DM.  Which country are you located in? https://t.co/GDrqU22YpT",@361207 OK.  Let's continue this conversation in DM.  Which country are you located in? https://t.co/GDrqU22YpT,10,5,5,SUPPORT_RESPONSE_PRESENT
apple_1019630,Does anyone else’s home screen turn when navigating between pages with the new iPhone update? @AppleSupport https://t.co/tGQhilU7M5,"CUSTOMER: Does anyone else’s home screen turn when navigating between pages with the new iPhone update? @AppleSupport https://t.co/tGQhilU7M5
SUPPORT: @361252 That's unusual behavior. Let us help. What's the exact version of iOS? Also, does the issue persist after rebooting?
CUSTOMER: @AppleSupport 11.0.3. I have the screen lock on for vertical. After reboot it stops for a few hours then goes to it again
SUPPORT: @361252 Understood! Let's follow up in DM. We'll continue the conversation there. https://t.co/GDrqU22YpT",@361252 Understood! Let's follow up in DM. We'll continue the conversation there. https://t.co/GDrqU22YpT,4,2,2,SUPPORT_RESPONSE_PRESENT
apple_1019633,I had this phone maybe 3 months. The iphone 8 comes out and now my shit start freezing and the screen not comin on. Smh @115858,"CUSTOMER: I had this phone maybe 3 months. The iphone 8 comes out and now my shit start freezing and the screen not comin on. Smh @115858
SUPPORT: @361253 Hi there. Allow us to help. What version of iOS is on your device? Also, what iPhone Model do you have?
CUSTOMER: @AppleSupport The newest one and the iphone 7. My speaker phone dont work either. This is an outrage!
SUPPORT: @361253 Okay. Go ahead and send us a DM with the full details of what's happening with your device. We can work with you there. https://t.co/GDrqU22YpT
CUSTOMER: @AppleSupport Good looks 👌🏽💯",@361253 Okay. Go ahead and send us a DM with the full details of what's happening with your device. We can work with you there. https://t.co/GDrqU22YpT,5,3,2,SUPPORT_RESPONSE_PRESENT
apple_1019998,Salut @115858 c’est normal que mon iPhone 7 plante encore plus avec IOS 11.0.3 qu’auparavant? @AppleSupport,"CUSTOMER: Salut @115858 c’est normal que mon iPhone 7 plante encore plus avec IOS 11.0.3 qu’auparavant? @AppleSupport
SUPPORT: @354934 We offer support via Twitter in English. Contact us for help in your preferred language here: https://t.co/IBIY3vMgPj",@354934 We offer support via Twitter in English. Contact us for help in your preferred language here: https://t.co/IBIY3vMgPj,2,1,1,SUPPORT_RESPONSE_PRESENT
apple_1020006,"@116333 @128305 Apples ios11, 11.1 &amp; 11.2 is rubbish. Items that do not work properly since download,emails,accessing the web &amp;App Store.Apps not working correctly. 100’s Unknown email address now in my contacts. Having to re boot 3/4 time in 24hrs. Apple are crap at upgrades","CUSTOMER: @116333 @128305 Apples ios11, 11.1 &amp; 11.2 is rubbish. Items that do not work properly since download,emails,accessing the web &amp;App Store.Apps not working correctly. 100’s Unknown email address now in my contacts. Having to re boot 3/4 time in 24hrs. Apple are crap at upgrades
SUPPORT: @361360 We know how important it is to have your device working as expected and we would like to help. Meet us in DM to get started. https://t.co/GDrqU22YpT
CUSTOMER: @AppleSupport What is DM?
SUPPORT: @361360 Direct Message--just use the button below that says 'Send a private message'. https://t.co/GDrqU22YpT",@361360 Direct Message--just use the button below that says 'Send a private message'. https://t.co/GDrqU22YpT,4,2,2,SUPPORT_RESPONSE_PRESENT
apple_1020290,so happy tht my phone decided 2 update itself over night n now won’t stop freezing ♥️ u rock @115858,"CUSTOMER: so happy tht my phone decided 2 update itself over night n now won’t stop freezing ♥️ u rock @115858
SUPPORT: @361429 We can help you. Which iOS version did your device update to? This info can be found under Settings &gt; General &gt; About.",@361429 We can help you. Which iOS version did your device update to? This info can be found under Settings &gt; General &gt; About.,2,1,1,SUPPORT_RESPONSE_PRESENT
apple_1020294,Hey @115858 iOS 11 Beta 4 is very laggy. Please fix,"CUSTOMER: Hey @115858 iOS 11 Beta 4 is very laggy. Please fix
SUPPORT: @361430 We'd like to learn more about what you're experiencing with the beta. Please send us a DM. https://t.co/GDrqU22YpT",@361430 We'd like to learn more about what you're experiencing with the beta. Please send us a DM. https://t.co/GDrqU22YpT,2,1,1,SUPPORT_RESPONSE_PRESENT
apple_1020297,It's a big day at Apple! We are honored and thrilled to host our first keynote at the Steve Jobs Theater this morning. https://t.co/gyiqPJB46y,"CUSTOMER: It's a big day at Apple! We are honored and thrilled to host our first keynote at the Steve Jobs Theater this morning. https://t.co/gyiqPJB46y
CUSTOMER: @116333 iOS 11 with a lot of issues, both for my wife and I we are experiencing problems
SUPPORT: @361431 We're happy to assist you.  DM us with your device model and exact iOS version and we'll go from there. https://t.co/GDrqU22YpT",@361431 We're happy to assist you.  DM us with your device model and exact iOS version and we'll go from there. https://t.co/GDrqU22YpT,3,2,1,SUPPORT_RESPONSE_PRESENT
apple_1020299,@AppleSupport why can’t I send MMS pictures since updating to 11.0.3? Very frustrating Online support FAQs don’t offer a real fix #help,"CUSTOMER: @AppleSupport why can’t I send MMS pictures since updating to 11.0.3? Very frustrating Online support FAQs don’t offer a real fix #help
SUPPORT: @361432 What happens when you try to send an MMS message? Let us know in a DM. https://t.co/GDrqU22YpT",@361432 What happens when you try to send an MMS message? Let us know in a DM. https://t.co/GDrqU22YpT,2,1,1,SUPPORT_RESPONSE_PRESENT
apple_1020302,@AppleSupport my App Store is not working!!!!,"CUSTOMER: @AppleSupport my App Store is not working!!!!
SUPPORT: @361433 We're here to help you. Which device are you having issue accessing the App Store?
CUSTOMER: @AppleSupport iPhone 6s. At first the apps weren’t updating at all. And now the updates page is just not showing at all
SUPPORT: @361433 Have you tried connecting to a different network like your cellular data?
CUSTOMER: @AppleSupport I just connected to my cellular data and it’s the same result. The other pages load but the updates page doesn’t load
CUSTOMER: @361433 @AppleSupport Turn off u phone and try again
CUSTOMER: @172072 @AppleSupport Gwaan go work for Apple support bro. Cuz it work lol
SUPPORT: @361433 Just to be clear after a restart your updates are working again?
CUSTOMER: @AppleSupport Yes the restart worked. Thank you
CUSTOMER: @361433 @AppleSupport Lol you hear that @AppleSupport you can hire me now
SUPPORT: @361433 Great, we're glad that it worked.","@361433 Great, we're glad that it worked.",11,7,4,SUPPORT_RESPONSE_PRESENT
apple_1020313,"Ever since I updated my phone, my GPS been wilding. What’s up with that? @115858","CUSTOMER: Ever since I updated my phone, my GPS been wilding. What’s up with that? @115858
SUPPORT: @361434 Thanks for reaching out. Which iPhone and iOS version are you using? Check the version in Settings&gt;General&gt;About.
CUSTOMER: @AppleSupport iOS 11.0.3
SUPPORT: @361434 Thanks for that. What kind of iPhone do you have?
CUSTOMER: @AppleSupport iPhone 7
SUPPORT: @361434 Got it. Do you notice this in different apps, or just one? Let us know in DM. We'll meet you there. https://t.co/GDrqU2kzhr","@361434 Got it. Do you notice this in different apps, or just one? Let us know in DM. We'll meet you there. https://t.co/GDrqU2kzhr",6,3,3,SUPPORT_RESPONSE_PRESENT
apple_1020318,@115858 wtf is going on? iPad Keeps telling me to reset my Apple ID I've done this 2x in the past month already it's getting #annoying af,"CUSTOMER: @115858 wtf is going on? iPad Keeps telling me to reset my Apple ID I've done this 2x in the past month already it's getting #annoying af
SUPPORT: @361435 Let's see what we can do to help. Reach out to our Account Security team here: https://t.co/0PATYGSGKU",@361435 Let's see what we can do to help. Reach out to our Account Security team here: https://t.co/0PATYGSGKU,2,1,1,SUPPORT_RESPONSE_PRESENT
apple_1020321,@AppleSupport ref#100307327854 2-step auth is more of a hinderance than helpful.  Dont worry!  Use acnt rcvry and gain access 22 days later!,"CUSTOMER: @AppleSupport ref#100307327854 2-step auth is more of a hinderance than helpful.  Dont worry!  Use acnt rcvry and gain access 22 days later!
SUPPORT: @361436 We'll help however we are able. Let's meet up in DM where we have more room for detail. Thanks. https://t.co/GDrqU22YpT
CUSTOMER: @AppleSupport You didn't.  You won't.  And now, you can't. https://t.co/ugI2JpqMWz",@361436 We'll help however we are able. Let's meet up in DM where we have more room for detail. Thanks. https://t.co/GDrqU22YpT,3,2,1,SUPPORT_RESPONSE_PRESENT
apple_1020323,Can’t make phone calls or send a message without my phone freezing. Phone stays dark. Won’t reset Speaker won’t work. Love the update @115858,"CUSTOMER: Can’t make phone calls or send a message without my phone freezing. Phone stays dark. Won’t reset Speaker won’t work. Love the update @115858
SUPPORT: @200278 We’d love to team up with you on this. Are you using iOS 11.0.3? Let us know in DM. https://t.co/GDrqU22YpT",@200278 We’d love to team up with you on this. Are you using iOS 11.0.3? Let us know in DM. https://t.co/GDrqU22YpT,2,1,1,SUPPORT_RESPONSE_PRESENT
apple_1020327,@115858 thank you very much for screwing up my phone with this new update. I can’t keep in app open for one minute... smh,"CUSTOMER: @115858 thank you very much for screwing up my phone with this new update. I can’t keep in app open for one minute... smh
SUPPORT: @361437 We're here to help. What happens when you try to open an app?
CUSTOMER: @AppleSupport Every time I have an app open, it’ll exit out of the app within like 90 seconds
CUSTOMER: @AppleSupport @361437 Join the club this s apples way of forcing us to upgrade to the new 8
SUPPORT: @361437 Thank you for sharing. Let's take a closer look at this together. DM us your current iOS version and we'll continue there. https://t.co/GDrqU22YpT",@361437 Thank you for sharing. Let's take a closer look at this together. DM us your current iOS version and we'll continue there. https://t.co/GDrqU22YpT,5,3,2,SUPPORT_RESPONSE_PRESENT
apple_1020337,@AppleSupport Trying to figure out: I checked off the preference for downloading all music into iTunes but not all music is being downloaded https://t.co/OPk4d9gZnY,"CUSTOMER: @AppleSupport Trying to figure out: I checked off the preference for downloading all music into iTunes but not all music is being downloaded https://t.co/OPk4d9gZnY
SUPPORT: @361440 Let's look into this. Were these songs recently purchased on another device or recently added to your iCloud Music Library?
CUSTOMER: @AppleSupport Mostly Apple Music albums added to my library over the past months or year.
SUPPORT: @361440 When was the preference enabled? Let us know via DM. https://t.co/GDrqU22YpT",@361440 When was the preference enabled? Let us know via DM. https://t.co/GDrqU22YpT,4,2,2,SUPPORT_RESPONSE_PRESENT
apple_1020340,"@AppleSupport Hi, I forgot my security questions and I’m trying to reset them, but I keep getting this. How do I fix this? https://t.co/hJYUHbq6is","CUSTOMER: @AppleSupport Hi, I forgot my security questions and I’m trying to reset them, but I keep getting this. How do I fix this? https://t.co/hJYUHbq6is
SUPPORT: @169257 Hi there! If you're not able to reset your security questions online, please reach out here: https://t.co/UJm15vmMM2","@169257 Hi there! If you're not able to reset your security questions online, please reach out here: https://t.co/UJm15vmMM2",2,1,1,SUPPORT_RESPONSE_PRESENT
apple_1020343,"@115858 je fais comment si le truc tombe tout seul ? Je charge mon IPhone avec de la bonne volonté ? 12 % pour la nuit, allez salut. https://t.co/6gvXtHeB38","CUSTOMER: @115858 je fais comment si le truc tombe tout seul ? Je charge mon IPhone avec de la bonne volonté ? 12 % pour la nuit, allez salut. https://t.co/6gvXtHeB38
SUPPORT: @361441 We offer support via Twitter in English. Contact us for help in your preferred language here: https://t.co/IBIY3vMgPj
CUSTOMER: @AppleSupport @361442 ils vont m’aider c’est beau
CUSTOMER: @361441 @AppleSupport Ouais enfin pour cette nuit t’es quand même dans la merde mdrrr
CUSTOMER: @361442 @AppleSupport J’ai retrouvé un ancien chargeur qui marche si je met le câble dans une certaine position. J’aime la vie
CUSTOMER: @361441 @AppleSupport Ça va t’es bien
CUSTOMER: @361442 @AppleSupport Bof mdrrrr",@361441 We offer support via Twitter in English. Contact us for help in your preferred language here: https://t.co/IBIY3vMgPj,7,6,1,SUPPORT_RESPONSE_PRESENT
apple_1020349,"@AppleSupport IOS 11.0.3 is wonky.
Previous contacts r missing in Contacts,but show up in SMS.Bizarrre &amp; frustrating👎😞 Is there a solution?","CUSTOMER: @AppleSupport IOS 11.0.3 is wonky.
Previous contacts r missing in Contacts,but show up in SMS.Bizarrre &amp; frustrating👎😞 Is there a solution?
SUPPORT: @349933 We definitely want to look into that with you. Meet up with us in a DM, we'll continue there. https://t.co/GDrqU22YpT","@349933 We definitely want to look into that with you. Meet up with us in a DM, we'll continue there. https://t.co/GDrqU22YpT",2,1,1,SUPPORT_RESPONSE_PRESENT
apple_1020858,@AppleSupport is the warranty international? If I buy an iPhone in the USA it will be covered in Brazil? Thx,"CUSTOMER: @AppleSupport is the warranty international? If I buy an iPhone in the USA it will be covered in Brazil? Thx
SUPPORT: @348662 We can help. Let's get to DM for more information. https://t.co/GDrqU22YpT",@348662 We can help. Let's get to DM for more information. https://t.co/GDrqU22YpT,2,1,1,SUPPORT_RESPONSE_PRESENT
apple_1020869,Yo @115858 smd juuuu heard how tf I come to class at 8:10 with 100% and now my shit at 23%,"CUSTOMER: Yo @115858 smd juuuu heard how tf I come to class at 8:10 with 100% and now my shit at 23%
SUPPORT: @361575 We know battery life is important and want to help. Are there any app updates available in the App Store?
CUSTOMER: @AppleSupport Leave me alone and stop trying to take our money
CUSTOMER: @AppleSupport Lol",@361575 We know battery life is important and want to help. Are there any app updates available in the App Store?,4,3,1,SUPPORT_RESPONSE_PRESENT
apple_1020875,"@AppleSupport my MacBook keeps randomly turning the screen black and turning my music off whilst I am using it, but it's not turning off 1/2","CUSTOMER: @AppleSupport my MacBook keeps randomly turning the screen black and turning my music off whilst I am using it, but it's not turning off 1/2
SUPPORT: @361578 Send us a DM and we'll take a closer look into this with you. https://t.co/GDrqU22YpT",@361578 Send us a DM and we'll take a closer look into this with you. https://t.co/GDrqU22YpT,2,1,1,SUPPORT_RESPONSE_PRESENT
apple_1020880,"@AppleSupport I pre-purchased a book in iBooks that should be available now, but iBooks only shows it as bought - can‘t download. Now what?","CUSTOMER: @AppleSupport I pre-purchased a book in iBooks that should be available now, but iBooks only shows it as bought - can‘t download. Now what?
SUPPORT: @361579 Thanks for reaching out to us. We are always happy to help. Send us a DM so we can look into this with you there. https://t.co/GDrqU22YpT
CUSTOMER: @AppleSupport It magically resolved itself; the book is now available.
SUPPORT: @361579 Glad to hear it. Please reach out to us again if anything else comes up.",@361579 Glad to hear it. Please reach out to us again if anything else comes up.,4,2,2,SUPPORT_RESPONSE_PRESENT
apple_1020946,"@AppleSupport when I accept a meeting invite to iOS calendar &amp; delete it later, all invitees are emailed. How can I delete w/o emailing?","CUSTOMER: @AppleSupport when I accept a meeting invite to iOS calendar &amp; delete it later, all invitees are emailed. How can I delete w/o emailing?
SUPPORT: @198364 Thanks for reaching out to us. Here is a helpful resource: https://t.co/dR7GId9mi7 Please let us know if you have questions.",@198364 Thanks for reaching out to us. Here is a helpful resource: https://t.co/dR7GId9mi7 Please let us know if you have questions.,2,1,1,SUPPORT_RESPONSE_PRESENT
apple_1020948,@AppleSupport - even let me load the lock screen after it does. It also keeps freezing when I type. My software is up to date.,"CUSTOMER: @AppleSupport - even let me load the lock screen after it does. It also keeps freezing when I type. My software is up to date.
SUPPORT: @361592 Which device and version of iOS are you using? Check Settings &gt; General &gt; About and let us know in DM. https://t.co/GDrqU22YpT",@361592 Which device and version of iOS are you using? Check Settings &gt; General &gt; About and let us know in DM. https://t.co/GDrqU22YpT,2,1,1,SUPPORT_RESPONSE_PRESENT
apple_1020950,"@AppleSupport why is my iPhone 6+ lagging, hanging, app crashing and freezing all of a sudden? It has never done this before.","CUSTOMER: @AppleSupport why is my iPhone 6+ lagging, hanging, app crashing and freezing all of a sudden? It has never done this before.
SUPPORT: @361593 We'd be happy to look into what's going on. Which iOS version are you using?",@361593 We'd be happy to look into what's going on. Which iOS version are you using?,2,1,1,SUPPORT_RESPONSE_PRESENT
apple_1020953,"Hey @AppleSupport since updating my phone w/the new iOS I’m having all sorts of issues, so is my son. Anyone else having issues?","CUSTOMER: Hey @AppleSupport since updating my phone w/the new iOS I’m having all sorts of issues, so is my son. Anyone else having issues?
SUPPORT: @361594 We're here for you. Can you tell us in more detail what's going on with your iPhones? Thanks!
CUSTOMER: @AppleSupport Texts are failing to come in on time. Phone is in continuous search for WiFi. After charging fully woke up to a dead phone!
SUPPORT: @361594 We'd like to help! Send us a DM with the country that you are located in to continue. https://t.co/GDrqU22YpT",@361594 We'd like to help! Send us a DM with the country that you are located in to continue. https://t.co/GDrqU22YpT,4,2,2,SUPPORT_RESPONSE_PRESENT
apple_1020957,"@AppleSupport @115725 I purchased the IPhone 7+ on Friday the 20th and today, 2 days later, it won’t work. Not useable","CUSTOMER: @AppleSupport @115725 I purchased the IPhone 7+ on Friday the 20th and today, 2 days later, it won’t work. Not useable
CUSTOMER: @AppleSupport @115725 Now I have to go 2 days until I get a new one. Thanks to your mistakes. #crappyproduct
SUPPORT: @361595 We'd love to see how we can help. What's going on with your iPhone? You can reach out to us in DM. https://t.co/GDrqU22YpT",@361595 We'd love to see how we can help. What's going on with your iPhone? You can reach out to us in DM. https://t.co/GDrqU22YpT,3,2,1,SUPPORT_RESPONSE_PRESENT
apple_1020961,@116333 @123857 Please #MakeSiriBetter. https://t.co/e2lhzJoOO0,"CUSTOMER: @116333 @123857 Please #MakeSiriBetter. https://t.co/e2lhzJoOO0
SUPPORT: @241115 Let's look into this with you. Which device and iOS version is this occurring on? DM us here: https://t.co/GDrqU22YpT",@241115 Let's look into this with you. Which device and iOS version is this occurring on? DM us here: https://t.co/GDrqU22YpT,2,1,1,SUPPORT_RESPONSE_PRESENT
apple_1020964,@AppleSupport Ever since the IOS update lots of features on my phone ARE NOT WORKING. Please fix this.,"CUSTOMER: @AppleSupport Ever since the IOS update lots of features on my phone ARE NOT WORKING. Please fix this.
SUPPORT: @361597 We'd be happy to lend a hand.  Please provide us with specific information on what exactly is not functioning as expected.
CUSTOMER: @AppleSupport I have a question I’ve been asking y’all since Dec 2016. Is there a reason no one’s helped me?
SUPPORT: @361597 We'd be happy to look into this issue with you.  Please reach out to us via DM and let us know what iOS version you're using. https://t.co/GDrqU22YpT
CUSTOMER: @AppleSupport Just messaged you.
SUPPORT: @361597 Thank you. We have recievd your DM and will respond shortly.",@361597 Thank you. We have recievd your DM and will respond shortly.,6,3,3,SUPPORT_RESPONSE_PRESENT
apple_1020970,@AppleSupport My home button isn't working good at all while my iPhone is charging. ???????????????????????????????????????????????????,"CUSTOMER: @AppleSupport My home button isn't working good at all while my iPhone is charging. ???????????????????????????????????????????????????
SUPPORT: @361598 We can help! Tell us which iPhone and iOS version you're using in DM please. https://t.co/GDrqU22YpT
CUSTOMER: @AppleSupport Done.",@361598 We can help! Tell us which iPhone and iOS version you're using in DM please. https://t.co/GDrqU22YpT,3,2,1,SUPPORT_RESPONSE_PRESENT
apple_1020985,"@AppleSupport my iPhone 6+ is very slow with iOS 11.0.3, fix asap","CUSTOMER: @AppleSupport my iPhone 6+ is very slow with iOS 11.0.3, fix asap
SUPPORT: @361599 We'll be happy to work with you to get this fixed. Does this issue happen when using certain features? Let us know in DM. https://t.co/GDrqU22YpT
CUSTOMER: @AppleSupport Normal use: email, WhatsApp, safari, photos, camera... folders zoom, search menu, widgets...
SUPPORT: @361599 Thanks. DM us which country you're in and we'll continue working with you on these issues there. https://t.co/GDrqU22YpT
CUSTOMER: @AppleSupport Hi. I’m in spain. I think Apple must release new version 11.0.4 because i’m not the only one with 11.0.3 problems...
SUPPORT: @361599 Let's move to DM so we can get some additional information about your iPhone and continue with a plan to help. https://t.co/GDrqU22YpT
CUSTOMER: @AppleSupport My iPhone 6 Plus work fine with iOS 11.1. Thanx @115858 😊😊 and @AppleSupport ☺️☺️
CUSTOMER: @361599 @AppleSupport @115858 seriously?",@361599 Let's move to DM so we can get some additional information about your iPhone and continue with a plan to help. https://t.co/GDrqU22YpT,8,5,3,SUPPORT_RESPONSE_PRESENT
apple_1020989,@AppleSupport Hey I’ve dmed you. Please check it. I think my macbook is hacked,"CUSTOMER: @AppleSupport Hey I’ve dmed you. Please check it. I think my macbook is hacked
SUPPORT: @361602 We see the DM and we will be responding shortly.",@361602 We see the DM and we will be responding shortly.,2,1,1,SUPPORT_RESPONSE_PRESENT
apple_1020991,@115858 -  Apple TV is now unusable. Password verification is buggy and stupid. Wasted hours of a beautiful day trying to jump thru hoops. FU,"CUSTOMER: @115858 -  Apple TV is now unusable. Password verification is buggy and stupid. Wasted hours of a beautiful day trying to jump thru hoops. FU
SUPPORT: @361603 We'd like to get you pointed in the right direction. For Apple TV support, reach out here: https://t.co/IBIY3vMgPj","@361603 We'd like to get you pointed in the right direction. For Apple TV support, reach out here: https://t.co/IBIY3vMgPj",2,1,1,SUPPORT_RESPONSE_PRESENT
apple_1020997,"My 6s+ after 11.0,3 it has a mind of its own! slow,freezes crashes etc please save me  @applesupport 11.0.3","CUSTOMER: My 6s+ after 11.0,3 it has a mind of its own! slow,freezes crashes etc please save me  @applesupport 11.0.3
SUPPORT: @361604 Let's help! When do you notice the freezing and slowness most? During any certain app usage?
CUSTOMER: @AppleSupport When I go to an app it freezes, downloading pages too slow, I just reseted and still with same problems
SUPPORT: @361604 Thanks for reaching out. We're here to help. DM us so we can look into this further with you. https://t.co/GDrqU22YpT
CUSTOMER: @AppleSupport Sorry where should I direct mail !
SUPPORT: @361604 We'd like to work with you via Twitter's DM system. Here is an invitation to join us there: https://t.co/GDrqU22YpT",@361604 We'd like to work with you via Twitter's DM system. Here is an invitation to join us there: https://t.co/GDrqU22YpT,6,3,3,SUPPORT_RESPONSE_PRESENT
apple_1020999,"my iPhone 6S running 11.03 now runs slowly, especially the UI. I reset settings.  what else can I do, @AppleSupport ?","CUSTOMER: my iPhone 6S running 11.03 now runs slowly, especially the UI. I reset settings.  what else can I do, @AppleSupport ?
SUPPORT: @263680 We'd like to help. Let's meet in DM to work this out. https://t.co/GDrqU22YpT",@263680 We'd like to help. Let's meet in DM to work this out. https://t.co/GDrqU22YpT,2,1,1,SUPPORT_RESPONSE_PRESENT
apple_1021002,New iPhone update my @115858 broke the volume buttons when phone is locked. Good job with #iOS13,"CUSTOMER: New iPhone update my @115858 broke the volume buttons when phone is locked. Good job with #iOS13
SUPPORT: @207344 Hi, can you tell us a bit more about what you're experiencing? We'll see what can be done to help.
CUSTOMER: @AppleSupport I thought my tweet was clear. Volume buttons don’t work when the phone is locked.
SUPPORT: @207344 Thanks for the clarification. Which iOS version are you running? Is 'Change with Buttons' toggled on under Settings &gt; Sounds? https://t.co/GDrqU22YpT",@207344 Thanks for the clarification. Which iOS version are you running? Is 'Change with Buttons' toggled on under Settings &gt; Sounds? https://t.co/GDrqU22YpT,4,2,2,SUPPORT_RESPONSE_PRESENT
apple_1021104,"Upgrading my iPhone 7 Plus to #ios11 has been a TREMENDOUS mistake. Freezes, crashes.. never before. Great work, @115858 @AppleSupport","CUSTOMER: Upgrading my iPhone 7 Plus to #ios11 has been a TREMENDOUS mistake. Freezes, crashes.. never before. Great work, @115858 @AppleSupport
SUPPORT: @361634 We want your iPhone 7 Plus running smoothly! Which iOS 11 version are you using now? When are you noticing these issues most?
CUSTOMER: @AppleSupport 11.0.3, and there’s no specific time it happens, the phone will just stop responding for minutes at a time and apps crash randomly
CUSTOMER: @AppleSupport This is ever since updating to 11, and every update since. I never had issues before 11.
SUPPORT: @361634 About how long ago did you update to 11.0.3? Please let us know in DM. https://t.co/GDrqU22YpT",@361634 About how long ago did you update to 11.0.3? Please let us know in DM. https://t.co/GDrqU22YpT,5,3,2,SUPPORT_RESPONSE_PRESENT
apple_1021109,"unable to go back to previous years calendar entries on IOS11.0.2, please fix @AppleSupport so many bugs on the new release, such a shame","CUSTOMER: unable to go back to previous years calendar entries on IOS11.0.2, please fix @AppleSupport so many bugs on the new release, such a shame
SUPPORT: @361635 Let's check what the sync setting is for events. Go to Settings &gt; Calendar &gt; Sync. Be sure All Events is selected to see last year.",@361635 Let's check what the sync setting is for events. Go to Settings &gt; Calendar &gt; Sync. Be sure All Events is selected to see last year.,2,1,1,SUPPORT_RESPONSE_PRESENT
apple_1021111,@AppleSupport does iOS 11 have  auto fill credit card info when making a purchase?,"CUSTOMER: @AppleSupport does iOS 11 have  auto fill credit card info when making a purchase?
SUPPORT: @361636 Thanks for reaching out us about this. Auto-fill is a feature you would need to turn on in your settings.",@361636 Thanks for reaching out us about this. Auto-fill is a feature you would need to turn on in your settings.,2,1,1,SUPPORT_RESPONSE_PRESENT
apple_1021114,Is there a way to remove ios11 ????!?! Omg so many BUGS in this thing. It actually makes your phone slower. @115858 @AppleSupport,"CUSTOMER: Is there a way to remove ios11 ????!?! Omg so many BUGS in this thing. It actually makes your phone slower. @115858 @AppleSupport
SUPPORT: @361637 We want to help. Which iPhone model are you using?
CUSTOMER: @AppleSupport Hello! I’m using the 6s Plus.
SUPPORT: @361637 Thanks for that. Have you installed any of the newest updates since iOS 11 was released?",@361637 Thanks for that. Have you installed any of the newest updates since iOS 11 was released?,4,2,2,SUPPORT_RESPONSE_PRESENT
apple_1021139,"@AppleSupport Photos on MacOS exports only part of the pictures i select, but claims it exported all of them. The originals are NEF files, in case that helps. I'm exporting jpegs, not the unmodified files.","CUSTOMER: @AppleSupport Photos on MacOS exports only part of the pictures i select, but claims it exported all of them. The originals are NEF files, in case that helps. I'm exporting jpegs, not the unmodified files.
SUPPORT: @361646 We'd be happy to point you in the right direction. Our support article on Photos may help: https://t.co/KSr0Br9YuG
CUSTOMER: @AppleSupport I was talking about exporting, that link is about importing. I'm trying to export files i've already imported from my Nikon D3200, which is supported according to https://t.co/mKGbXmVBLm. It's just some of the files that won't export, not all of them.
SUPPORT: @361646 Understood. For further help with Photos on Mac, connect with an Advisor who specializes in it here: https://t.co/IBIY3vMgPj
CUSTOMER: @AppleSupport AppleCare doesn't cover my mac anymore. After some extensive testing, it turns out that images without a title are silently ignored. Setting the export file name to ""Use file name"" solves it. Maybe something for the Photos app development team?","@361646 Understood. For further help with Photos on Mac, connect with an Advisor who specializes in it here: https://t.co/IBIY3vMgPj",5,3,2,SUPPORT_RESPONSE_PRESENT
apple_1021148,@AppleSupport hi can u help me,"CUSTOMER: @AppleSupport hi can u help me
SUPPORT: @361647 We've got your back. Let's pair up in DM to get to the bottom of what you're seeing. https://t.co/GDrqU22YpT
CUSTOMER: @AppleSupport followme so i can dm u
SUPPORT: @361647 You can reach us in DM though the link in this message. https://t.co/GDrqU22YpT
CUSTOMER: @AppleSupport it doesnt let me",@361647 You can reach us in DM though the link in this message. https://t.co/GDrqU22YpT,5,3,2,SUPPORT_RESPONSE_PRESENT
apple_1021156,"@AppleSupport can I downgrade my iOS, it’s turned my phone from Bolt to Snail...  a non-responsive mess #awful","CUSTOMER: @AppleSupport can I downgrade my iOS, it’s turned my phone from Bolt to Snail...  a non-responsive mess #awful
SUPPORT: @154184 We'd like to hear more about what's going on. Let us know in DM if you've noticed this issue with any apps in particular. https://t.co/GDrqU22YpT
CUSTOMER: @AppleSupport No it’s everything this reply I type and the phone catches up in 20 seconds and just goes - it’s so bad
SUPPORT: @154184 We appreciate those details. Please send us a DM letting us know the exact iOS version you're using. https://t.co/GDrqU22YpT
CUSTOMER: @AppleSupport DM’d
SUPPORT: @154184 Thank you.",@154184 Thank you.,6,3,3,SUPPORT_RESPONSE_PRESENT
apple_1021537,"in ios10, one day battery life and in #iOS11 4 hours battery life.  Woww... @AppleSupport  @115858 @35361","CUSTOMER: in ios10, one day battery life and in #iOS11 4 hours battery life.  Woww... @AppleSupport  @115858 @35361
SUPPORT: @211514 Thanks for reaching out. We see your DM and we'll respond to you there.",@211514 Thanks for reaching out. We see your DM and we'll respond to you there.,2,1,1,SUPPORT_RESPONSE_PRESENT
apple_1021549,Atualizei meu IOS de novo e tá travando. @AppleSupport ki ki tá contesenu?,"CUSTOMER: Atualizei meu IOS de novo e tá travando. @AppleSupport ki ki tá contesenu?
SUPPORT: @361755 Since our Twitter support is available in English, get help at https://t.co/IBIY3vMgPj or join https://t.co/pvaOFfPbjt
CUSTOMER: @AppleSupport Thank you! I just updated my IOS and it’s still not working properly. The screen is freezing.
SUPPORT: @361755 We'd be happy to look into this. Let us know which iPhone and version of iOS you're using via DM. We'll go from there. https://t.co/GDrqU22YpT",@361755 We'd be happy to look into this. Let us know which iPhone and version of iOS you're using via DM. We'll go from there. https://t.co/GDrqU22YpT,4,2,2,SUPPORT_RESPONSE_PRESENT
apple_1021560,Hey @115858 the new update kills my battery 😩😩😩,"CUSTOMER: Hey @115858 the new update kills my battery 😩😩😩
SUPPORT: @361758 That's not the experience we expect you to have. Which device and software version are you using?
CUSTOMER: @AppleSupport I have an iPhone 7plus I haven’t completed the latest update https://t.co/MV526qkL8o
SUPPORT: @361758 Let's move over to DM to continue investigating this. https://t.co/GDrqU22YpT",@361758 Let's move over to DM to continue investigating this. https://t.co/GDrqU22YpT,4,2,2,SUPPORT_RESPONSE_PRESENT
apple_1021563,I am very disapointed about the new #iOS11 battery consumption. #disaster @115858 @AppleSupport 👎🏻,"CUSTOMER: I am very disapointed about the new #iOS11 battery consumption. #disaster @115858 @AppleSupport 👎🏻
SUPPORT: @361759 Battery life is important. Please send us a DM with the exact iOS 11 version to look further into this. https://t.co/GDrqU22YpT",@361759 Battery life is important. Please send us a DM with the exact iOS 11 version to look further into this. https://t.co/GDrqU22YpT,2,1,1,SUPPORT_RESPONSE_PRESENT
apple_1021681,@AppleSupport when are Apple stores going to have the iPhone X on display?,"CUSTOMER: @AppleSupport when are Apple stores going to have the iPhone X on display?
SUPPORT: @361778 Hello! Thanks for your interest. Check out this link for more info: https://t.co/COYqvrDnEq Enjoy!
CUSTOMER: @AppleSupport I know all about the phone but I want to see it in person and try for myself how it works without the home button.",@361778 Hello! Thanks for your interest. Check out this link for more info: https://t.co/COYqvrDnEq Enjoy!,3,2,1,SUPPORT_RESPONSE_PRESENT
apple_1021683,@AppleSupport is there anyway I can seriously get this Bluetooth issues fixed already you guys do the dumbest updates and ruins the phone,"CUSTOMER: @AppleSupport is there anyway I can seriously get this Bluetooth issues fixed already you guys do the dumbest updates and ruins the phone
SUPPORT: @361779 Thanks for reaching out to us. Can you please clarify the issue that you are having? That way we can better assist you.",@361779 Thanks for reaching out to us. Can you please clarify the issue that you are having? That way we can better assist you.,2,1,1,SUPPORT_RESPONSE_PRESENT
apple_1021686,"@AppleSupport hi iphone 8 plus leaves screen on even though i lock the phone, why? Also I switch off wifi &amp; bluetooth &amp; it turns itself on 😡","CUSTOMER: @AppleSupport hi iphone 8 plus leaves screen on even though i lock the phone, why? Also I switch off wifi &amp; bluetooth &amp; it turns itself on 😡
SUPPORT: @361780 Let's look closer. What steps do you take to lock the iPhone? Also, this has Wi-Fi/Bluetooth details: https://t.co/G7BHuQnDS6
CUSTOMER: @AppleSupport press the top right button, most of the times put phone case cover back, it lights up again without any notification
SUPPORT: @361780 To verify, does this only happen when you have the case on? Let us know in DM and we'll continue there. https://t.co/GDrqU22YpT","@361780 To verify, does this only happen when you have the case on? Let us know in DM and we'll continue there. https://t.co/GDrqU22YpT",4,2,2,SUPPORT_RESPONSE_PRESENT
apple_1021690,Ok so I updated to #ios11 three days ago and my phone has crashed/frozen solid 5 times already wtf @115858,"CUSTOMER: Ok so I updated to #ios11 three days ago and my phone has crashed/frozen solid 5 times already wtf @115858
SUPPORT: @361781 We're happy to assist. Which iOS 11 version are you currently running? Go to Settings &gt; General &gt; About for the version.
CUSTOMER: @AppleSupport 11.0.3 could you dm me please
SUPPORT: @361781 Sure thing! Let us know which country you're located within here in DM: https://t.co/GDrqU22YpT",@361781 Sure thing! Let us know which country you're located within here in DM: https://t.co/GDrqU22YpT,4,2,2,SUPPORT_RESPONSE_PRESENT
apple_1021693,@115858 @AppleSupport a chaque fois que je regarde des vidéos sur mon iPhone 8 la vidéo coupe pendant 5seconde mais le son reste Corriger sa!,"CUSTOMER: @115858 @AppleSupport a chaque fois que je regarde des vidéos sur mon iPhone 8 la vidéo coupe pendant 5seconde mais le son reste Corriger sa!
SUPPORT: @361782 We offer support via Twitter in English. Contact us for help in your preferred language here: https://t.co/IBIY3vMgPj",@361782 We offer support via Twitter in English. Contact us for help in your preferred language here: https://t.co/IBIY3vMgPj,2,1,1,SUPPORT_RESPONSE_PRESENT
apple_1021696,I hate this ios11 update @115858,"CUSTOMER: I hate this ios11 update @115858
SUPPORT: @361783 We want to help. Tell us more about what's happening with iOS 11 and your device.
CUSTOMER: @AppleSupport My phone works super slow since I updated it yesterday &amp; it keeps glitching &amp; freezing up I have to close out apps for them to work properly
SUPPORT: @361783 Okay. Let's look into this further. Join us in DM so we can further assist you: https://t.co/GDrqU22YpT",@361783 Okay. Let's look into this further. Join us in DM so we can further assist you: https://t.co/GDrqU22YpT,4,2,2,SUPPORT_RESPONSE_PRESENT
apple_1021700,@AppleSupport why does my live Photo and flash automatically turn on itself in the camera app? I would like a permanent disable switch.,"CUSTOMER: @AppleSupport why does my live Photo and flash automatically turn on itself in the camera app? I would like a permanent disable switch.
SUPPORT: @361784 That's a great question and we'll certainly take a look into this. To help us out, may we get the iOS version number?
CUSTOMER: @AppleSupport 11.0.2, iPhone 8 plus
SUPPORT: @361784 Tap Flash and choose On or Off, not Auto. Then turn Live Photo on or off and then Settings &gt; Camera &gt; Preserve Settings.
CUSTOMER: @AppleSupport I’ve done that but after a while it reverts
SUPPORT: @361784 Next step, we'll want to get you updated to iOS 11.0.3 and then check those settings again. Let us know how that goes.","@361784 Next step, we'll want to get you updated to iOS 11.0.3 and then check those settings again. Let us know how that goes.",6,3,3,SUPPORT_RESPONSE_PRESENT
apple_1021705,"@AppleSupport every time my iphone 7 gets hot when I use it for a few minutes, pls help me","CUSTOMER: @AppleSupport every time my iphone 7 gets hot when I use it for a few minutes, pls help me
SUPPORT: @361785 We'd be happy to look into this with you. Send us a DM, and we'll continue from there. https://t.co/GDrqU22YpT","@361785 We'd be happy to look into this with you. Send us a DM, and we'll continue from there. https://t.co/GDrqU22YpT",2,1,1,SUPPORT_RESPONSE_PRESENT
apple_1022337,"Hey @AppleSupport, I lost *24% battery in 8 minutes* today… when simply  updating apps.

WHEN is the iOS 11 Battery Drain fix coming? #iOS11 https://t.co/4Ru3VRcEj3","CUSTOMER: Hey @AppleSupport, I lost *24% battery in 8 minutes* today… when simply  updating apps.

WHEN is the iOS 11 Battery Drain fix coming? #iOS11 https://t.co/4Ru3VRcEj3
SUPPORT: @218882 We want to help. Send us a DM and we'll go from there. https://t.co/GDrqU22YpT
CUSTOMER: @AppleSupport Thx, but already did DM support with previous support rep, and my battery proved to be just fine. Already tried all ""tips."" Fix needed ASAP!",@218882 We want to help. Send us a DM and we'll go from there. https://t.co/GDrqU22YpT,3,2,1,SUPPORT_RESPONSE_PRESENT
apple_1022339,"Thank you, @115858. My MacBook Air is only a few months old and the charger has already shorted. Can’t wait to spend $80 for a new one. 🙄","CUSTOMER: Thank you, @115858. My MacBook Air is only a few months old and the charger has already shorted. Can’t wait to spend $80 for a new one. 🙄
SUPPORT: @361909 We'd like to look into this for you. DM us which country you're in, and we'll take it from there. https://t.co/GDrqU22YpT","@361909 We'd like to look into this for you. DM us which country you're in, and we'll take it from there. https://t.co/GDrqU22YpT",2,1,1,SUPPORT_RESPONSE_PRESENT
apple_1022341,it hasnt even been 30 minutes and my phones already at 80. what kind of crack were you on when making this update @115858,"CUSTOMER: it hasnt even been 30 minutes and my phones already at 80. what kind of crack were you on when making this update @115858
SUPPORT: @361910 Let’s get this sorted out together. Send us a DM with which iPhone you are using and we'll go from there. https://t.co/GDrqU22YpT",@361910 Let’s get this sorted out together. Send us a DM with which iPhone you are using and we'll go from there. https://t.co/GDrqU22YpT,2,1,1,SUPPORT_RESPONSE_PRESENT
apple_1022348,"So now #iOS11 #iCloud for #Safari doesn’t work either @AppleSupport?
This new update is a joke!
Steve Jobs would be disgusted at the company","CUSTOMER: So now #iOS11 #iCloud for #Safari doesn’t work either @AppleSupport?
This new update is a joke!
Steve Jobs would be disgusted at the company
CUSTOMER: @AppleSupport Oh joy! Bluetooth connectivity is shit too!
How do I go back to a iOS10 release?
There’s no way #iOS11 should have shipped like this. #Fail
CUSTOMER: @AppleSupport It continues...
Battery life is terrible.
When viewing notifications in unlocked mode, it decides to lock the phone.
#iOS11 is the worst.
CUSTOMER: @AppleSupport Has anyone got suggestions for a good #podcast #app as #iOS11 has apparently decided to screw up their built in #podcasts player as well!
CUSTOMER: @AppleSupport #TouchID fails multiple times now I’m using #iOS11. My fingerprint hasn’t changed so I can only think #Apple is using #PlannedObsolescence.
SUPPORT: @361911 We'd like to look into this with you. Send us a DM including the device you're using. We'll go from there. https://t.co/GDrqU22YpT",@361911 We'd like to look into this with you. Send us a DM including the device you're using. We'll go from there. https://t.co/GDrqU22YpT,6,5,1,SUPPORT_RESPONSE_PRESENT
apple_1022351,ever since i updated to iOS 11 my life has never known peace,"CUSTOMER: ever since i updated to iOS 11 my life has never known peace
CUSTOMER: i still can't even type in my passcode on the lockscreen half the time @AppleSupport WHy is this happening
SUPPORT: @361912 We're here to help! What specifically occurs when attempting to enter your passcode? Let us know via DM. https://t.co/GDrqU22YpT",@361912 We're here to help! What specifically occurs when attempting to enter your passcode? Let us know via DM. https://t.co/GDrqU22YpT,3,2,1,SUPPORT_RESPONSE_PRESENT
apple_1022354,@115858 I need my phone fixed ASAP,"CUSTOMER: @115858 I need my phone fixed ASAP
SUPPORT: @361913 Let us help. Would you tell us what's wrong with your iPhone?
CUSTOMER: @AppleSupport My messages keep getting deleted 🤷🏾‍♂️
SUPPORT: @361913 We definitely want to make sure you're not missing any messages. Join us in DM please and let us know when this started. https://t.co/GDrqU22YpT",@361913 We definitely want to make sure you're not missing any messages. Join us in DM please and let us know when this started. https://t.co/GDrqU22YpT,4,2,2,SUPPORT_RESPONSE_PRESENT
apple_1022571,One of the stranger features of the new @115858 #iPhone update is that it crashes whenever you try to crop a photo. Hoping it will grow on me,"CUSTOMER: One of the stranger features of the new @115858 #iPhone update is that it crashes whenever you try to crop a photo. Hoping it will grow on me
SUPPORT: @361968 We'd like to help. To start, can you tell us the model iPhone and exact iOS version you're using?
CUSTOMER: @AppleSupport 6s, 11.0.3
SUPPORT: @361968 We'll be happy to help look into this with you. DM us and we'll continue there. https://t.co/GDrqU22YpT",@361968 We'll be happy to help look into this with you. DM us and we'll continue there. https://t.co/GDrqU22YpT,4,2,2,SUPPORT_RESPONSE_PRESENT
apple_1022574,@AppleSupport my notification center trippin. it aint lettin me swipe down from the top,"CUSTOMER: @AppleSupport my notification center trippin. it aint lettin me swipe down from the top
SUPPORT: @361969 This is certainly not the behavior we want you to experience. Could you tell us which iPhone and iOS version you're using?",@361969 This is certainly not the behavior we want you to experience. Could you tell us which iPhone and iOS version you're using?,2,1,1,SUPPORT_RESPONSE_PRESENT
apple_1022576,Hey @115858 thanks for the “update.” Super rad. I’m typing this in slow motion because that’s how my phone runs now... #bettergochargeittoo,"CUSTOMER: Hey @115858 thanks for the “update.” Super rad. I’m typing this in slow motion because that’s how my phone runs now... #bettergochargeittoo
SUPPORT: @361970 Please send us a DM with more details about your issue. Thanks. https://t.co/GDrqU22YpT",@361970 Please send us a DM with more details about your issue. Thanks. https://t.co/GDrqU22YpT,2,1,1,SUPPORT_RESPONSE_PRESENT
apple_1022578,"Hey @115858 you’re new update drains battery super fast, figure it out","CUSTOMER: Hey @115858 you’re new update drains battery super fast, figure it out
SUPPORT: @361971 We're here to help. Let's take this to DM so we can better assist you. https://t.co/GDrqU22YpT",@361971 We're here to help. Let's take this to DM so we can better assist you. https://t.co/GDrqU22YpT,2,1,1,SUPPORT_RESPONSE_PRESENT
apple_1022588,"Since updating my #Apple Tv, iPad, &amp; iPhone devices to tvOS 11.0 &amp; iOS 11.x.x, WiFi doesn’t seem to function. Is this @115858 or @ATT? (1/2)","CUSTOMER: Since updating my #Apple Tv, iPad, &amp; iPhone devices to tvOS 11.0 &amp; iOS 11.x.x, WiFi doesn’t seem to function. Is this @115858 or @ATT? (1/2)
SUPPORT: @361972 We'd like to know more about what is happening with your Wi-Fi. Are you having issues connecting or staying connected?
CUSTOMER: @AppleSupport It will disconnect on occasion, but usually it stays connected okay. The performance though is missing. Takes forever to load if at all.
SUPPORT: @361972 To clarify, this is happening just with a specific Wi-Fi network, is that right? Does the issue happen with any other connections?
CUSTOMER: @AppleSupport It’s happening on multiple connections but each network is ATT Uverse / each impacted device is Apple / iOS 11. So those are the constants.
CUSTOMER: @AppleSupport @361972 Ready pull my hair out! iPhone8 WiFi connection died 48 hrs ago. Password wrong&amp;wrong. The 7 IOS devices (include an 8) happily connecting.
CUSTOMER: @361973 @AppleSupport Whos your Internet provider? AT&amp;T Uverse or someone else?  Thanks for your feedback @361973 (we have iPhone 8 Plus, 6s, &amp; two iPad Air)
CUSTOMER: @361973 @AppleSupport 2/. All on iOS 11.x.x. All having issues. 4th gen Apple TV on tvOS 11 has intermittent issues-but not like like the devices. iMac seems ok.
SUPPORT: @361973 Let's work together. We'll continue in DM. https://t.co/GDrqU22YpT
SUPPORT: @361972 Got it, thanks! Going forward, we'd like to have you reach out to us in DM and we'll continue to work from there. https://t.co/GDrqU22YpT","@361972 Got it, thanks! Going forward, we'd like to have you reach out to us in DM and we'll continue to work from there. https://t.co/GDrqU22YpT",10,6,4,SUPPORT_RESPONSE_PRESENT
apple_1022590,@115858 please fix this horrible iOS. My battery life is awful!  64% to 36% in 20 minutes?,"CUSTOMER: @115858 please fix this horrible iOS. My battery life is awful!  64% to 36% in 20 minutes?
SUPPORT: @361974 Thanks for reaching out. We're here to help. DM us so we can look into this further with you. https://t.co/GDrqU22YpT",@361974 Thanks for reaching out. We're here to help. DM us so we can look into this further with you. https://t.co/GDrqU22YpT,2,1,1,SUPPORT_RESPONSE_PRESENT
apple_1022592,"@AppleSupport IOS 11.0.3 Don't work on my Phone, I deleted everything but it didn't work... What can I do?","CUSTOMER: @AppleSupport IOS 11.0.3 Don't work on my Phone, I deleted everything but it didn't work... What can I do?
SUPPORT: @361975 We're here for you. Send us a DM, and we'll take a look at the issue together. https://t.co/GDrqU22YpT","@361975 We're here for you. Send us a DM, and we'll take a look at the issue together. https://t.co/GDrqU22YpT",2,1,1,SUPPORT_RESPONSE_PRESENT
apple_1022594,"@AppleSupport iOS11 is SLOW for iPhone 5S (app launch &amp; keyboard lag) 

Please SIGN AGAIN iOS 10.3.3 or correct all these iOS11 bugs!!","CUSTOMER: @AppleSupport iOS11 is SLOW for iPhone 5S (app launch &amp; keyboard lag) 

Please SIGN AGAIN iOS 10.3.3 or correct all these iOS11 bugs!!
SUPPORT: @361976 We want to do all we can to help work towards a resolution. Use the link below to DM us. https://t.co/GDrqU22YpT",@361976 We want to do all we can to help work towards a resolution. Use the link below to DM us. https://t.co/GDrqU22YpT,2,1,1,SUPPORT_RESPONSE_PRESENT
apple_1022597,"@AppleSupport hey, i just updated my iPhone 6s with the new iOS 11.0.3 and Twitter won't work unless i use Wifi !!","CUSTOMER: @AppleSupport hey, i just updated my iPhone 6s with the new iOS 11.0.3 and Twitter won't work unless i use Wifi !!
SUPPORT: @361977 We'd love to help with your Twitter connection options! Do you have Cellular Data turned on for the app? https://t.co/TF9meIVQH0
CUSTOMER: @AppleSupport I do, i´ve been turning it on and off for the last 3 hours and nothing happens..
SUPPORT: @361977 Just to be clear, are you toggling all of Cellular data off and on, or just the Cellular data permission for Twitter? DM us. https://t.co/GDrqU22YpT","@361977 Just to be clear, are you toggling all of Cellular data off and on, or just the Cellular data permission for Twitter? DM us. https://t.co/GDrqU22YpT",4,2,2,SUPPORT_RESPONSE_PRESENT
apple_1022600,Okay @115858 stop charging me for stuff,"CUSTOMER: Okay @115858 stop charging me for stuff
SUPPORT: @361978 We'd like to see what we can do to assist. Would you DM us and let us know what's going on? https://t.co/GDrqU22YpT",@361978 We'd like to see what we can do to assist. Would you DM us and let us know what's going on? https://t.co/GDrqU22YpT,2,1,1,SUPPORT_RESPONSE_PRESENT
apple_1022605,So my home button is stuck now. @AppleSupport any tips?,"CUSTOMER: So my home button is stuck now. @AppleSupport any tips?
SUPPORT: @361979 Thanks for reaching out, we'd like to help. Let's begin by reviewing the steps listed here: https://t.co/45AlFnF6Ae
CUSTOMER: @AppleSupport I cleaned my home button multiple times. It's pushed into the itouch itself and I don't have the ability to do anything major.
SUPPORT: @361979 Thank you for trying. Please send us a DM, and we'll continue working towards a resolution there. https://t.co/GDrqU22YpT","@361979 Thank you for trying. Please send us a DM, and we'll continue working towards a resolution there. https://t.co/GDrqU22YpT",4,2,2,SUPPORT_RESPONSE_PRESENT
apple_1022920,"@AppleSupport hey with that new update last night i think it messed up the brightness settings, its dimmed and i cant change it.","CUSTOMER: @AppleSupport hey with that new update last night i think it messed up the brightness settings, its dimmed and i cant change it.
SUPPORT: @362057 We'd be happy to look into this with you. Can you tell us what happens when you do try to change the brightness?
CUSTOMER: @AppleSupport Nothing tried sliding it up, down, true tone thing and no response. It was fine before i went to bed then it did the update.
SUPPORT: @362057 Here is a helpful resource: https://t.co/bkqEVCrK2l Let us know if this is what you looked at. Thanks.
CUSTOMER: @AppleSupport Did a restart and now the slider is working again. Thanks
SUPPORT: @362057 Glad to hear. Feel free to reach out to us here if you have questions in the future.",@362057 Glad to hear. Feel free to reach out to us here if you have questions in the future.,6,3,3,SUPPORT_RESPONSE_PRESENT
apple_1022926,@AppleSupport How long will you hold on to an order for me to collect?,"CUSTOMER: @AppleSupport How long will you hold on to an order for me to collect?
SUPPORT: @336536 Hi. To be sure we’re on the same page, did you order a product you’re expecting to be delivered, or do you have pending repair?
CUSTOMER: @AppleSupport I want to order a case and it says collect Monday but I work be able to till Tuesday. Is this ok?
SUPPORT: @336536 Thanks for clarifying. Our Apple Online Sales team would be the best resource for assistance with this: https://t.co/8yjRd1Xo0i",@336536 Thanks for clarifying. Our Apple Online Sales team would be the best resource for assistance with this: https://t.co/8yjRd1Xo0i,4,2,2,SUPPORT_RESPONSE_PRESENT
apple_1022960,@AppleSupport dnd in the auto somehow switches on during video recording in the building. Very annoying ;(,"CUSTOMER: @AppleSupport dnd in the auto somehow switches on during video recording in the building. Very annoying ;(
SUPPORT: @362066 Let's look into this together. Is this after updating to iOS 11.0.3? Let us know in DM and we'll work together to get this sorted. https://t.co/GDrqU22YpT
CUSTOMER: @AppleSupport No idea when it’s started, but yes i’m running 11.0.3
SUPPORT: @362066 What's it set to in Settings &gt; Do Not Disturb &gt; Activate? Let us know in DM. https://t.co/GDrqU22YpT",@362066 What's it set to in Settings &gt; Do Not Disturb &gt; Activate? Let us know in DM. https://t.co/GDrqU22YpT,4,2,2,SUPPORT_RESPONSE_PRESENT
apple_1022962,@115858 my phone has been f**ked up for over three weeks now. Sort out these updates. #imgoingbacktonokia,"CUSTOMER: @115858 my phone has been f**ked up for over three weeks now. Sort out these updates. #imgoingbacktonokia
SUPPORT: @362067 We'd be happy to look into this with you.  Please reach out to us via DM and we'll get started. https://t.co/GDrqU22YpT",@362067 We'd be happy to look into this with you.  Please reach out to us via DM and we'll get started. https://t.co/GDrqU22YpT,2,1,1,SUPPORT_RESPONSE_PRESENT
apple_1022968,@AppleSupport Can you help?? My phone is slow because of the new IOS update,"CUSTOMER: @AppleSupport Can you help?? My phone is slow because of the new IOS update
SUPPORT: @362068 We absolutely can help look into this with you. Which iPhone do you have &amp; which version of iOS is installed?
CUSTOMER: @AppleSupport iPhone 7 11.0.3
SUPPORT: @362068 Great, thanks! How long ago did you update to iOS 11.0.3?
CUSTOMER: @AppleSupport A week ago
SUPPORT: @362068 Great! Go ahead and reach out to us in DM &amp; let us know what country you're located in. We'll continue there. https://t.co/GDrqU22YpT",@362068 Great! Go ahead and reach out to us in DM &amp; let us know what country you're located in. We'll continue there. https://t.co/GDrqU22YpT,6,3,3,SUPPORT_RESPONSE_PRESENT
apple_1023190,"Re-RT  I am having similar issues, @115858 Please fix! ugh.  https://t.co/aIGcBYRMT1","CUSTOMER: Re-RT  I am having similar issues, @115858 Please fix! ugh.  https://t.co/aIGcBYRMT1
SUPPORT: @362135 We want to help. Please DM us about the issues you're experiencing and we'll look into this with you. https://t.co/GDrqU22YpT",@362135 We want to help. Please DM us about the issues you're experiencing and we'll look into this with you. https://t.co/GDrqU22YpT,2,1,1,SUPPORT_RESPONSE_PRESENT
apple_1023466,"Hey @AppleSupport I downloaded update and tried 4 times to install, unidentified error occurs each time, can’t update, what gives? Help pls https://t.co/YZ5QRt8r5J","CUSTOMER: Hey @AppleSupport I downloaded update and tried 4 times to install, unidentified error occurs each time, can’t update, what gives? Help pls https://t.co/YZ5QRt8r5J
SUPPORT: @362199 What steps have you tried so far? Here is a helpful resource: https://t.co/Ui1yTnOCUz Let us know if you have questions.
CUSTOMER: @AppleSupport I cleared space for the update, and I turned off and restarted the iPad, not sure what else to do now
SUPPORT: @362199 Can you let us know if you have been able to review the entire article? Thanks.
CUSTOMER: @AppleSupport Yes, twice, none of it is applicable. I get an error. I have it downloaded and it won’t install, the article doesn’t discuss that
SUPPORT: @362199 Got it. So we just want to make sure that you are unable to update using iTunes as well, correct?
CUSTOMER: @AppleSupport Yes but trying a second time now
SUPPORT: @362199 If there are any further issues, please send us a DM and we can chat there. https://t.co/GDrqU22YpT
CUSTOMER: @AppleSupport Thank you  I will go there","@362199 If there are any further issues, please send us a DM and we can chat there. https://t.co/GDrqU22YpT",9,5,4,SUPPORT_RESPONSE_PRESENT
apple_1023479,IM SICK OF THIS SHIT @115858!!  WHY IS MY PHONE ALWAYS DYING?? WHY HAVENT YOU FIGURED OUT HOW TO SELF CHARGE THE IPHONE?! https://t.co/JfJM8sdeLN,"CUSTOMER: IM SICK OF THIS SHIT @115858!!  WHY IS MY PHONE ALWAYS DYING?? WHY HAVENT YOU FIGURED OUT HOW TO SELF CHARGE THE IPHONE?! https://t.co/JfJM8sdeLN
SUPPORT: @362201 That is not expected. We would like to help. What kind of phone do you have? DM us. https://t.co/GDrqU22YpT",@362201 That is not expected. We would like to help. What kind of phone do you have? DM us. https://t.co/GDrqU22YpT,2,1,1,SUPPORT_RESPONSE_PRESENT
apple_1023481,"@AppleSupport hey I hoy I MacPro 2010, which is the latest OS for it?","CUSTOMER: @AppleSupport hey I hoy I MacPro 2010, which is the latest OS for it?
SUPPORT: @362202 A Mac Pro can download the latest macOS, High Sierra. You can learn more here: https://t.co/109nnHwfMC","@362202 A Mac Pro can download the latest macOS, High Sierra. You can learn more here: https://t.co/109nnHwfMC",2,1,1,SUPPORT_RESPONSE_PRESENT
apple_1023484,@AppleSupport help,"CUSTOMER: @AppleSupport help
SUPPORT: @362203 We'll do what we can to help. Let us know what's going on.
CUSTOMER: @AppleSupport i have spotify on my homescreen but its stuck on the same song and on pause, music is playing but i cant skip or anything
SUPPORT: @362203 Let's get you back to enjoying your music. Give these steps here a shot first: https://t.co/fUZ0NRJxcn",@362203 Let's get you back to enjoying your music. Give these steps here a shot first: https://t.co/fUZ0NRJxcn,4,2,2,SUPPORT_RESPONSE_PRESENT
apple_1023489,@AppleSupport i use iphone 6 why its battery is fast once run out,"CUSTOMER: @AppleSupport i use iphone 6 why its battery is fast once run out
SUPPORT: @362204 We're happy to help. Can you tell us which iOS version you are currently using please?
CUSTOMER: @AppleSupport iOS 11.0.3
CUSTOMER: @AppleSupport I use iOS 11.0.3
SUPPORT: @362204 Okay. Let us help you get this sorted out. Join us in DM so we can better assist you: https://t.co/GDrqU22YpT",@362204 Okay. Let us help you get this sorted out. Join us in DM so we can better assist you: https://t.co/GDrqU22YpT,5,3,2,SUPPORT_RESPONSE_PRESENT
apple_1023492,Hey @AppleSupport I don’t remember setting up a password for my iPhone backup but iTunes is asking for one.,"CUSTOMER: Hey @AppleSupport I don’t remember setting up a password for my iPhone backup but iTunes is asking for one.
SUPPORT: @362205 iTunes encrypted passwords are a great way to protect your data. For more information, check this out: https://t.co/s6tdVStcb2","@362205 iTunes encrypted passwords are a great way to protect your data. For more information, check this out: https://t.co/s6tdVStcb2",2,1,1,SUPPORT_RESPONSE_PRESENT
apple_1023495,"@AppleSupport hello, everytime i open safari it crashes before i can even enter a web site","CUSTOMER: @AppleSupport hello, everytime i open safari it crashes before i can even enter a web site
SUPPORT: @362206 Hi there! Let's work together and get you back into Safari. For starters, what type of device are we working with?","@362206 Hi there! Let's work together and get you back into Safari. For starters, what type of device are we working with?",2,1,1,SUPPORT_RESPONSE_PRESENT
apple_1023498,@AppleSupport Hi i am locked out of my iTunes account. Status of recovery says 23 hours however i need access urgently. anything i can do?,"CUSTOMER: @AppleSupport Hi i am locked out of my iTunes account. Status of recovery says 23 hours however i need access urgently. anything i can do?
SUPPORT: @362207 Hey there! Please check out the following article for more help with account recovery: https://t.co/nXAGZj0EE7
CUSTOMER: @AppleSupport @362207 . @AppleSupport can't help with Account Recovery. I spent HOURS  on the phone with 3 different people w/ ZERO results. Get a @125607.",@362207 Hey there! Please check out the following article for more help with account recovery: https://t.co/nXAGZj0EE7,3,2,1,SUPPORT_RESPONSE_PRESENT
apple_102355,"@AppleSupport MacBook won’t turn on...gives me this screen, I need my serial number to call Apple support, won’t turn on....HELP https://t.co/1s2CwpdWEG","CUSTOMER: @AppleSupport MacBook won’t turn on...gives me this screen, I need my serial number to call Apple support, won’t turn on....HELP https://t.co/1s2CwpdWEG
SUPPORT: @138468 No worries. Help has arrived. We have a few questions that will help us get to the bottom of this. How were you using your Mac just before this occurred? Have you added new external hardware or accessories? Send us a DM. https://t.co/GDrqU22YpT",@138468 No worries. Help has arrived. We have a few questions that will help us get to the bottom of this. How were you using your Mac just before this occurred? Have you added new external hardware or accessories? Send us a DM. https://t.co/GDrqU22YpT,2,1,1,SUPPORT_RESPONSE_PRESENT
apple_102358,"Hi @AppleSupport since I’ve updated my iphone 6, sometimes it freezes while writing a message here, on Line or elsewhere. Never happened before. What the fuck? More than an update, its a #downdate . Get your shit together please, for Jobs’s sake!! 

Sincerely pissed,

A user","CUSTOMER: Hi @AppleSupport since I’ve updated my iphone 6, sometimes it freezes while writing a message here, on Line or elsewhere. Never happened before. What the fuck? More than an update, its a #downdate . Get your shit together please, for Jobs’s sake!! 

Sincerely pissed,

A user
SUPPORT: @138469 We'd like to look into your performance concerns with you. Reach out via DM using the link below and let us know what version of iOS 11 you have installed. You can check by tapping Settings &gt; General &gt; About. https://t.co/GDrqU22YpT
CUSTOMER: @AppleSupport Wow! Thanks for answering! And sorry for the bad language! (Although it served its purpose hehe) Sending that DM right now! 😊👍🏼",@138469 We'd like to look into your performance concerns with you. Reach out via DM using the link below and let us know what version of iOS 11 you have installed. You can check by tapping Settings &gt; General &gt; About. https://t.co/GDrqU22YpT,3,2,1,SUPPORT_RESPONSE_PRESENT
apple_1023599,"my phone crashed &amp; the 2 options were to restore it to factory settings or to update it, updating would mean the photos &amp; notes dont get deleted yet everything of 1 year is GONE now.. photos, notes, EVERYTHING. it went to factory setting automatically. i hate @115858 @AppleSupport","CUSTOMER: my phone crashed &amp; the 2 options were to restore it to factory settings or to update it, updating would mean the photos &amp; notes dont get deleted yet everything of 1 year is GONE now.. photos, notes, EVERYTHING. it went to factory setting automatically. i hate @115858 @AppleSupport
SUPPORT: @362223 Hi. This is not the experience we want you to have. We're here to help you. Have you looked to see if you had a backup of your iPhone? Here's how to check for one: https://t.co/vU7gSUiOfd
CUSTOMER: @AppleSupport no 😔 i’ll make one so that such thing wont happen again. i already called apple they said they couldnt help since i didnt have a backup at the time but that it wasnt supposed to go to factory settings automatically and that this has happened before",@362223 Hi. This is not the experience we want you to have. We're here to help you. Have you looked to see if you had a backup of your iPhone? Here's how to check for one: https://t.co/vU7gSUiOfd,3,2,1,SUPPORT_RESPONSE_PRESENT
apple_102363,"Dear @AppleSupport, the feature that is suppose to keep Live Photos off doesn’t work. A fix would be nice. Thanks!","CUSTOMER: Dear @AppleSupport, the feature that is suppose to keep Live Photos off doesn’t work. A fix would be nice. Thanks!
SUPPORT: @138471 Let's look into that. Send us a DM and we'll go from there. https://t.co/GDrqU22YpT",@138471 Let's look into that. Send us a DM and we'll go from there. https://t.co/GDrqU22YpT,2,1,1,SUPPORT_RESPONSE_PRESENT
apple_1023839,@AppleSupport any way to disable the unified media keys on High Sierra? Thanks,"CUSTOMER: @AppleSupport any way to disable the unified media keys on High Sierra? Thanks
SUPPORT: @362281 Great question. There isn't a way to disable that, but if you'd like, please submit your feedback here: https://t.co/eTPVYVFyd8
CUSTOMER: @AppleSupport Okay thanks you","@362281 Great question. There isn't a way to disable that, but if you'd like, please submit your feedback here: https://t.co/eTPVYVFyd8",3,2,1,SUPPORT_RESPONSE_PRESENT
apple_1023841,@AppleSupport the screen had the alarm screen showing with the options for cancel/snooze but that was it. Haven’t changed my alarm settings,"CUSTOMER: @AppleSupport the screen had the alarm screen showing with the options for cancel/snooze but that was it. Haven’t changed my alarm settings
SUPPORT: @362282 Let's look into that. Send us a DM and we'll go from there. https://t.co/GDrqU22YpT",@362282 Let's look into that. Send us a DM and we'll go from there. https://t.co/GDrqU22YpT,2,1,1,SUPPORT_RESPONSE_PRESENT
apple_1023843,Ugh worst #iOS update yet 😡 can’t even read email it freezes right away. Can’t open pics on #Facebook without freezing @115858 please fix 😢,"CUSTOMER: Ugh worst #iOS update yet 😡 can’t even read email it freezes right away. Can’t open pics on #Facebook without freezing @115858 please fix 😢
SUPPORT: @362283 Let's look into this. Send us a DM and we'll go from there. https://t.co/GDrqU22YpT",@362283 Let's look into this. Send us a DM and we'll go from there. https://t.co/GDrqU22YpT,2,1,1,SUPPORT_RESPONSE_PRESENT
apple_1023845,@115858  hiiiii I'm very upset https://t.co/bf4tVBeSB3,"CUSTOMER: @115858  hiiiii I'm very upset https://t.co/bf4tVBeSB3
SUPPORT: @362284 Hey, we can look into some options together. Send us a DM and we'll go from there. https://t.co/GDrqU22YpT","@362284 Hey, we can look into some options together. Send us a DM and we'll go from there. https://t.co/GDrqU22YpT",2,1,1,SUPPORT_RESPONSE_PRESENT
apple_1023850,My bf has been having trouble with his new IPhone 8 plus... been on the phone with @AppleSupport to be hung up on 3 times. #teamandroid,"CUSTOMER: My bf has been having trouble with his new IPhone 8 plus... been on the phone with @AppleSupport to be hung up on 3 times. #teamandroid
SUPPORT: @362285 That's not the experience we want him to have. We want to hear more about this. DM us what's going on to get started. https://t.co/GDrqU22YpT
CUSTOMER: @AppleSupport We are already switching to android.. we already tried and done trying to solve the issue with you guys @AppleSupport
SUPPORT: @362285 Please meet us in DM if you decide you would like us to take a further look at this with you. https://t.co/GDrqU22YpT",@362285 Please meet us in DM if you decide you would like us to take a further look at this with you. https://t.co/GDrqU22YpT,4,2,2,SUPPORT_RESPONSE_PRESENT
apple_1024291,"@115858 ummm, y’all should def change this auto brightness bullshit because it annoys tf out of me. Was much better when you had a choice.","CUSTOMER: @115858 ummm, y’all should def change this auto brightness bullshit because it annoys tf out of me. Was much better when you had a choice.
SUPPORT: @362402 We are here to help! Check out this article on how to turn off this feature in iOS11: https://t.co/bkqEVCrK2l
CUSTOMER: @AppleSupport I understand that. But my phone has been automatically turning up or down by itself. You used to be able to turn this on or off...*thread*
CUSTOMER: @AppleSupport Now you don’t have a choice. I said Auto-brightness. Not brightness.
SUPPORT: @362402 Please navigate to Settings &gt; General &gt; Accessibility &gt; Display Accommodations. Do you see the option for auto-brightness?
CUSTOMER: @AppleSupport Thank you!!!!!",@362402 Please navigate to Settings &gt; General &gt; Accessibility &gt; Display Accommodations. Do you see the option for auto-brightness?,6,4,2,SUPPORT_RESPONSE_PRESENT
apple_1024299,all of my messages deleted on my phone im upset,"CUSTOMER: all of my messages deleted on my phone im upset
CUSTOMER: why did this happen @AppleSupport
SUPPORT: @362403 We're sorry to hear that has happened. We understand how valuable your messages are! Which device are they missing from?
CUSTOMER: @AppleSupport iphone 6
SUPPORT: @362403 We want to help. So that we may continue, please use the link below to start a DM conversation with us. https://t.co/GDrqU22YpT","@362403 We want to help. So that we may continue, please use the link below to start a DM conversation with us. https://t.co/GDrqU22YpT",5,3,2,SUPPORT_RESPONSE_PRESENT
apple_1024303,@115858 plis fix the bug on iPad. Especially the split view.,"CUSTOMER: @115858 plis fix the bug on iPad. Especially the split view.
SUPPORT: @362404 We want to hear more about the Split View issue you are experiencing. Provide us more details. Which iOS version are you using?
CUSTOMER: @AppleSupport 11.0.3
CUSTOMER: @AppleSupport At some point the apps from the dock doesn’t do the split view. It just not working
SUPPORT: @362404 Which iPad model do you have? Have you tried these steps? https://t.co/QqNucwTHTh",@362404 Which iPad model do you have? Have you tried these steps? https://t.co/QqNucwTHTh,5,3,2,SUPPORT_RESPONSE_PRESENT
apple_1024307,"@AppleSupport Mail menu overlaps #iOS top bar since #11.0 on #7Plus, can’t cancel, only kill app and restart https://t.co/vtJxw94LFI","CUSTOMER: @AppleSupport Mail menu overlaps #iOS top bar since #11.0 on #7Plus, can’t cancel, only kill app and restart https://t.co/vtJxw94LFI
SUPPORT: @362405 We want to help. Which version of iOS 11 are you currently running?
CUSTOMER: @AppleSupport 11.0.3
SUPPORT: @362405 Hey there. Thanks for getting back to us. Let's meet up in DM and continue the conversation. https://t.co/GDrqU22YpT",@362405 Hey there. Thanks for getting back to us. Let's meet up in DM and continue the conversation. https://t.co/GDrqU22YpT,4,2,2,SUPPORT_RESPONSE_PRESENT
apple_1024310,"@115858 Natalie, Reston Virginia store went above and beyond today to offer a great experience.  Deserved a shout out for tremendous service","CUSTOMER: @115858 Natalie, Reston Virginia store went above and beyond today to offer a great experience.  Deserved a shout out for tremendous service
SUPPORT: @362406 Thanks for sharing your story, and we're delighted your visit went well. Please reach out if you need anything in the future.","@362406 Thanks for sharing your story, and we're delighted your visit went well. Please reach out if you need anything in the future.",2,1,1,SUPPORT_RESPONSE_PRESENT
apple_1024325,Flight + AirPods + Breaker = pure enjoyment 🍉,"CUSTOMER: Flight + AirPods + Breaker = pure enjoyment 🍉
CUSTOMER: But, what the hell happened to AirPods/Audio in ios11, so. many. bugs.
CUSTOMER: @296709 I'm having them randomly drop in the middle of calls, dropping after I hang up etc. @AppleSupport
CUSTOMER: @296709 @AppleSupport They are pretty much unusable. Also will work for phone, but not podcast.. Went from a 10 to zero fast! Please help @AppleSupport @116333
SUPPORT: @362407 We are here to help! Let's start with the iOS version on the iPhone. This can be found by going to Settings &gt; General &gt; About.
CUSTOMER: @AppleSupport 11.0.3
SUPPORT: @362407 If you use the AirPods with other devices, do you have any issues? Let's try setting them up again: https://t.co/1gycpwHngk
CUSTOMER: @AppleSupport Only use on my iphone8+
SUPPORT: @362407 Okay, do you have an additional device we can test the AirPods with?
CUSTOMER: @AppleSupport Sure my iMac
CUSTOMER: @AppleSupport They work just fine on the computer. You’ve got a bug on the iPhone
SUPPORT: @362407 We want to help. So that we may continue, please use the link below to start a DM conversation with us. https://t.co/GDrqU22YpT","@362407 We want to help. So that we may continue, please use the link below to start a DM conversation with us. https://t.co/GDrqU22YpT",12,8,4,SUPPORT_RESPONSE_PRESENT
apple_1024336,"Okay, @AppleSupport, what do I have to do now to get my ApPencil to stop draining its own and my iPad’s battery when I’ve finished using it?","CUSTOMER: Okay, @AppleSupport, what do I have to do now to get my ApPencil to stop draining its own and my iPad’s battery when I’ve finished using it?
CUSTOMER: @AppleSupport Like everyone else in the world with one, I was in the habit of turning Bluetooth off and on to shut it down. But now it stays connected.
CUSTOMER: @AppleSupport You’re surely aware of the workaround that nobody didn’t use as a matter of course, so surely you didn’t kill it without a replacing feature
SUPPORT: @173312 We can help with turning Bluetooth completely off. This article shows how to turn it works in iOS 11: https://t.co/G7BHuQnDS6
CUSTOMER: @AppleSupport I know how to turn Bluetooth off. That's not a helpful workaround when I want to use universal clipboard, is it?
CUSTOMER: @AppleSupport If I want to stop my pencil draining when it's clipped to my iPad case or safely in my handbag, I've got to disable a really good feature?
CUSTOMER: @AppleSupport This is a preposterous state of affairs for a first-party £100 hand accessory for a £600 mobile device whose firm markets as 'it just works'
CUSTOMER: @AppleSupport Is there any way to easily reinstall iOS 10? Genuine question.
SUPPORT: @173312 While you are unable to downgrade your iOS software, we ask that you leave feedback on Bluetooth here: https://t.co/eTPVYVFyd8
CUSTOMER: @AppleSupport I'll write an essay for it tomorrow","@173312 While you are unable to downgrade your iOS software, we ask that you leave feedback on Bluetooth here: https://t.co/eTPVYVFyd8",10,8,2,SUPPORT_RESPONSE_PRESENT
apple_1024339,"@AppleSupport my iPhone 6 is updated to 11.0.3 and now for some reason it only charges on the computer, won’t charge on any wall mount","CUSTOMER: @AppleSupport my iPhone 6 is updated to 11.0.3 and now for some reason it only charges on the computer, won’t charge on any wall mount
CUSTOMER: @AppleSupport Including the factory made one I got with it. Why is this
SUPPORT: @362408 Rest assured, we're glad to help with your iPhone. To start, let us know if this support guide helps: https://t.co/uqxquyfdn0","@362408 Rest assured, we're glad to help with your iPhone. To start, let us know if this support guide helps: https://t.co/uqxquyfdn0",3,2,1,SUPPORT_RESPONSE_PRESENT
apple_1024341,"After updating to iOS 11, my battery is horrible!! Are you going to fix this? #apple #ios11update #ios11issues @115858","CUSTOMER: After updating to iOS 11, my battery is horrible!! Are you going to fix this? #apple #ios11update #ios11issues @115858
SUPPORT: @362409 We're here for you. Send us a DM, and we'll take a closer look at your device there. https://t.co/GDrqU22YpT","@362409 We're here for you. Send us a DM, and we'll take a closer look at your device there. https://t.co/GDrqU22YpT",2,1,1,SUPPORT_RESPONSE_PRESENT
apple_1024344,@AppleSupport I have a 6s and after the IOS 11.0.3 Update the apps on the phone have start to become unresponsive after some time of usage,"CUSTOMER: @AppleSupport I have a 6s and after the IOS 11.0.3 Update the apps on the phone have start to become unresponsive after some time of usage
SUPPORT: @362410 Thanks for reaching out to Apple Support. Can you tell us more about your symptoms?
CUSTOMER: @AppleSupport Some of the apps become nonresponsive after using it for sometime &amp; some of the buttons don't respond as well like the back &amp; cancel button
SUPPORT: @362410 DM which apps you are having trouble with so we can continue to help. https://t.co/GDrqU22YpT",@362410 DM which apps you are having trouble with so we can continue to help. https://t.co/GDrqU22YpT,4,2,2,SUPPORT_RESPONSE_PRESENT
apple_1024347,@AppleSupport since upgrading to iOS 11 my iPhone 6s Plus often stay sin landscape mode and freeze in that way. I’ve updated to 11.0.3 &amp;same,"CUSTOMER: @AppleSupport since upgrading to iOS 11 my iPhone 6s Plus often stay sin landscape mode and freeze in that way. I’ve updated to 11.0.3 &amp;same
SUPPORT: @362411 We'd like to help. Send us a DM. https://t.co/GDrqU22YpT",@362411 We'd like to help. Send us a DM. https://t.co/GDrqU22YpT,2,1,1,SUPPORT_RESPONSE_PRESENT
apple_1024349,"@AppleSupport which macbook incase from the website fits in the new macbook pro with the touch bar? mine's a 15""","CUSTOMER: @AppleSupport which macbook incase from the website fits in the new macbook pro with the touch bar? mine's a 15""
SUPPORT: @362412 Our Sales Support will be the best ones to answer this question. Reach them by following this link: https://t.co/8yjRd1Xo0i",@362412 Our Sales Support will be the best ones to answer this question. Reach them by following this link: https://t.co/8yjRd1Xo0i,2,1,1,SUPPORT_RESPONSE_PRESENT
apple_1024352,@AppleSupport the new #iosupdate is useless! SO many problems with my phone since! Today alarm doesn’t make sound #imlateforworktoday!!! 😡,"CUSTOMER: @AppleSupport the new #iosupdate is useless! SO many problems with my phone since! Today alarm doesn’t make sound #imlateforworktoday!!! 😡
CUSTOMER: @AppleSupport Screen goes dead, apps cut out, can’t hear ppl on phone until rebooted, time&amp;date disappear from lock screen. #iosupdate #sortitout
SUPPORT: @362413 We want to help. Meet us in DM and we'll work towards a solution together. https://t.co/GDrqU22YpT
CUSTOMER: @AppleSupport I had a case ID, phone call with the team, restored my phone. Thought I’d just check my alarm works before bed - SAME PROBLEM!
SUPPORT: @362413 Please send us a DM with the case number or serial number for your device. Thanks. https://t.co/GDrqU22YpT",@362413 Please send us a DM with the case number or serial number for your device. Thanks. https://t.co/GDrqU22YpT,5,3,2,SUPPORT_RESPONSE_PRESENT
apple_1024358,Ugh fuck iOS 11. I gotta open every app w/ music individually to pause it?? The music buttons on the home screen don’t work. Fix it @115858,"CUSTOMER: Ugh fuck iOS 11. I gotta open every app w/ music individually to pause it?? The music buttons on the home screen don’t work. Fix it @115858
SUPPORT: @362414 We'd like to get a closer look. Are you attempting to control the Music from the lock screen, Control Panel or both?
CUSTOMER: @AppleSupport Both. Sometimes a music control will appear on lock screen while playing from the music app but it says it’s not playing and won’t affect it
CUSTOMER: @AppleSupport You have to go to specific app to pause audio or increase volume. Spotify audio doesn’t appear on lock screen or home.
CUSTOMER: @AppleSupport And if you use Siri, Spotify audio will not resume unless you go and close app completely. The control center shows only music app controls
SUPPORT: @362414  Send us a DM with the country that you are located in to proceed. https://t.co/GDrqU22YpT",@362414  Send us a DM with the country that you are located in to proceed. https://t.co/GDrqU22YpT,6,4,2,SUPPORT_RESPONSE_PRESENT
apple_1024361,@AppleSupport WWF freezes black screen after a move— must restart iPhone6  2 continue. I want to return to previous ios version n/a.,"CUSTOMER: @AppleSupport WWF freezes black screen after a move— must restart iPhone6  2 continue. I want to return to previous ios version n/a.
SUPPORT: @362415 Let's meet up in DM and gather some additional information to help you with these concerns.",@362415 Let's meet up in DM and gather some additional information to help you with these concerns.,2,1,1,SUPPORT_RESPONSE_PRESENT
apple_1024586,@AppleSupport is there something I can do to have the autocorrect stop? The new iOS is changing simple words like food to good in my texts.,"CUSTOMER: @AppleSupport is there something I can do to have the autocorrect stop? The new iOS is changing simple words like food to good in my texts.
SUPPORT: @362452 Let's help tailor the Settings to your preference. For a full breakdown on this, please view: https://t.co/U5VKSTl2CD","@362452 Let's help tailor the Settings to your preference. For a full breakdown on this, please view: https://t.co/U5VKSTl2CD",2,1,1,SUPPORT_RESPONSE_PRESENT
apple_1025575,"@115858 since the update to 11.0.3 I’ve lost the ability to connect to wifi, thanks for wasting my data #getittogether #iOS11 #AppleProblems","CUSTOMER: @115858 since the update to 11.0.3 I’ve lost the ability to connect to wifi, thanks for wasting my data #getittogether #iOS11 #AppleProblems
SUPPORT: @362680 We can help. Does this occur with all Wi-Fi networks? Is the icon grayed out?",@362680 We can help. Does this occur with all Wi-Fi networks? Is the icon grayed out?,2,1,1,SUPPORT_RESPONSE_PRESENT
apple_1025577,"@AppleSupport please kill iOS 11, I can’t even message anymore https://t.co/IXBelNlxt7","CUSTOMER: @AppleSupport please kill iOS 11, I can’t even message anymore https://t.co/IXBelNlxt7
SUPPORT: @362681 We'd be happy to help. Send us a DM and we can start there. https://t.co/GDrqU22YpT",@362681 We'd be happy to help. Send us a DM and we can start there. https://t.co/GDrqU22YpT,2,1,1,SUPPORT_RESPONSE_PRESENT
apple_1025579,@AppleSupport my photos have disappeared from my iphone se. All of them. In the cloud but not showing on my phone. Help,"CUSTOMER: @AppleSupport my photos have disappeared from my iphone se. All of them. In the cloud but not showing on my phone. Help
SUPPORT: @362682 Thanks for reaching out. We're here to help. DM us so we can look into this further with you. https://t.co/GDrqU22YpT",@362682 Thanks for reaching out. We're here to help. DM us so we can look into this further with you. https://t.co/GDrqU22YpT,2,1,1,SUPPORT_RESPONSE_PRESENT
apple_1025585,Hey @115858 @AppleSupport ...iMessage is broken since High Sierra upgrade #imessageSUCKS #GetItRight #SMH #techcompanyfail,"CUSTOMER: Hey @115858 @AppleSupport ...iMessage is broken since High Sierra upgrade #imessageSUCKS #GetItRight #SMH #techcompanyfail
SUPPORT: @362683 We're here to help find the best solution. What is going on with your iMessage?
CUSTOMER: @AppleSupport inexplicable lag between iOS incoming messages and showing up in iMessage on Mac...sometimes normal...often 20 or 30 minutes...High Sierra
CUSTOMER: @AppleSupport based on online comments...I'm not the only one
CUSTOMER: @AppleSupport btw...Mail sucks too...constant rainbow wheel of death requiring force quit. Hearbeat away from quitting all apple services...which...
CUSTOMER: @AppleSupport ...gives me pause regarding hardware.
SUPPORT: @362683 We'll want to help find a solution. DM us what troubleshooting steps you've tried and we'll continue. https://t.co/GDrqU22YpT",@362683 We'll want to help find a solution. DM us what troubleshooting steps you've tried and we'll continue. https://t.co/GDrqU22YpT,7,5,2,SUPPORT_RESPONSE_PRESENT
apple_1025589,@115858 managed to break mail.  How is that even possible #badux #legacy #crappy #code,"CUSTOMER: @115858 managed to break mail.  How is that even possible #badux #legacy #crappy #code
SUPPORT: @254073 We'd like to help. DM us which device and software you're on. https://t.co/GDrqU22YpT
CUSTOMER: @AppleSupport Your QA department should be well aware of the issues.  I’m not paid to fix your broken stuff.",@254073 We'd like to help. DM us which device and software you're on. https://t.co/GDrqU22YpT,3,2,1,SUPPORT_RESPONSE_PRESENT
apple_1025591,Have had to reset my @AppleSupport #iphone7 TWICE today because it keeps freezing and the buttons and touch screen won’t work. 😡,"CUSTOMER: Have had to reset my @AppleSupport #iphone7 TWICE today because it keeps freezing and the buttons and touch screen won’t work. 😡
SUPPORT: @362684 We'd be happy to help you out with this! Which iOS version are you running? Let us know in a DM. https://t.co/GDrqU22YpT",@362684 We'd be happy to help you out with this! Which iOS version are you running? Let us know in a DM. https://t.co/GDrqU22YpT,2,1,1,SUPPORT_RESPONSE_PRESENT
apple_1025596,@AppleSupport how can I fix my wifi from disconnecting with my iPhone? Wifi strength is not the problem,"CUSTOMER: @AppleSupport how can I fix my wifi from disconnecting with my iPhone? Wifi strength is not the problem
SUPPORT: @362687 Hi there! Can you give us some more details on what's going on? Does this happen on all Wi-Fi networks or just one?
CUSTOMER: @AppleSupport I’ve only npticed it happening on one
SUPPORT: @362687 Thanks for the info. Send us a DM and we will continue from there. https://t.co/GDrqU22YpT",@362687 Thanks for the info. Send us a DM and we will continue from there. https://t.co/GDrqU22YpT,4,2,2,SUPPORT_RESPONSE_PRESENT
apple_1025600,"@AppleSupport hello.
since the last update I can’t connect my Marshall music device to bluetooth. Can you help me? Thanks","CUSTOMER: @AppleSupport hello.
since the last update I can’t connect my Marshall music device to bluetooth. Can you help me? Thanks
SUPPORT: @362688 We're happy to help. Is the Marshall the only Bluetooth device that can't connect? Have you tried a different device?
CUSTOMER: @AppleSupport Yes, is the only...
SUPPORT: @362688 If other devices connect, have you been able to reach out to the manufacturer of the Marshall about a firmware update?
CUSTOMER: @AppleSupport I do not think I can update the device https://t.co/p9mlCRP7jJ
CUSTOMER: @AppleSupport  https://t.co/H3icmElFaQ
SUPPORT: @362688 Send us a DM. We'd like to take a closer look. https://t.co/GDrqU22YpT
CUSTOMER: @AppleSupport @362688 Send them a DM so they will never reply!!
CUSTOMER: @342402 @AppleSupport 🤦🏾‍♂️",@362688 Send us a DM. We'd like to take a closer look. https://t.co/GDrqU22YpT,9,6,3,SUPPORT_RESPONSE_PRESENT
apple_1025608,Dear @AppleSupport @115858 I loved your iphotos app WAAAAAY more than photos. It takes over 10 min for photos to even open on iMac. ☹️ https://t.co/YTRsLeZvmc,"CUSTOMER: Dear @AppleSupport @115858 I loved your iphotos app WAAAAAY more than photos. It takes over 10 min for photos to even open on iMac. ☹️ https://t.co/YTRsLeZvmc
SUPPORT: @362689 Let's see what we can do to help. Let's get you in contact with our Photos team here: https://t.co/0PATYGSGKU",@362689 Let's see what we can do to help. Let's get you in contact with our Photos team here: https://t.co/0PATYGSGKU,2,1,1,SUPPORT_RESPONSE_PRESENT
apple_1025612,@AppleSupport is FCPX crashing on external displays with High Sierra being fixed any time soon?,"CUSTOMER: @AppleSupport is FCPX crashing on external displays with High Sierra being fixed any time soon?
SUPPORT: @362690 That's an amazing app and we'd like to help any way we can to get it working right with external displays. What's your Mac model?
CUSTOMER: @AppleSupport It is a 2017 MacBook Pro. Brand new. This is a known issue with complaints all over your support forums.
SUPPORT: @362690 For assistance on this, please reach out to our Final Cut Pro X team. You can contact them with this link: https://t.co/IBIY3vMgPj","@362690 For assistance on this, please reach out to our Final Cut Pro X team. You can contact them with this link: https://t.co/IBIY3vMgPj",4,2,2,SUPPORT_RESPONSE_PRESENT
apple_1025616,what the actual fuck is the point of this if it doesn’t fucking work!? @AppleSupport @118721 https://t.co/jLKVl3OhfU,"CUSTOMER: what the actual fuck is the point of this if it doesn’t fucking work!? @AppleSupport @118721 https://t.co/jLKVl3OhfU
CUSTOMER: @AppleSupport @118721 literally listening to music on my phone right now but no this shit doesn’t work
SUPPORT: @362691 Which device and version of iOS are you using? Check Settings &gt; General &gt; About, and let us know in DM. https://t.co/GDrqU22YpT","@362691 Which device and version of iOS are you using? Check Settings &gt; General &gt; About, and let us know in DM. https://t.co/GDrqU22YpT",3,2,1,SUPPORT_RESPONSE_PRESENT
apple_1025619,@AppleSupport my ringtones have all disappeared from my phone! They are still under the ringtones file on my computer,"CUSTOMER: @AppleSupport my ringtones have all disappeared from my phone! They are still under the ringtones file on my computer
SUPPORT: @362692 Let's work together to look into this. Which iPhone  and version of iOS are you using? When did you first notice this issue?
CUSTOMER: @AppleSupport I have an iPhone 6 and I was just prompted to download the newest iOS
SUPPORT: @362692 Okay. To clarify, your ringtones disappeared after updating to iOS 11.0.3, is that right?
CUSTOMER: @AppleSupport Oh yes sorry, I noticed yesterday that my normal ringtone and text tone was not playing. I’ve customized my familys tones
SUPPORT: @362692 So the default ringtones play when you receive phone calls. Which country are you in? Please reply in DM. https://t.co/GDrqU22YpT
CUSTOMER: @AppleSupport @362692 Apple is not honest!!",@362692 So the default ringtones play when you receive phone calls. Which country are you in? Please reply in DM. https://t.co/GDrqU22YpT,7,4,3,SUPPORT_RESPONSE_PRESENT
apple_1025630,@AppleSupport There is a bug with ios 11 after receiving this alert it still shows up when I quiet.,"SUPPORT: Keep your eyes on the road, not on your #iPhone. Use Do Not Disturb While Driving to limit notifications. https://t.co/CQfnicS7WD
CUSTOMER: @AppleSupport There is a bug with ios 11 after receiving this alert it still shows up when I quiet.
CUSTOMER: @AppleSupport El iOS 11.0.3 en mi iPhone 6s funciona muy mal , estoy absolutamente disgustado , el teléfono funciona con retardo y poca fluidez
SUPPORT: @362693 We'd like to better understand what's going on to help. This message shows up even after toggling 'Do Not Disturb' on, correct?
CUSTOMER: @AppleSupport That's it, suppose I am on a train, then I get off the train and start to walk, I keep receiving this alerts (like 4 or 5)
SUPPORT: @362822 We offer support via Twitter in English. Get help in Spanish here: https://t.co/IBIY3vMgPj or join https://t.co/OczyRx7IOs
CUSTOMER: @AppleSupport how about you fix the battery with the iOS 11 I have an iPhone SE and ever since I did the upgrade it’s horrible.
SUPPORT: @362693 Which model do you have and is iOS 11.0.3 installed? Any steps tried so far and if yes, which ones?
CUSTOMER: @AppleSupport iPhone 6 yes and I installed before 11.0.0, 11.0.1, 11.0.0,2. I and still having the annoying keyboard lag. I also tried a clean install too
SUPPORT: @363017 Let's see how we can help. Send us a DM letting us know which iOS version you're running. https://t.co/GDrqU22YpT
SUPPORT: @362693 What did you mean by a 'clean install'? Did you mean a restore as new in iTunes and not from a backup? Please DM us here: https://t.co/GDrqU22YpT
CUSTOMER: @AppleSupport I love this feature.  Problem, cannot launch Audible app when driving using siri in the car unless I say I'm not driving.
CUSTOMER: @AppleSupport Although My iphone 6s updated with 11.0.3,its getting hanged!! Screen not working! Only power button works! Reset then wrks! Plz help.
CUSTOMER: @AppleSupport I’ve been having so many problems with my iPhone 7 after iOS 11 it’s the worst please help me!
CUSTOMER: @AppleSupport fix #error56 #iphone
CUSTOMER: @AppleSupport how do you upgrade to ios 11 on iphone 5?
CUSTOMER: @AppleSupport New iPhone 7 updated to 11.0.3 is working awful, lagging like a cheap Android phone ;/
SUPPORT: @370233 We'd like to help. When you mention the iPhone is ""hanging"", does this happen with certain apps or is it system wide?
SUPPORT: @370216 We'd like to look into this with you. Please DM us your exact iOS version and we'll go from there. https://t.co/GDrqU22YpT
SUPPORT: @370213 Check out this article on how to customize the Do Not Disturb while driving feature: https://t.co/BdISLrN866
SUPPORT: @370404 You can check out this link to resolve the error: https://t.co/VtLfFWoKGX DM if it continues. https://t.co/GDrqU22YpT
CUSTOMER: @AppleSupport It occurred all of a sudden,may b when at a time using more than one app.Last time occurred during booking a cab through app.
CUSTOMER: @AppleSupport How about letting Siri play from my new “downloaded only” section in iTunes? So I don’t have to look at my phone.
CUSTOMER: @AppleSupport Means navigation was acting and whatsapp was minimise!! I hav faced the same prob with previous 11.0.2 also. 😞😭😭
SUPPORT: @371018 iOS 11 is only available on the iPhone 5s or later. More information on iOS 11 can be found here: https://t.co/LVMJqqcDhs
SUPPORT: @371423 We're here to help. Please meet us in DM and we'll take a look at this together. https://t.co/GDrqU22YpT
SUPPORT: @371761 That's great feedback, and we'd love to hear more about that here: https://t.co/eTPVYVFyd8
SUPPORT: @370233 We're happy to look into this with you. Please meet us in DM and we'll continue there. https://t.co/GDrqU22YpT
CUSTOMER: @AppleSupport @AppleSupport how do I revert to iOS 10? Can I just use a backup? I just had to hard reset my phone in a meeting twice and looked extremely unprofessional. Brand new 6S should never have this issue.
SUPPORT: @375697 Please DM us and let us know what's happening with your iPhone.  We'd be happy to help. https://t.co/GDrqU22YpT
CUSTOMER: @AppleSupport The timeline of apple podcasts app is so wired! Pls fix it’ too complicated. Is there any consumer instruction???
SUPPORT: @378037 We want to help you. DM us, and we'll look into our options to assist you with the Podcast app. https://t.co/GDrqU2kzhr
CUSTOMER: @371018 @AppleSupport Oh trust me. You're the luckiest person alive. I so wish that instead of this $1800 monstrosity (7+) I would've bought an iPhone 5 now
CUSTOMER: @AppleSupport @363017 apple has no ethics we should sue him for leaving our phones unusable.
CUSTOMER: @AppleSupport @370216 apple has no ethics we should sue him for leaving our phones unusable.
CUSTOMER: @AppleSupport My phone has frozen on this new IOS and i couldnt enter any app until i https://t.co/hyUcQ9os1M photos arent recovering !!!
SUPPORT: @565023 Your photos are important and we’ll do everything we can to help you with them! DM us your exact iOS version to proceed. https://t.co/GDrqU22YpT
CUSTOMER: @AppleSupport my iPhone keeps restarting by itself ? I earesed all the content and settings and it’s still the same ?
SUPPORT: @394446 Let's work on this with you. When your device restarts, do you see any flashes of color, or symbols on the display?
CUSTOMER: @AppleSupport Since the update my FaceTime keeps dropping the battery is drained super quick and crashes completely
CUSTOMER: @AppleSupport Nothing just a black screen &amp;then the Apple logo, it randomly crashes sometimes in the middle of a phone call or while taking pics or typing
SUPPORT: @394678 Go ahead and send us a DM to continue. Thank you. https://t.co/GDrqU22YpT
SUPPORT: @394446 Got it. Which iOS version is installed under Settings &gt; General &gt; About?
CUSTOMER: @AppleSupport 11.0.3
SUPPORT: @394446 Are all of your apps up-to-date in the App Store? Meet us in DM and we'll continue there. https://t.co/GDrqU22YpT
CUSTOMER: @394446 @AppleSupport This just happened to me!  The difference was my phone had 30% battery and then it just died.  I plugged it in and it said I had 8%!
CUSTOMER: @394447 @AppleSupport That’s probably a battery problem ... mine does it even at 100%💀😫
SUPPORT: @394447 Having a reliable iPhone is important! Let us help with this power issue. DM us your exact iOS version to proceed. https://t.co/GDrqU22YpT
CUSTOMER: @706158 @371018 @AppleSupport iOS 11 is a nightmare anyways. It has messed up connection with the watch and apps freeze up.
SUPPORT: @192771 We'd like to look into your concerns with you. Reach out via DM using the link below. https://t.co/GDrqU22YpT",@192771 We'd like to look into your concerns with you. Reach out via DM using the link below. https://t.co/GDrqU22YpT,50,27,23,SUPPORT_RESPONSE_PRESENT
apple_1025694,@AppleSupport how do I clear songs from the Up Next queue in the Apple Music app on iOS 11?,"CUSTOMER: @AppleSupport how do I clear songs from the Up Next queue in the Apple Music app on iOS 11?
SUPPORT: @362695 To remove songs from Up Next, swipe left on the song in queue. Let us know if this helps! https://t.co/Q3ojzTGrTU https://t.co/GDrqU22YpT
CUSTOMER: @AppleSupport Thanks, but that only allows me to remove one song at a time. I want to clear all of Up Next.
SUPPORT: @362695 That is the current path to remove songs from the Up Next playlist.",@362695 That is the current path to remove songs from the Up Next playlist.,4,2,2,SUPPORT_RESPONSE_PRESENT
apple_1026218,"@AppleSupport I have 7 IOS devices and all trending useless since the ""other"" storage is maxing my system, crashing basic apps. #lastIOSunit","CUSTOMER: @AppleSupport I have 7 IOS devices and all trending useless since the ""other"" storage is maxing my system, crashing basic apps. #lastIOSunit
SUPPORT: @362813 There's great info on ""other"" storage in this article. Check it out and then DM us. We'd love to help out. https://t.co/0yFHFRYSnX","@362813 There's great info on ""other"" storage in this article. Check it out and then DM us. We'd love to help out. https://t.co/0yFHFRYSnX",2,1,1,SUPPORT_RESPONSE_PRESENT
apple_1026223,Não aguento mais ficar sem notificação em todos os apps depois dessa atualização do iOS. Me ajuda ai né @115858 @AppleSupport,"CUSTOMER: Não aguento mais ficar sem notificação em todos os apps depois dessa atualização do iOS. Me ajuda ai né @115858 @AppleSupport
CUSTOMER: @115858 @AppleSupport Não vejo que recebi msg em nenhum app, nada. Fico o dia todo sem uma notificação sequer
SUPPORT: @362814 Since our Twitter support is available in English, get help at https://t.co/IBIY3vMgPj or join https://t.co/pvaOFfPbjt.
CUSTOMER: @AppleSupport I meant that ever since I updated my iOS to the latest version, I’m not getting any notifications from any app. That’s really annoying
SUPPORT: @362814 We're happy to help! Please go to Settings &gt; Notifications. Then DM us with the country you're in for additional help. https://t.co/GDrqU22YpT",@362814 We're happy to help! Please go to Settings &gt; Notifications. Then DM us with the country you're in for additional help. https://t.co/GDrqU22YpT,5,3,2,SUPPORT_RESPONSE_PRESENT
apple_1026225,Found a bug in the iOS 11 calculator software. @116333 1+2+3=24!?🤔 @AppleSupport,"CUSTOMER: Found a bug in the iOS 11 calculator software. @116333 1+2+3=24!?🤔 @AppleSupport
SUPPORT: @362815 Let's look into this for you. Send us a DM and we can check on available options. https://t.co/GDrqU22YpT",@362815 Let's look into this for you. Send us a DM and we can check on available options. https://t.co/GDrqU22YpT,2,1,1,SUPPORT_RESPONSE_PRESENT
apple_1026228,Dear @115858 I have a fraud concern regarding my Apple ID. Who should I contact?,"CUSTOMER: Dear @115858 I have a fraud concern regarding my Apple ID. Who should I contact?
SUPPORT: @362816 We'd like to help. Let's meet in DM with the details of your concern.. https://t.co/GDrqU22YpT
CUSTOMER: @AppleSupport Messages sent thank you.",@362816 We'd like to help. Let's meet in DM with the details of your concern.. https://t.co/GDrqU22YpT,3,2,1,SUPPORT_RESPONSE_PRESENT
apple_1026230,@126972 @115858 why does this bug keep happening on iOS 11 when expanding to full screen! https://t.co/gGaPTBtlKD,"CUSTOMER: @126972 @115858 why does this bug keep happening on iOS 11 when expanding to full screen! https://t.co/gGaPTBtlKD
SUPPORT: @362817 We'd like to work with you. Let's take a look at this in DM. https://t.co/GDrqU22YpT",@362817 We'd like to work with you. Let's take a look at this in DM. https://t.co/GDrqU22YpT,2,1,1,SUPPORT_RESPONSE_PRESENT
apple_1026232,"@115858 iOS 11 is complete trash! Apps won’t load, my phone constantly freezes, I’ve literally done 4 hard resets since YESTERDAY! Fix this!","CUSTOMER: @115858 iOS 11 is complete trash! Apps won’t load, my phone constantly freezes, I’ve literally done 4 hard resets since YESTERDAY! Fix this!
SUPPORT: @205289 Thanks for reaching out. We're here to help. DM us so we can look into this further with you. https://t.co/GDrqU2kzhr",@205289 Thanks for reaching out. We're here to help. DM us so we can look into this further with you. https://t.co/GDrqU2kzhr,2,1,1,SUPPORT_RESPONSE_PRESENT
apple_1026235,@AppleSupport and Battery life is too short. Sometimes when I click on the application the screen goes dark and goes back to the main menu.,"CUSTOMER: @AppleSupport and Battery life is too short. Sometimes when I click on the application the screen goes dark and goes back to the main menu.
SUPPORT: @362818 We'd be happy to look into what's going on. DM us your country to get started. https://t.co/GDrqU22YpT
CUSTOMER: @AppleSupport Norway",@362818 We'd be happy to look into what's going on. DM us your country to get started. https://t.co/GDrqU22YpT,3,2,1,SUPPORT_RESPONSE_PRESENT
apple_1026238,@AppleSupport @115948 Did the “Up Next” feature go away in the latest iOS update?!,"CUSTOMER: @AppleSupport @115948 Did the “Up Next” feature go away in the latest iOS update?!
SUPPORT: @362819 Not at all! Take a look here for all the features, and where to find them: https://t.co/mgtQSijbmx
CUSTOMER: @AppleSupport Thanks! I think there’s a bug where the feature doesn’t work when synched with a car. I can access it now, but couldn’t in a friend’s car
SUPPORT: @362819 We'd be more than happy to delve into further if you'd like. Please send us a DM so we may better assist you. https://t.co/GDrqU22YpT
CUSTOMER: @AppleSupport @362819 SMH! HELLO APPLE???? Answer my DM!",@362819 We'd be more than happy to delve into further if you'd like. Please send us a DM so we may better assist you. https://t.co/GDrqU22YpT,5,3,2,SUPPORT_RESPONSE_PRESENT
apple_1026243,"Constantly trying to download Instagram on my phone, it won’t let me click redownload after resetting my phone lots of times @AppleSupport","CUSTOMER: Constantly trying to download Instagram on my phone, it won’t let me click redownload after resetting my phone lots of times @AppleSupport
SUPPORT: @362820 Hello there. We'd love to help download your apps. What's the iOS version installed?
CUSTOMER: @AppleSupport ios 11.0.3
SUPPORT: @362820  Are you downloading from your past purchases section or directly in the App Store? Is the icon greyed out or just stuck?
CUSTOMER: @AppleSupport Just stuck
SUPPORT: @362820 Alright, thanks for confirming. Join us in DM, we can continue from there. https://t.co/GDrqU22YpT
CUSTOMER: @AppleSupport @362820 DM sent. No reply!! Apple sucks!","@362820 Alright, thanks for confirming. Join us in DM, we can continue from there. https://t.co/GDrqU22YpT",7,4,3,SUPPORT_RESPONSE_PRESENT
apple_1026250,@AppleSupport what is error -16835 and how do I resolve it? It’s not letting me finish watching a movie I rented. https://t.co/sec1OJKd4q,"CUSTOMER: @AppleSupport what is error -16835 and how do I resolve it? It’s not letting me finish watching a movie I rented. https://t.co/sec1OJKd4q
SUPPORT: @362823 Thanks for reaching out. We're here to help. DM us so we can look into this further with you. https://t.co/GDrqU22YpT",@362823 Thanks for reaching out. We're here to help. DM us so we can look into this further with you. https://t.co/GDrqU22YpT,2,1,1,SUPPORT_RESPONSE_PRESENT
apple_1026252,"Does @AppleSupport support MacBook Pro Touch Bar battery replacement, and if it does, how much does it cost?","CUSTOMER: Does @AppleSupport support MacBook Pro Touch Bar battery replacement, and if it does, how much does it cost?
SUPPORT: @362824 For general service and repair costs, check out our website: https://t.co/2wLFg768pI Do you have a current issue with your Mac?","@362824 For general service and repair costs, check out our website: https://t.co/2wLFg768pI Do you have a current issue with your Mac?",2,1,1,SUPPORT_RESPONSE_PRESENT
apple_1026254,@AppleSupport have issues controlling Bluetooth and WiFi via control center #iPhone6S,"CUSTOMER: @AppleSupport have issues controlling Bluetooth and WiFi via control center #iPhone6S
SUPPORT: @362825 Hi. Tell us more about the issues you're having and we'll be glad to help.",@362825 Hi. Tell us more about the issues you're having and we'll be glad to help.,2,1,1,SUPPORT_RESPONSE_PRESENT
apple_1026257,why does a blue dot always appear when I take a picture with flash? @AppleSupport https://t.co/qEl1zKm54m,"CUSTOMER: why does a blue dot always appear when I take a picture with flash? @AppleSupport https://t.co/qEl1zKm54m
SUPPORT: @266454 We take photos all the time so we'd love to help! Does it always happen, or only when taking a photo into a mirror?
CUSTOMER: @AppleSupport always 😭
SUPPORT: @266454 Let's look into this more in DM together. Let us know if this persists in all lighting conditions. https://t.co/GDrqU22YpT",@266454 Let's look into this more in DM together. Let us know if this persists in all lighting conditions. https://t.co/GDrqU22YpT,4,2,2,SUPPORT_RESPONSE_PRESENT
apple_1026265,@115858 @AppleSupport https://t.co/sH1Jgwp7NF,"CUSTOMER: @115858 @AppleSupport https://t.co/sH1Jgwp7NF
SUPPORT: @362826 We'd like to see how we can help. To get started, can you describe for us what the problem is?
CUSTOMER: @AppleSupport Yeah, my keyboard shrunk
CUSTOMER: @AppleSupport  https://t.co/Z0eZ0H6g9E
SUPPORT: @362826 No worries. It seems one-handed typing was turned on. To adjust this, check out: https://t.co/tWyRHFS2AX
CUSTOMER: @AppleSupport Thank you! Worked perfectly!
SUPPORT: @362826 You're welcome. If you ever have any questions or concerns, we're at your service.","@362826 You're welcome. If you ever have any questions or concerns, we're at your service.",7,4,3,SUPPORT_RESPONSE_PRESENT
apple_1026269,My Mac won’t turn on. Any tech guys drop me a DM or your good selves. @AppleSupport,"CUSTOMER: My Mac won’t turn on. Any tech guys drop me a DM or your good selves. @AppleSupport
SUPPORT: @362827 We're happy to help. What kind of Mac are you using? Thanks!
CUSTOMER: @AppleSupport Check DMs
CUSTOMER: @AppleSupport MacBook 2016",@362827 We're happy to help. What kind of Mac are you using? Thanks!,4,3,1,SUPPORT_RESPONSE_PRESENT
apple_1026274,@AppleSupport why does this always happen when connecting a display through @115858 dongle. Then I unplug and works ok. Thunderbolt 3 👎 https://t.co/ryedGTgH7W,"CUSTOMER: @AppleSupport why does this always happen when connecting a display through @115858 dongle. Then I unplug and works ok. Thunderbolt 3 👎 https://t.co/ryedGTgH7W
SUPPORT: @362829 Let’s investigate this further. To clarify, after unplugging the display, does it work once it’s plugged back in?
CUSTOMER: @AppleSupport Yes, but the first time never works and sometimes when the 💻 wakes up
SUPPORT: @362829 Understood. Can you tell us which Mac you’re connecting the display to, and the version of macOS it’s on currently?
CUSTOMER: @AppleSupport OS: 10.12.6, 💻 MacBook Pro 13”,2017, 2x Thunderbolt 3
SUPPORT: @362829 Have you been able to test another cable and see if it happens with it as well? DM us and we'll continue support there. https://t.co/GDrqU22YpT",@362829 Have you been able to test another cable and see if it happens with it as well? DM us and we'll continue support there. https://t.co/GDrqU22YpT,6,3,3,SUPPORT_RESPONSE_PRESENT
apple_1026279,@AppleSupport My iPhone7 battery is draining very fast. It is under warranty. Will you replace it or change it’s battery.,"CUSTOMER: @AppleSupport My iPhone7 battery is draining very fast. It is under warranty. Will you replace it or change it’s battery.
SUPPORT: @362830 We've received your DM, and will continue working from there. Be on the lookout for our response.","@362830 We've received your DM, and will continue working from there. Be on the lookout for our response.",2,1,1,SUPPORT_RESPONSE_PRESENT
apple_1026281,iOS realmente están acabando con mi paciencia!!! iPhone desactivado al actualizar porqué!!!!! 😡😤@AppleSupport @115858,"CUSTOMER: iOS realmente están acabando con mi paciencia!!! iPhone desactivado al actualizar porqué!!!!! 😡😤@AppleSupport @115858
SUPPORT: @362831 We offer support via Twitter in English. Get help in Spanish here: https://t.co/IBIY3vMgPj or join https://t.co/OczyRx7IOs",@362831 We offer support via Twitter in English. Get help in Spanish here: https://t.co/IBIY3vMgPj or join https://t.co/OczyRx7IOs,2,1,1,SUPPORT_RESPONSE_PRESENT
apple_1026285,@AppleSupport My iPhone 7 just made a random beep sound. I don’t know why as I received no notifications nor any kind of warning.,"CUSTOMER: @AppleSupport My iPhone 7 just made a random beep sound. I don’t know why as I received no notifications nor any kind of warning.
SUPPORT: @358324 Hi there. Did the noise sound the same as a notification? Also, were any apps open when the noise occurred?
CUSTOMER: @AppleSupport No, it was just a random beep sound. I believe so but I couldn’t tell you how many were open.
SUPPORT: @358324 OK. No problem. Can you confirm if you are running the latest iOS? (11.0.3)
CUSTOMER: @AppleSupport Hi, yes I am.
SUPPORT: @358324 Let's take a closer look. Please DM us and we can go from there together. https://t.co/GDrqU22YpT",@358324 Let's take a closer look. Please DM us and we can go from there together. https://t.co/GDrqU22YpT,6,3,3,SUPPORT_RESPONSE_PRESENT
apple_1026291,Since I’ve updated my iPhone 7 Plus it’s caused me nothing but problems... every day having to restart 😤 #ios11update @115858,"CUSTOMER: Since I’ve updated my iPhone 7 Plus it’s caused me nothing but problems... every day having to restart 😤 #ios11update @115858
SUPPORT: @362833 Hello. We'd like to make sure that you are referring to iOS 11.0.3, correct? Also, can you clarify the issues you're having for us?
CUSTOMER: @AppleSupport Yes I am. My phone keeps freezing so I have to force a restart. And whenever I call someone they can’t hear me and I can’t hear them
SUPPORT: @362833 Got it. When did you update your iPhone to iOS 11.0.3? Let us know in DM and we'll continue there. https://t.co/GDrqU22YpT",@362833 Got it. When did you update your iPhone to iOS 11.0.3? Let us know in DM and we'll continue there. https://t.co/GDrqU22YpT,4,2,2,SUPPORT_RESPONSE_PRESENT
apple_1026322,@AppleSupport I can't redownload an album I deleted and it just says purchased. How do I get it back?,"CUSTOMER: @AppleSupport I can't redownload an album I deleted and it just says purchased. How do I get it back?
SUPPORT: @362842 Hi. We're happy to help. Have you checked to see if it's hidden? https://t.co/jjLUETEY0J
CUSTOMER: @AppleSupport This is what it's currently saying https://t.co/gn3YzoNI6Z
SUPPORT: @362842 Thanks for the screenshots. Let’s follow the steps here to see if we can redownload the album: https://t.co/I39AyMJNgb",@362842 Thanks for the screenshots. Let’s follow the steps here to see if we can redownload the album: https://t.co/I39AyMJNgb,4,2,2,SUPPORT_RESPONSE_PRESENT
apple_1026325,@AppleSupport Recvd “Apple Notification” email alert claiming my AppleID has been disabled. Looks like a scam. How can I fwd it 2 u?,"CUSTOMER: @AppleSupport Recvd “Apple Notification” email alert claiming my AppleID has been disabled. Looks like a scam. How can I fwd it 2 u?
SUPPORT: @362843 This article will help get you pointed in the right direction: https://t.co/LNMCdqt6fD",@362843 This article will help get you pointed in the right direction: https://t.co/LNMCdqt6fD,2,1,1,SUPPORT_RESPONSE_PRESENT
apple_1026327,@AppleSupport Will the iPhone 8 get portrait mode &amp; lighting?,"CUSTOMER: @AppleSupport Will the iPhone 8 get portrait mode &amp; lighting?
SUPPORT: @362844 The iPhone 8 doesn't have Portrait mode or Portrait Lighting available. More info is here: https://t.co/oLi0y1y0xT",@362844 The iPhone 8 doesn't have Portrait mode or Portrait Lighting available. More info is here: https://t.co/oLi0y1y0xT,2,1,1,SUPPORT_RESPONSE_PRESENT
apple_1026612,@AppleSupport IOS 11 seems to make my iPhone 6 run really slow and uses my battery up.  Seems to be some bugs too. Please help. I’m on 11.02,"CUSTOMER: @AppleSupport IOS 11 seems to make my iPhone 6 run really slow and uses my battery up.  Seems to be some bugs too. Please help. I’m on 11.02
SUPPORT: @362916 We know how vital your battery is. Please check out this article: https://t.co/TpjqFp3jxD",@362916 We know how vital your battery is. Please check out this article: https://t.co/TpjqFp3jxD,2,1,1,SUPPORT_RESPONSE_PRESENT
apple_1026620,@116333 TIM gentleman what happened to my iphone what happens when iOS 11 is installed now @115858 ?? https://t.co/bVUjedeum5,"CUSTOMER: @116333 TIM gentleman what happened to my iphone what happens when iOS 11 is installed now @115858 ?? https://t.co/bVUjedeum5
SUPPORT: @362919 We're here to assist. DM us what this message translates to and we'll go from there. DM us here: https://t.co/GDrqU22YpT",@362919 We're here to assist. DM us what this message translates to and we'll go from there. DM us here: https://t.co/GDrqU22YpT,2,1,1,SUPPORT_RESPONSE_PRESENT
apple_1026999,"Sooo when is @115858 gonna fix this update problem? Ever since I updated my phone, it has absolutely sucked. #ThanksApple","CUSTOMER: Sooo when is @115858 gonna fix this update problem? Ever since I updated my phone, it has absolutely sucked. #ThanksApple
SUPPORT: @363014 We're here to help! What's happening with your phone? Also, lets check Settings &gt; General &gt; About to make sure you have 11.0.3
CUSTOMER: @AppleSupport It’s updated to 11.0.3. It’s slower than ever &amp; whenever my music is playing I can’t change anything on the lock screen.
SUPPORT: @363014 Thanks for the info. DM us, and we can look into this deeper. https://t.co/GDrqU22YpT","@363014 Thanks for the info. DM us, and we can look into this deeper. https://t.co/GDrqU22YpT",4,2,2,SUPPORT_RESPONSE_PRESENT
apple_1027001,Okay. @115858 someone needs to fix the phone batteries because it just died 50% in ten minutes.,"CUSTOMER: Okay. @115858 someone needs to fix the phone batteries because it just died 50% in ten minutes.
SUPPORT: @363015 We can help. Which device and iOS is this happening with? Let us know in DM. https://t.co/GDrqU22YpT",@363015 We can help. Which device and iOS is this happening with? Let us know in DM. https://t.co/GDrqU22YpT,2,1,1,SUPPORT_RESPONSE_PRESENT
apple_1027005,"@115858 and my phone just froze and crashed again, thanks for making #ios11 a steaming pile of garbage","CUSTOMER: @115858 and my phone just froze and crashed again, thanks for making #ios11 a steaming pile of garbage
SUPPORT: @363016 We’re happy to provide you with our recommendations on how to proceed. To start, are you using iOS 11.0.3?
CUSTOMER: @AppleSupport Yep
CUSTOMER: @AppleSupport @363016 iOS 11 sucks it is apples way of forcing us to upgrade to the 8
SUPPORT: @363016 We want you to have a great experience with the latest version. Let's partner together in DM where we can investigate further. https://t.co/GDrqU22YpT",@363016 We want you to have a great experience with the latest version. Let's partner together in DM where we can investigate further. https://t.co/GDrqU22YpT,5,3,2,SUPPORT_RESPONSE_PRESENT
apple_1027012,@AppleSupport I updated my iPhone 7 to iOS 11.0.3 &amp; now all of my photos are gone. Kinda major bug considering most of them were of my kid.,"CUSTOMER: @AppleSupport I updated my iPhone 7 to iOS 11.0.3 &amp; now all of my photos are gone. Kinda major bug considering most of them were of my kid.
SUPPORT: @363018 We want you to be able to keep those precious moments. Do you use iCloud for your photos?
CUSTOMER: @AppleSupport I do. How can I restore them onto my phone?
SUPPORT: @363018 Let's meet up in DM to discuss additional support options. https://t.co/GDrqU22YpT",@363018 Let's meet up in DM to discuss additional support options. https://t.co/GDrqU22YpT,4,2,2,SUPPORT_RESPONSE_PRESENT
apple_1027017,My biggest problem with the new @115858 podcast app version is I keep accidentally unsubscribing from podcasts when I think I’m deleting eps.,"CUSTOMER: My biggest problem with the new @115858 podcast app version is I keep accidentally unsubscribing from podcasts when I think I’m deleting eps.
CUSTOMER: @363019 @115858 They ""invented"" the medium and have never sorted out the delivery mechanism
CUSTOMER: @363020 @115858 I never had an issue with it until now though I know many have. This is just a mess.
SUPPORT: @363019 We can help. Send us a DM and we'll continue there. https://t.co/GDrqU22YpT",@363019 We can help. Send us a DM and we'll continue there. https://t.co/GDrqU22YpT,4,3,1,SUPPORT_RESPONSE_PRESENT
apple_1027019,@115858 you need to fix the bullshit “Live photo” feature on FT. The pics don’t save to my album. Plz get back to me ASAP. Thanks.,"CUSTOMER: @115858 you need to fix the bullshit “Live photo” feature on FT. The pics don’t save to my album. Plz get back to me ASAP. Thanks.
SUPPORT: @363021 Let's figure this out together. Here is some helpful info to start: https://t.co/zyhREiZuaK",@363021 Let's figure this out together. Here is some helpful info to start: https://t.co/zyhREiZuaK,2,1,1,SUPPORT_RESPONSE_PRESENT
apple_1027420,why won’t my iphone download or update apps 😩😩 @AppleSupport,"CUSTOMER: why won’t my iphone download or update apps 😩😩 @AppleSupport
SUPPORT: @363117 Let’s get these apps working again. What’s happening when you try to download or update apps? Are you getting an error message?
CUSTOMER: @AppleSupport it doesn’t do anything just the spinning circle going round and round , i just had to turn my phone off and on again to get it working 🤦🏼‍♀️
SUPPORT: @363117 Does this happen with both Wi-Fi and Cellular data? Have you tried using an alternate Wi-Fi network to update or download apps?",@363117 Does this happen with both Wi-Fi and Cellular data? Have you tried using an alternate Wi-Fi network to update or download apps?,4,2,2,SUPPORT_RESPONSE_PRESENT
apple_1027423,"Hey, @115858! I realize it’s a small thing, but what’s with the random capitalization of letters while typing on the #iPhone with #iOS11? #keyboardfail #pleasefixit","CUSTOMER: Hey, @115858! I realize it’s a small thing, but what’s with the random capitalization of letters while typing on the #iPhone with #iOS11? #keyboardfail #pleasefixit
SUPPORT: @195566 That's certainly not expected behavior. We'll be glad to assist. What version are you running right now? We've released 11.0.3.",@195566 That's certainly not expected behavior. We'll be glad to assist. What version are you running right now? We've released 11.0.3.,2,1,1,SUPPORT_RESPONSE_PRESENT
apple_1027425,How the fuck my phone go from 82% to 48% in a time span of 35 mins??????😑😑😡😡 fuck you @115858,"CUSTOMER: How the fuck my phone go from 82% to 48% in a time span of 35 mins??????😑😑😡😡 fuck you @115858
SUPPORT: @363118 We can offer some assistance. Join us in DM with more information and we'll go from there. https://t.co/GDrqU22YpT",@363118 We can offer some assistance. Join us in DM with more information and we'll go from there. https://t.co/GDrqU22YpT,2,1,1,SUPPORT_RESPONSE_PRESENT
apple_1027438,"@AppleSupport Hi! Someone used my email do create an apple account and bought an apple watch at Germany. Transaction id 
1SW69162CK835310W","CUSTOMER: @AppleSupport Hi! Someone used my email do create an apple account and bought an apple watch at Germany. Transaction id 
1SW69162CK835310W
CUSTOMER: @AppleSupport I do not have an apple id with this email. I suppose the credit card is not mine either. I appreciate some help.
SUPPORT: @363124 Hi there! For the best assistance with this issue, reach out to our Online Store Support here: https://t.co/8yjRd1Xo0i","@363124 Hi there! For the best assistance with this issue, reach out to our Online Store Support here: https://t.co/8yjRd1Xo0i",3,2,1,SUPPORT_RESPONSE_PRESENT
apple_1027564,"@115858 @AppleSupport Seriously! So many issues that ios 11 on iphone 7! Constant feezing, loud speaker issues, slowness, Battery! ⏲️to sell?","CUSTOMER: @115858 @AppleSupport Seriously! So many issues that ios 11 on iphone 7! Constant feezing, loud speaker issues, slowness, Battery! ⏲️to sell?
SUPPORT: @363156 We want to help you. DM us, and we'll do whatever we can to assist you with your iPhone. https://t.co/GDrqU22YpT","@363156 We want to help you. DM us, and we'll do whatever we can to assist you with your iPhone. https://t.co/GDrqU22YpT",2,1,1,SUPPORT_RESPONSE_PRESENT
apple_1027566,"@AppleSupport hey, girl! Now how in the damn hell did you have a rep call me today, then the bitch hung up after asking one question? FIX IT","CUSTOMER: @AppleSupport hey, girl! Now how in the damn hell did you have a rep call me today, then the bitch hung up after asking one question? FIX IT
SUPPORT: @123522 We're happy to help. Please DM us and we'll see how we're able to help you today. https://t.co/GDrqU2kzhr",@123522 We're happy to help. Please DM us and we'll see how we're able to help you today. https://t.co/GDrqU2kzhr,2,1,1,SUPPORT_RESPONSE_PRESENT
apple_1027568,I bought a new @AppleSupport @115858 TV remote and IT DOESN'T WORK! https://t.co/n4Mk98efbw,"CUSTOMER: I bought a new @AppleSupport @115858 TV remote and IT DOESN'T WORK! https://t.co/n4Mk98efbw
SUPPORT: @363157 Let's look into this for you. Let's get you in contact with our Apple TV team here: https://t.co/0PATYGSGKU",@363157 Let's look into this for you. Let's get you in contact with our Apple TV team here: https://t.co/0PATYGSGKU,2,1,1,SUPPORT_RESPONSE_PRESENT
apple_1027573,hi @115858 @AppleSupport i'm gonna tweet you guys every single time my phone crashes from now on!!! look forward to hearing from me often! https://t.co/9U6m2qZiBi,"CUSTOMER: hi @115858 @AppleSupport i'm gonna tweet you guys every single time my phone crashes from now on!!! look forward to hearing from me often! https://t.co/9U6m2qZiBi
SUPPORT: @363158 Having a reliable iPhone is important, and we’d love to team up. Let us know in DM if you’re using iOS 11.0.3. https://t.co/GDrqU22YpT
CUSTOMER: @AppleSupport is there any way for me to keep my 6s+? because i'd rather have a broken 6s+ than a working 7,8, or whatever number y'all are on now
SUPPORT: @363158 We’ll work through this together. Send us a Direct Message using the link below to continue. https://t.co/GDrqU22YpT",@363158 We’ll work through this together. Send us a Direct Message using the link below to continue. https://t.co/GDrqU22YpT,4,2,2,SUPPORT_RESPONSE_PRESENT
apple_1027576,"@AppleSupport I'm not sure what the goal was with this new update, but my phone has been giving me problems for the last 30+ hours....","CUSTOMER: @AppleSupport I'm not sure what the goal was with this new update, but my phone has been giving me problems for the last 30+ hours....
SUPPORT: @363159 We’ll work through this together. What’s happening with your iPhone? Are you using iOS 11.0.3?",@363159 We’ll work through this together. What’s happening with your iPhone? Are you using iOS 11.0.3?,2,1,1,SUPPORT_RESPONSE_PRESENT
apple_1027584,@AppleSupport Upgraded to 11.0.3 and WiFi keeps locking up phone making it restart over and over. 1/,"CUSTOMER: @AppleSupport Upgraded to 11.0.3 and WiFi keeps locking up phone making it restart over and over. 1/
SUPPORT: @363162 Let's look into this Wi-Fi issue for you. Send us a DM with your device type and we can get started. https://t.co/GDrqU22YpT
CUSTOMER: @AppleSupport @363162 Still no help!!!
CUSTOMER: @AppleSupport Just sent.
CUSTOMER: @356035 @AppleSupport There was help but no resolution. IPhone 11.1 update still giving same WiFi problems. Tired of it. Think my solution will be @1647 phone.",@363162 Let's look into this Wi-Fi issue for you. Send us a DM with your device type and we can get started. https://t.co/GDrqU22YpT,5,4,1,SUPPORT_RESPONSE_PRESENT
apple_1027592,@AppleSupport SOS how do I fix :(( https://t.co/Ms6BR0Cc33,"CUSTOMER: @AppleSupport SOS how do I fix :(( https://t.co/Ms6BR0Cc33
SUPPORT: @363163 Thanks for reaching out. We're here to help. DM us so we can look into this further with you. https://t.co/GDrqU22YpT
CUSTOMER: @AppleSupport it’s okay i fixed it",@363163 Thanks for reaching out. We're here to help. DM us so we can look into this further with you. https://t.co/GDrqU22YpT,3,2,1,SUPPORT_RESPONSE_PRESENT
apple_1027597,"So @115858 when are yall gunna fix this update, because if my phone freezes for 2 mins while im in traffic ONE MORE TIME !!!!!!","CUSTOMER: So @115858 when are yall gunna fix this update, because if my phone freezes for 2 mins while im in traffic ONE MORE TIME !!!!!!
SUPPORT: @363165 We're happy to assist. Which iOS 11 version are you currently running? Go to Settings &gt; General &gt; About for the version.",@363165 We're happy to assist. Which iOS 11 version are you currently running? Go to Settings &gt; General &gt; About for the version.,2,1,1,SUPPORT_RESPONSE_PRESENT
apple_1027599,@AppleSupport I’ve had 5 iPhone 7 pluses but they always after a couple months die in like an hour (not restoring from backup). What’s up?,"CUSTOMER: @AppleSupport I’ve had 5 iPhone 7 pluses but they always after a couple months die in like an hour (not restoring from backup). What’s up?
SUPPORT: @363166 Thanks for reaching out. We're here to help. DM us so we can look into this further with you. https://t.co/GDrqU22YpT",@363166 Thanks for reaching out. We're here to help. DM us so we can look into this further with you. https://t.co/GDrqU22YpT,2,1,1,SUPPORT_RESPONSE_PRESENT
apple_1027602,@applesupport Upgraded iPhone to 11.0.3. Now my phone frequently flips from disconnected and connected in my car. Fix the bluetooth issue!,"CUSTOMER: @applesupport Upgraded iPhone to 11.0.3. Now my phone frequently flips from disconnected and connected in my car. Fix the bluetooth issue!
SUPPORT: @363167 Thanks for reaching out! We'll be happy to assist. Does the Bluetooth connection toggle like this with other devices?",@363167 Thanks for reaching out! We'll be happy to assist. Does the Bluetooth connection toggle like this with other devices?,2,1,1,SUPPORT_RESPONSE_PRESENT
apple_1027606,This iphone update is trash. Fix your glitches @115858,"CUSTOMER: This iphone update is trash. Fix your glitches @115858
SUPPORT: @363169 Let us know what you're experiencing and we'll be happy to work with you to have them resolved.",@363169 Let us know what you're experiencing and we'll be happy to work with you to have them resolved.,2,1,1,SUPPORT_RESPONSE_PRESENT
apple_1027610,This update is literally terrible @115858,"CUSTOMER: This update is literally terrible @115858
SUPPORT: @363171 Are you experiencing anything specific? We'll do all we can to assist.",@363171 Are you experiencing anything specific? We'll do all we can to assist.,2,1,1,SUPPORT_RESPONSE_PRESENT
apple_1027612,@AppleSupport why has my phone started acting like a smoke alarm and randomly bleeping,"CUSTOMER: @AppleSupport why has my phone started acting like a smoke alarm and randomly bleeping
SUPPORT: @309954 We'll be happy to help with this. Could you please send us a DM so we can gather some info and get started? https://t.co/GDrqU22YpT",@309954 We'll be happy to help with this. Could you please send us a DM so we can gather some info and get started? https://t.co/GDrqU22YpT,2,1,1,SUPPORT_RESPONSE_PRESENT
apple_1027615,my music app keeps crashing and won’t open up pls help @AppleSupport,"CUSTOMER: my music app keeps crashing and won’t open up pls help @AppleSupport
SUPPORT: @363172 We've got your DM and will continue with you there. Be on the lookout for our reply. Thank you!",@363172 We've got your DM and will continue with you there. Be on the lookout for our reply. Thank you!,2,1,1,SUPPORT_RESPONSE_PRESENT
apple_1027620,@AppleSupport Hey so i have the new Mac book and for some reason my FaceTime and iMessage aren't working? can I get some help?,"CUSTOMER: @AppleSupport Hey so i have the new Mac book and for some reason my FaceTime and iMessage aren't working? can I get some help?
SUPPORT: @316621 Hi there! What happens when you attempt to use FaceTime or iMessage?
CUSTOMER: @AppleSupport The imessages don't send and facetime wont open",@316621 Hi there! What happens when you attempt to use FaceTime or iMessage?,3,2,1,SUPPORT_RESPONSE_PRESENT
apple_1027622,@AppleSupport Nope... night shift isn’t enabled... it randomly either goes really bright or a dark screen... https://t.co/eRCzbUZc5m,"CUSTOMER: @AppleSupport Nope... night shift isn’t enabled... it randomly either goes really bright or a dark screen... https://t.co/eRCzbUZc5m
SUPPORT: @201003 OK, thank you. Does this seems to happen when you're doing anything in particular? Let us know in DM. https://t.co/GDrqU22YpT","@201003 OK, thank you. Does this seems to happen when you're doing anything in particular? Let us know in DM. https://t.co/GDrqU22YpT",2,1,1,SUPPORT_RESPONSE_PRESENT
apple_1027624,@AppleSupport presume this is a scam given that I don’t pay in $ and the email it came from is __email__ https://t.co/42601CnaUG,"CUSTOMER: @AppleSupport presume this is a scam given that I don’t pay in $ and the email it came from is __email__ https://t.co/42601CnaUG
SUPPORT: @142400 Likely a phishing attempt. You can find out how to react to those here: https://t.co/LNMCdqt6fD",@142400 Likely a phishing attempt. You can find out how to react to those here: https://t.co/LNMCdqt6fD,2,1,1,SUPPORT_RESPONSE_PRESENT
apple_1027641,@115858 you really need to fix this new update. It’s a battery drainer. Or time to switch my loyalties to a new brand.,"CUSTOMER: @115858 you really need to fix this new update. It’s a battery drainer. Or time to switch my loyalties to a new brand.
SUPPORT: @363179 Let's pair up and work as a team. On what device are you experiencing this issue on?
CUSTOMER: @AppleSupport IPhone 6S !
SUPPORT: @363179 Thanks! The new iOS had changes in settings for battery use. Please use the link to modify power settings:  https://t.co/XxEbE7Bhna https://t.co/GDrqU22YpT
CUSTOMER: @AppleSupport Not very helpful. Seems Apple just wants to render old models useless to force an upgrade.
SUPPORT: @363179 Let us know the iOS version you're running in DM, and we'll continue there. It can be found in Settings &gt; General &gt; About &gt; Version. https://t.co/GDrqU22YpT","@363179 Let us know the iOS version you're running in DM, and we'll continue there. It can be found in Settings &gt; General &gt; About &gt; Version. https://t.co/GDrqU22YpT",6,3,3,SUPPORT_RESPONSE_PRESENT
apple_1027646,Why is my iphone6 making a fire alarm piercing noise ?! @AppleSupport,"CUSTOMER: Why is my iphone6 making a fire alarm piercing noise ?! @AppleSupport
SUPPORT: @363180 We have received your DM. We will work with you there.",@363180 We have received your DM. We will work with you there.,2,1,1,SUPPORT_RESPONSE_PRESENT
apple_1028128,@118845  Anything you guys can do with a pair of PowerBeats3 that didn’t last a month with no damage?,"CUSTOMER: @118845  Anything you guys can do with a pair of PowerBeats3 that didn’t last a month with no damage?
SUPPORT: @363305 Send us a DM and let us know your country. We'll look into it. https://t.co/GDrqU22YpT",@363305 Send us a DM and let us know your country. We'll look into it. https://t.co/GDrqU22YpT,2,1,1,SUPPORT_RESPONSE_PRESENT
apple_1028130,My phone is weird and glitchy after this iOS update @AppleSupport Help please,"CUSTOMER: My phone is weird and glitchy after this iOS update @AppleSupport Help please
SUPPORT: @363306 We've got your back! Let's pair up in DM to dig a bit deeper into what you're seeing. https://t.co/GDrqU22YpT",@363306 We've got your back! Let's pair up in DM to dig a bit deeper into what you're seeing. https://t.co/GDrqU22YpT,2,1,1,SUPPORT_RESPONSE_PRESENT
apple_1028133,@115858 i am locked out of my ipad and its really pissed me off. I dont remember the apple id wth do i do now just leave my ipad in the draw!,"CUSTOMER: @115858 i am locked out of my ipad and its really pissed me off. I dont remember the apple id wth do i do now just leave my ipad in the draw!
SUPPORT: @363307 We're eager to get you back to using your iPad. Let's attempt to recover your Apple ID here: https://t.co/buxNpfhIIM",@363307 We're eager to get you back to using your iPad. Let's attempt to recover your Apple ID here: https://t.co/buxNpfhIIM,2,1,1,SUPPORT_RESPONSE_PRESENT
apple_1028423,@115858 @AppleSupport I need urgent solutions,"CUSTOMER: @115858 @AppleSupport I need urgent solutions
SUPPORT: @363336 We're here for you. Let's meet up in DM and get started. Thanks. https://t.co/GDrqU22YpT
CUSTOMER: @AppleSupport I talked already with the support, I’m taking the iPad tomorrow to the store for it to be replaced I hope",@363336 We're here for you. Let's meet up in DM and get started. Thanks. https://t.co/GDrqU22YpT,3,2,1,SUPPORT_RESPONSE_PRESENT
apple_1028432,"I’ve never been so angry @115858 in my life. #ios11 update has jacked up my phone. I’m trying all fixes, nothing works.","CUSTOMER: I’ve never been so angry @115858 in my life. #ios11 update has jacked up my phone. I’m trying all fixes, nothing works.
SUPPORT: @363337 We are here and can happily help! Which version of iOS 11 is installed &amp; what iPhone model do you have?
CUSTOMER: @AppleSupport @363337 BS iOS 11 is crap fix it
CUSTOMER: @AppleSupport I have iOS 11.0.3 and iPhone 6s Plus. It won’t let me download apps and says I can’t sign into iTunes
SUPPORT: @363337 Do you receive an error that you’re unable to connect to iTunes or something else? What happens when you try to download an app?
CUSTOMER: @AppleSupport When I download an app it says get. Then I have to enter my acct info then I have to hit get again, then I have to put in password again.
CUSTOMER: @AppleSupport Sometimes it says installed, but is not, sometimes it says cannot connect to server
CUSTOMER: @AppleSupport Or it says could not sign in
SUPPORT: @363337 Are you having this issue while connected to cellular data, WiFi, or both? Click here and let us know in DM: https://t.co/GDrqU22YpT","@363337 Are you having this issue while connected to cellular data, WiFi, or both? Click here and let us know in DM: https://t.co/GDrqU22YpT",9,6,3,SUPPORT_RESPONSE_PRESENT
apple_1028435,"@AppleSupport New bug found. While going from “Airplane Mode” to Normal Mode, wifi and Bluetooth also get enabled. Sharing the SS and steps. https://t.co/LrAfCrQKDN","CUSTOMER: @AppleSupport New bug found. While going from “Airplane Mode” to Normal Mode, wifi and Bluetooth also get enabled. Sharing the SS and steps. https://t.co/LrAfCrQKDN
SUPPORT: @320539 This can be expected if Wi-Fi and Bluetooth are on in Settings prior to enabling Airplane Mode. Check out https://t.co/NhYbxEazNR
CUSTOMER: @AppleSupport No, the third screen shot attached is actually the first taken. You can try the same steps on iPhone 6.
SUPPORT: @320539 When you turn off Bluetooth and Wi-Fi, are you doing that from Settings or the Control Center? Let us know in DM. https://t.co/GDrqU22YpT","@320539 When you turn off Bluetooth and Wi-Fi, are you doing that from Settings or the Control Center? Let us know in DM. https://t.co/GDrqU22YpT",4,2,2,SUPPORT_RESPONSE_PRESENT
apple_1028442,"@115858 @116333 @AppleSupport What’re u guys doing 2 my iPhone?It’s overheating,battery draining to a point,beyond annoying.#FixMyiPhone","CUSTOMER: @115858 @116333 @AppleSupport What’re u guys doing 2 my iPhone?It’s overheating,battery draining to a point,beyond annoying.#FixMyiPhone
SUPPORT: @363338 We're going to do everything we can to help get this sorted. DM us the version of iOS you're using and we can go from there. https://t.co/GDrqU22YpT
CUSTOMER: @AppleSupport @363338 They aren’t doing anything they just want you to go buy a iPhone 8
CUSTOMER: @AppleSupport Here’s my iOS version screenshot.Don’t assume ppl are dumb enough not to keep their phones updated.It’s the update in itself that’s faulty. https://t.co/ejcCYkgTdC
CUSTOMER: @176402 @AppleSupport I’m sure as hell not going to buy another Apple device if this is the level Apple is stooping to.My current phone was my third purchase.
SUPPORT: @363338 To help maintain your privacy, please contact us via DM and we can go from there. https://t.co/GDrqU22YpT","@363338 To help maintain your privacy, please contact us via DM and we can go from there. https://t.co/GDrqU22YpT",6,4,2,SUPPORT_RESPONSE_PRESENT
apple_1028445,my phone died and now ive plugged it in and its comepletly blackscreen and it wont even show the charging symbol HELP @AppleSupport,"CUSTOMER: my phone died and now ive plugged it in and its comepletly blackscreen and it wont even show the charging symbol HELP @AppleSupport
SUPPORT: @363339 We've got your back. Rest assured, this may temporary. Follow these steps and report the results: https://t.co/8MvHMFZ83h
CUSTOMER: @AppleSupport ive already tried all the steps from the website it still wont work
SUPPORT: @363339  Which iPhone do you have? What happens when you try the forced restart? Please tell us in DM and we'll continue there https://t.co/GDrqU22YpT",@363339  Which iPhone do you have? What happens when you try the forced restart? Please tell us in DM and we'll continue there https://t.co/GDrqU22YpT,4,2,2,SUPPORT_RESPONSE_PRESENT
apple_1028449,"@115858 @AppleSupport iOS 11.0.3 really sucks! Constant crashing, battery life reduced to 3.5 hours, and overheating. What the F??","CUSTOMER: @115858 @AppleSupport iOS 11.0.3 really sucks! Constant crashing, battery life reduced to 3.5 hours, and overheating. What the F??
SUPPORT: @363340 We want your device running smoothly. Meet us in DM and let us know which device you're using, to get started. https://t.co/GDrqU22YpT
CUSTOMER: @363340 @115858 @AppleSupport You and me both man. I have the exact same problem. Happened after iOS 11.0.3. The version before, 11.0.2, was fine.
SUPPORT: @209196 We're here to help. DM us and we can pick up from there. https://t.co/GDrqU22YpT",@209196 We're here to help. DM us and we can pick up from there. https://t.co/GDrqU22YpT,4,2,2,SUPPORT_RESPONSE_PRESENT
apple_1028477,I'm really sick of my iPhone fucking glitching &amp; IT DOING THIS EVERY TIME A NEW IPHONE IS RELEASED WTF @115858,"CUSTOMER: I'm really sick of my iPhone fucking glitching &amp; IT DOING THIS EVERY TIME A NEW IPHONE IS RELEASED WTF @115858
SUPPORT: @363349 We'd like to help. Please DM us a bit more information about what's happening with your iPhone. https://t.co/GDrqU22YpT",@363349 We'd like to help. Please DM us a bit more information about what's happening with your iPhone. https://t.co/GDrqU22YpT,2,1,1,SUPPORT_RESPONSE_PRESENT
apple_1028479,Just got a totally random notification on my computer saying “AppleCare would like to view your screen”… @AppleSupport,"CUSTOMER: Just got a totally random notification on my computer saying “AppleCare would like to view your screen”… @AppleSupport
SUPPORT: @227768 We’d like to look into this with you. Please send us a DM to begin. https://t.co/GDrqU22YpT",@227768 We’d like to look into this with you. Please send us a DM to begin. https://t.co/GDrqU22YpT,2,1,1,SUPPORT_RESPONSE_PRESENT
apple_1028508,"I cannot contact @115858 support, but my iPad Pro 10.5 is bending itself and hot as fuck","CUSTOMER: I cannot contact @115858 support, but my iPad Pro 10.5 is bending itself and hot as fuck
SUPPORT: @363336 We're here to help. Please DM us what country you are located in for further assistance. https://t.co/GDrqU22YpT",@363336 We're here to help. Please DM us what country you are located in for further assistance. https://t.co/GDrqU22YpT,2,1,1,SUPPORT_RESPONSE_PRESENT
apple_1028524,¿Anybody else having battery leaking problems with iOS 11.0.3? Drains like crazy #ios1103 @AppleSupport,"CUSTOMER: ¿Anybody else having battery leaking problems with iOS 11.0.3? Drains like crazy #ios1103 @AppleSupport
SUPPORT: @363353 We want to help! What model of iOS device are you using? Do you have the most recent version of iOS 11.0.3 downloaded? https://t.co/GDrqU22YpT
CUSTOMER: @AppleSupport My phone is an iPhone 6. I just installed #ios1103 yesterday and after that lasts 30 to 50% extra compared to the day before. Same use.
CUSTOMER: @AppleSupport My wife's iPhone is in the same situation
CUSTOMER: @AppleSupport Her iPhone's model is 6S... Same problem
SUPPORT: @363353 We want to help! DM us and let us know more about the issues you are having. https://t.co/GDrqU22YpT
CUSTOMER: @363353 @AppleSupport Did you update with the OTA option?
CUSTOMER: @AppleSupport 1% per hour discharge not even touching the iPhone overnight #ios1103
CUSTOMER: @AppleSupport Generally speaking, battery consumption is novedades in 30 to 50% after update to ios 11.0.3 #ios1103
CUSTOMER: @AppleSupport I have noticed the same in My wife's iPhone. Her case is even worse, since she has more activity #ios1103
SUPPORT: @363353 We responded to your DM. Please check that out and respond to us there. Thanks. https://t.co/GDrqU22YpT
CUSTOMER: @363353 @AppleSupport Having the same problem on my 6s since downloaded 11.0.3, what did Apple say?
CUSTOMER: @540537 @AppleSupport What's the OTA option? I just did the upgrade as usual
CUSTOMER: @AppleSupport Thanks for the battery usage tips but that doesn't help.The real issue is why after upgrading to #ios1103 my battery is draining much faster
CUSTOMER: @363353 @AppleSupport You can update over the air or with a cable via iTunes. The iTunes option gives me less problems. I recommend clean installation via iTunes
SUPPORT: @363353 Thanks for the details. Let's move back to a DM so we can explore this further. https://t.co/GDrqU22YpT
CUSTOMER: @AppleSupport You practically closed the conversation vía DM by showing me battery tips. That's not a solution. I see many more complaining about the same
CUSTOMER: @540537 @AppleSupport Thanks
CUSTOMER: @363353 @AppleSupport The fool me around too.",@363353 Thanks for the details. Let's move back to a DM so we can explore this further. https://t.co/GDrqU22YpT,19,15,4,SUPPORT_RESPONSE_PRESENT
apple_1028539,@AppleSupport answer my dm please:(,"CUSTOMER: @AppleSupport answer my dm please:(
SUPPORT: @302038 We’ve received your DM and will continue there shortly. Thank you for your patience.
CUSTOMER: @AppleSupport Thank you for fucking up my iPhone and never giving me any solution you are the worst ever. Your update is broken.",@302038 We’ve received your DM and will continue there shortly. Thank you for your patience.,3,2,1,SUPPORT_RESPONSE_PRESENT
apple_1028541,Yo @115858 wtf is this? https://t.co/C4x5OxbGyw,"CUSTOMER: Yo @115858 wtf is this? https://t.co/C4x5OxbGyw
SUPPORT: @363359 We're here to help. DM us what iOS version you're on. https://t.co/GDrqU22YpT",@363359 We're here to help. DM us what iOS version you're on. https://t.co/GDrqU22YpT,2,1,1,SUPPORT_RESPONSE_PRESENT
apple_1028545,@AppleSupport app store doesnt work. cant update or download apps.,"CUSTOMER: @AppleSupport app store doesnt work. cant update or download apps.
SUPPORT: @363360 We're here for you. Which device are you using the App Store on?
CUSTOMER: @AppleSupport iphone 7
SUPPORT: @363360 Thanks for clarifying. Let's meet up in DM and see what we can do. https://t.co/GDrqU22YpT",@363360 Thanks for clarifying. Let's meet up in DM and see what we can do. https://t.co/GDrqU22YpT,4,2,2,SUPPORT_RESPONSE_PRESENT
apple_1028557,"@AppleSupport Overnight 11.0.3 wiped my photos from over 3,000 to &lt;200 then backed up to iCloud, wiping out 10 months of baby photos.","CUSTOMER: @AppleSupport Overnight 11.0.3 wiped my photos from over 3,000 to &lt;200 then backed up to iCloud, wiping out 10 months of baby photos.
SUPPORT: @363363 We want to help. Meet us in DM and we'll take a look at this together. https://t.co/GDrqU22YpT
CUSTOMER: @AppleSupport @363363 ؟
SUPPORT: @363364 Our team that best helps with Photos would love to resolve this issue with you. Reach them here: https://t.co/IBIY3vMgPj",@363364 Our team that best helps with Photos would love to resolve this issue with you. Reach them here: https://t.co/IBIY3vMgPj,4,2,2,SUPPORT_RESPONSE_PRESENT
apple_1028560,Complete end @363366 @AppleSupport. Any solutions? https://t.co/VQY7aY2cWr,"CUSTOMER: Complete end @363366 @AppleSupport. Any solutions? https://t.co/VQY7aY2cWr
SUPPORT: @363365 We can help. Let’s follow the steps in this article: https://t.co/8MvHMFZ83h
If you need further assistance, let us know.
CUSTOMER: @363365 @AppleSupport In most cases, this is solved by reinstalling the OS
CUSTOMER: @363366 @AppleSupport By restoring ?
SUPPORT: @363365 When you get the option to restore or update, choose Update. iTunes will try to reinstall iOS without erasing your data.
CUSTOMER: @363366 @AppleSupport bro i connected ipad to the itunes.. It doesnt even show on itunes
CUSTOMER: @363365 @AppleSupport Try Recovery mode
CUSTOMER: @363366 @AppleSupport thanks it is connected now.
CUSTOMER: @363365 @AppleSupport 👍
CUSTOMER: @363366 @AppleSupport Unknown error number 3004
CUSTOMER: @363365 @AppleSupport What version of iOS was installed already on the iPad?
CUSTOMER: @363366 @AppleSupport 10.3 I think
CUSTOMER: @363365 @AppleSupport Download the suitable iOS for your device externally. https://t.co/MQKEQWus4H
And then try to restore. This always works
CUSTOMER: @363366 @AppleSupport  https://t.co/lEjJCydG9Z
CUSTOMER: @363365 @AppleSupport Plus you will need to download iOS 10.3 file first. Coz iTunes by default must be trying to download the iOS 11 firmware
CUSTOMER: @363366 @AppleSupport Tried didn’t work at all
CUSTOMER: @363365 @AppleSupport Did it went to recovery mode again?
CUSTOMER: @363366 @AppleSupport Once it goes. Take time for next time for recovery
CUSTOMER: @363365 @AppleSupport Once it connects to iTunes, how do you restore? Step?
CUSTOMER: @363366 @AppleSupport it take a lot time to connect to itunes. shift + which i downloaded. n extracts software and then error 3004
CUSTOMER: @363365 @AppleSupport Shift? iTunes on Windows?
CUSTOMER: @363366 @AppleSupport Windows to get the software which I directly downloaded
CUSTOMER: @363365 @AppleSupport Didn’t get you? Are you trying to restore from Windows PC?
CUSTOMER: @363366 @AppleSupport Yes back up in on  windows PC
CUSTOMER: @363365 @AppleSupport Might sound absurd, but try installing it from a Mac. We can back up later, anyways this will erase all your data
CUSTOMER: @363366 @AppleSupport Have a look https://t.co/lC0j6xKSWD
CUSTOMER: @363365 @AppleSupport https://t.co/D5LV9JZVJK

See if this helps. Check the steps again to enter recovery mode and restore
CUSTOMER: @363366 @AppleSupport Okay I will do. But I will do in sometime busy with work
CUSTOMER: @363365 @AppleSupport Do you click update or restore after connecting?
CUSTOMER: @363366 @AppleSupport There is no option of update
SUPPORT: @363365 We'd like to assist you with this issue. Please click here to join us in DM. We'll continue there: https://t.co/GDrqU22YpT",@363365 We'd like to assist you with this issue. Please click here to join us in DM. We'll continue there: https://t.co/GDrqU22YpT,31,28,3,SUPPORT_RESPONSE_PRESENT
apple_1029605,@AppleSupport why is it since I have updated my phone it is now slow as fuck and the battery only lasts 5min?,"CUSTOMER: @AppleSupport why is it since I have updated my phone it is now slow as fuck and the battery only lasts 5min?
SUPPORT: @363598 We're here to help. DM us which iOS version you are on. https://t.co/GDrqU22YpT",@363598 We're here to help. DM us which iOS version you are on. https://t.co/GDrqU22YpT,2,1,1,SUPPORT_RESPONSE_PRESENT
apple_1029608,@115858 @AppleSupport actualiza los #IOS pero no arregla la bateria 😪 y es muy lento! #iOS11 #ios1103,"CUSTOMER: @115858 @AppleSupport actualiza los #IOS pero no arregla la bateria 😪 y es muy lento! #iOS11 #ios1103
SUPPORT: @363599 We offer support via Twitter in English. Get help in Spanish here: https://t.co/IBIY3vMgPj or join https://t.co/OczyRx7IOs
CUSTOMER: @AppleSupport Thank you. Fix the battery duration!",@363599 We offer support via Twitter in English. Get help in Spanish here: https://t.co/IBIY3vMgPj or join https://t.co/OczyRx7IOs,3,2,1,SUPPORT_RESPONSE_PRESENT
apple_1029627,"This update just deleted ALL my music, u got to be kidding me @115858 😒","CUSTOMER: This update just deleted ALL my music, u got to be kidding me @115858 😒
SUPPORT: @363601 That's certainly not an experience we want you to have. We are here to help out. Let's meet in DM. https://t.co/GDrqU22YpT",@363601 That's certainly not an experience we want you to have. We are here to help out. Let's meet in DM. https://t.co/GDrqU22YpT,2,1,1,SUPPORT_RESPONSE_PRESENT
apple_1030419,I have never had more problems with iOS more than after adopting iOS 11 @AppleSupport what’s the deal?,"CUSTOMER: I have never had more problems with iOS more than after adopting iOS 11 @AppleSupport what’s the deal?
SUPPORT: @363797 We'd like to help. Please DM us with what issues you're having and we'll be happy to take a look. https://t.co/GDrqU22YpT",@363797 We'd like to help. Please DM us with what issues you're having and we'll be happy to take a look. https://t.co/GDrqU22YpT,2,1,1,SUPPORT_RESPONSE_PRESENT
apple_1030435,"@AppleSupport Ever since I updated to iOS 11, my iPhone SE won't send even the shortest video to Android phones (message not delivered).","CUSTOMER: @AppleSupport Ever since I updated to iOS 11, my iPhone SE won't send even the shortest video to Android phones (message not delivered).
SUPPORT: @239646 Let's work on this together. First, let's look at the MMS settings. Go to Settings &gt; Messages and make sure MMS is enabled.
CUSTOMER: @AppleSupport Hi, Yes, MMS is enabled.
CUSTOMER: @AppleSupport So.....what next?
SUPPORT: @239646 What steps have you tried so far to resolve this?
CUSTOMER: @AppleSupport I just tried your first recommendation:  ""Go to Settings &gt; Messages and make sure MMS is enabled.""  My MMS was already enabled.
SUPPORT: @239646 Got it. Are you able to send SMS text messages to these contacts? Let us know the details via DM. https://t.co/GDrqU22YpT
CUSTOMER: @AppleSupport Sent DM.  Thanks.",@239646 Got it. Are you able to send SMS text messages to these contacts? Let us know the details via DM. https://t.co/GDrqU22YpT,8,5,3,SUPPORT_RESPONSE_PRESENT
apple_1030441,"@115858, please add location service option to control centre. Enabled and disabled via touchID/faceID/passcode. #please #iOS11 #apple","CUSTOMER: @115858, please add location service option to control centre. Enabled and disabled via touchID/faceID/passcode. #please #iOS11 #apple
SUPPORT: @363800 We value your opinion and suggestions. Let us know how we can improve your experience here:  https://t.co/eTPVYVFyd8",@363800 We value your opinion and suggestions. Let us know how we can improve your experience here:  https://t.co/eTPVYVFyd8,2,1,1,SUPPORT_RESPONSE_PRESENT
apple_1030443,Apple! Can you please provide FT voicemails with this next update! @115858 @AppleSupport,"CUSTOMER: Apple! Can you please provide FT voicemails with this next update! @115858 @AppleSupport
SUPPORT: @363801 We'd be happy to look into what's going on. Can you tell us more about what you're experiencing?",@363801 We'd be happy to look into what's going on. Can you tell us more about what you're experiencing?,2,1,1,SUPPORT_RESPONSE_PRESENT
apple_1030447,"@AppleSupport why would I ever want to take my AirPods out while I’m listening to @115888 put them back in, and want to hear @115948","CUSTOMER: @AppleSupport why would I ever want to take my AirPods out while I’m listening to @115888 put them back in, and want to hear @115948
SUPPORT: @363802 Please help us understand what's happening. Is the problem the song or the device? Can you duplicate this on other devices? https://t.co/GDrqU22YpT
CUSTOMER: @AppleSupport Sliding in the DMs
SUPPORT: @363802 We've gotten your DM and will begin responding through that. Be on the lookout for our response.",@363802 We've gotten your DM and will begin responding through that. Be on the lookout for our response.,4,2,2,SUPPORT_RESPONSE_PRESENT
apple_1030449,"Dear @115858, why is my phone battery dying so damn fast ever since these last few updates?","CUSTOMER: Dear @115858, why is my phone battery dying so damn fast ever since these last few updates?
SUPPORT: @363803 How long ago did you update you iPhone? Please reply in DM. https://t.co/GDrqU22YpT",@363803 How long ago did you update you iPhone? Please reply in DM. https://t.co/GDrqU22YpT,2,1,1,SUPPORT_RESPONSE_PRESENT
apple_1030451,"Ios11 fucking sucks! #ios11bullshit @AppleSupport why! Everything glitches, nothing works, watch out Samsung @363804 is moving on","CUSTOMER: Ios11 fucking sucks! #ios11bullshit @AppleSupport why! Everything glitches, nothing works, watch out Samsung @363804 is moving on
SUPPORT: @363804 Let's look into this issue together. Let us know in DM what's going on with your iPhone exactly. https://t.co/GDrqU22YpT",@363804 Let's look into this issue together. Let us know in DM what's going on with your iPhone exactly. https://t.co/GDrqU22YpT,2,1,1,SUPPORT_RESPONSE_PRESENT
apple_1030511,wtf..... how is it almost full?! @115858 https://t.co/EtGI3x6vKW,"CUSTOMER: wtf..... how is it almost full?! @115858 https://t.co/EtGI3x6vKW
SUPPORT: @363819 The message is regarding your iCloud Storage. This article will show you how to see what's in iCloud: https://t.co/dREC7Rk0Qk",@363819 The message is regarding your iCloud Storage. This article will show you how to see what's in iCloud: https://t.co/dREC7Rk0Qk,2,1,1,SUPPORT_RESPONSE_PRESENT
apple_1030513,@AppleSupport “Hey Siri” doesn’t work when music/audio is playing,"CUSTOMER: @AppleSupport “Hey Siri” doesn’t work when music/audio is playing
SUPPORT: @311373 We'd like to help. DM us what version of iOS you have and we'll look into this further with you there. https://t.co/GDrqU22YpT",@311373 We'd like to help. DM us what version of iOS you have and we'll look into this further with you there. https://t.co/GDrqU22YpT,2,1,1,SUPPORT_RESPONSE_PRESENT
apple_103143,"@AppleSupport CAN I PLEASE TALK TO A REAL PERSON, and not an automated voice? I've been on hold for 45 mins, got hung up on. I need your HELP LIKE NOW!!","CUSTOMER: @AppleSupport CAN I PLEASE TALK TO A REAL PERSON, and not an automated voice? I've been on hold for 45 mins, got hung up on. I need your HELP LIKE NOW!!
SUPPORT: @138688 We want you get the help you're needing. Perhaps we can offer some solutions here. Shoot us a DM, letting us know what's going on and from there we'll provide any assistance we can. https://t.co/GDrqU22YpT","@138688 We want you get the help you're needing. Perhaps we can offer some solutions here. Shoot us a DM, letting us know what's going on and from there we'll provide any assistance we can. https://t.co/GDrqU22YpT",2,1,1,SUPPORT_RESPONSE_PRESENT
apple_103146,@AppleSupport how do I stop this auto brightness 😩😩 I like my screen dark and it just randomly gets bright,"CUSTOMER: @AppleSupport how do I stop this auto brightness 😩😩 I like my screen dark and it just randomly gets bright
SUPPORT: @138689 Thanks for reaching out. We know how important it is to control your display brightness, and we're happy to help. Can you tell us which device model and version of software you're using so we can provide the steps for how to adjust this?
CUSTOMER: @AppleSupport I have an iPhone 7 running iOS 11.1.2
SUPPORT: @138689 This article provides the steps for how to adjust the brightness on your iPhone 7: https://t.co/QGzyuyr5Ra Let us know if this helps.
CUSTOMER: @AppleSupport Omg yesss thank you !!!!
SUPPORT: @138689 You're very welcome. Please let us know if you have any additional questions. We're happy to help. Have a great evening!",@138689 You're very welcome. Please let us know if you have any additional questions. We're happy to help. Have a great evening!,6,3,3,SUPPORT_RESPONSE_PRESENT
apple_1031462,Thank you @115858 for fixing my phone 🙏 the technician who helped me was so sweet🤗 now if only the battery could be fixed 😢,"CUSTOMER: Thank you @115858 for fixing my phone 🙏 the technician who helped me was so sweet🤗 now if only the battery could be fixed 😢
SUPPORT: @364071 We're glad to hear that, but would like to help with your battery. What seems to be going on with the battery?","@364071 We're glad to hear that, but would like to help with your battery. What seems to be going on with the battery?",2,1,1,SUPPORT_RESPONSE_PRESENT
apple_1031465,@AppleSupport I can't play podcasts in itunes (on an iMac). Every time I try to switch to podcasts it freezes. Help!,"CUSTOMER: @AppleSupport I can't play podcasts in itunes (on an iMac). Every time I try to switch to podcasts it freezes. Help!
SUPPORT: @364072 We're here for you. Is iTunes up to date? You can find instructions here: https://t.co/g2HM9lnith
CUSTOMER: @AppleSupport I just installed the latest version, and I'm still having the same problem.
SUPPORT: @364072 Thank you for trying that step. Let’s team up in DM and we’ll do our best to assist you. https://t.co/GDrqU22YpT",@364072 Thank you for trying that step. Let’s team up in DM and we’ll do our best to assist you. https://t.co/GDrqU22YpT,4,2,2,SUPPORT_RESPONSE_PRESENT
apple_1031469,"Hi,@AppleSupport @115858 , I’ve iPhone 5S and I’m not pleased with last two updates(11.0.3-11.0.2..)They slow down my phone 😒😭🤕🤢","CUSTOMER: Hi,@AppleSupport @115858 , I’ve iPhone 5S and I’m not pleased with last two updates(11.0.3-11.0.2..)They slow down my phone 😒😭🤕🤢
SUPPORT: @364073 We're happy to look into this with you. Are you seeing slow performance in certain apps or does it appear system wide?
CUSTOMER: @AppleSupport System wide, unfortunately :’(
SUPPORT: @364073 Got it. DM us the country you're located in and we'll continue to look into this together. https://t.co/GDrqU22YpT",@364073 Got it. DM us the country you're located in and we'll continue to look into this together. https://t.co/GDrqU22YpT,4,2,2,SUPPORT_RESPONSE_PRESENT
apple_1031473,@AppleSupport Help having problems with blue tooth connection with I phone in car. No contacts can be found numbers are there just no names?,"CUSTOMER: @AppleSupport Help having problems with blue tooth connection with I phone in car. No contacts can be found numbers are there just no names?
CUSTOMER: @AppleSupport Have just updated to latest iOS, phone is an SE
SUPPORT: @364074 We’re here to help. Let’s team up in DM and we’ll do our best to assist you. https://t.co/GDrqU22YpT",@364074 We’re here to help. Let’s team up in DM and we’ll do our best to assist you. https://t.co/GDrqU22YpT,3,2,1,SUPPORT_RESPONSE_PRESENT
apple_103151,"@115858 my iPhone gets slower and slower with every update and for this I thank you, keep up the good work","CUSTOMER: @115858 my iPhone gets slower and slower with every update and for this I thank you, keep up the good work
SUPPORT: @138690 We know how important updates are and we want to help you use the device as you expect. DM us what device and iOS version you're using. https://t.co/GDrqU22YpT",@138690 We know how important updates are and we want to help you use the device as you expect. DM us what device and iOS version you're using. https://t.co/GDrqU22YpT,2,1,1,SUPPORT_RESPONSE_PRESENT
apple_103154,@AppleSupport I need your help!!,"CUSTOMER: @AppleSupport I need your help!!
SUPPORT: @138691 You've come to the right place! What's going on?
CUSTOMER: @AppleSupport i’m almost at my fundraising goal and could use a hand :) https://t.co/TkwBLAln5J",@138691 You've come to the right place! What's going on?,3,2,1,SUPPORT_RESPONSE_PRESENT
apple_103157,@AppleSupport I cannot update my phone to iOS 11 I keep getting an error occurred while trying to install the download I've tried restarting force restart cleared at least 5gb of space what now,"CUSTOMER: @AppleSupport I cannot update my phone to iOS 11 I keep getting an error occurred while trying to install the download I've tried restarting force restart cleared at least 5gb of space what now
SUPPORT: @138692 Thank you for reaching out. Let's get you updated. To better assist, are you attempting to update directly on the iPhone via Settings or via a computer with iTunes?
CUSTOMER: @AppleSupport Via my iPhone because I no longer have a computer
SUPPORT: @138692 No worries. If that is the case, check out the steps here: https://t.co/Ui1yTnOCUz but keep us posted if you run into any issues.  We're here for you.
CUSTOMER: @AppleSupport I deleted the download and re-downloaded the update and again, it says an error occured while installing
SUPPORT: @138692 Let's meet up in DM and work together there. https://t.co/GDrqU22YpT",@138692 Let's meet up in DM and work together there. https://t.co/GDrqU22YpT,6,3,3,SUPPORT_RESPONSE_PRESENT
apple_103162,"@AppleSupport, did #HighSierra kill my old trackpad?  After the recent update, no more trackpad. Bounces between connected and mostly not.","CUSTOMER: @AppleSupport, did #HighSierra kill my old trackpad?  After the recent update, no more trackpad. Bounces between connected and mostly not.
SUPPORT: @138693 Thanks for reaching out to us. We are always happy to help. Send us a DM. We'd like to look into this with you.",@138693 Thanks for reaching out to us. We are always happy to help. Send us a DM. We'd like to look into this with you.,2,1,1,SUPPORT_RESPONSE_PRESENT
apple_103164,Hey @AppleSupport why can’t I scroll to accept this developer agreement in Safari on iOS? Can’t get the accept button to show up. https://t.co/hanri9HS6H,"CUSTOMER: Hey @AppleSupport why can’t I scroll to accept this developer agreement in Safari on iOS? Can’t get the accept button to show up. https://t.co/hanri9HS6H
SUPPORT: @138694 Thanks for reaching out.  We know how important it is to be able to accept Developer agreements and  we'll do everything we can to assist.  Does this issue also happen from a computer? https://t.co/GDrqU22YpT",@138694 Thanks for reaching out.  We know how important it is to be able to accept Developer agreements and  we'll do everything we can to assist.  Does this issue also happen from a computer? https://t.co/GDrqU22YpT,2,1,1,SUPPORT_RESPONSE_PRESENT
apple_103166,@115858 iPhone X orange camera problem? https://t.co/HooDTPyYNl,"CUSTOMER: @115858 iPhone X orange camera problem? https://t.co/HooDTPyYNl
SUPPORT: @138695 Let's help take a look. How long has this been happening? Have you tried any troubleshooting such as force quitting camera or rebooting the iPhone X? What's the version of iOS in Settings &gt; General &gt; About?",@138695 Let's help take a look. How long has this been happening? Have you tried any troubleshooting such as force quitting camera or rebooting the iPhone X? What's the version of iOS in Settings &gt; General &gt; About?,2,1,1,SUPPORT_RESPONSE_PRESENT
apple_103169,Hey @AppleSupport - Over the last few days my messages app on  my iMac and MBA stopped syncing with my iMessages from my iOS devices.  Any ideas on how to fix this problem?  I've lost one of my favorite parts of #AppleSimplicity,"CUSTOMER: Hey @AppleSupport - Over the last few days my messages app on  my iMac and MBA stopped syncing with my iMessages from my iOS devices.  Any ideas on how to fix this problem?  I've lost one of my favorite parts of #AppleSimplicity
SUPPORT: @138696 We’d love to help with your messages. To start, do you see your iMac and MacBook enabled if you tap Settings &gt; Messages &gt; Text Message Forwarding on your iPhone?
CUSTOMER: @AppleSupport Yes they are.  My iPad is as well and that one is still working normally.
SUPPORT: @138696 On your iMac and MacBook, open Messages, then choose Messages &gt; Preferences. Click Accounts, then select your iMessage account. Do you have a check next to your phone number and email address? Is the same Apple ID being shown that you use with your iPhone?
CUSTOMER: @AppleSupport All is correct there.
SUPPORT: @138696 Thank you. We’d like to look further into this with you. Please send us a DM confirming which software version you are using with your iMac and MacBook Air. https://t.co/GDrqU22YpT",@138696 Thank you. We’d like to look further into this with you. Please send us a DM confirming which software version you are using with your iMac and MacBook Air. https://t.co/GDrqU22YpT,6,3,3,SUPPORT_RESPONSE_PRESENT
apple_103174,@AppleSupport @115858 why does my battery drain so fast now on iOS 11.1.2 I lose 10% in an hour or less and I don’t even use the phone. Im at 26% now https://t.co/5TKNP5nu2r,"CUSTOMER: @AppleSupport @115858 why does my battery drain so fast now on iOS 11.1.2 I lose 10% in an hour or less and I don’t even use the phone. Im at 26% now https://t.co/5TKNP5nu2r
SUPPORT: @138697 We know how vital the battery is and we'll help. Are you using the Apple Lightning to USB cable and power adapter to charge your iPhone? You can DM us your answer. https://t.co/GDrqU22YpT",@138697 We know how vital the battery is and we'll help. Are you using the Apple Lightning to USB cable and power adapter to charge your iPhone? You can DM us your answer. https://t.co/GDrqU22YpT,2,1,1,SUPPORT_RESPONSE_PRESENT
apple_103176,@AppleSupport Zouden jullie mij uit kunnen leggen waarom mijn telefoon ineens geen geheugenruimte meer over heeft terwijl ik er al van alles heb afgegooid? En dit tot grote ergernis blijft doen?,"CUSTOMER: @AppleSupport Zouden jullie mij uit kunnen leggen waarom mijn telefoon ineens geen geheugenruimte meer over heeft terwijl ik er al van alles heb afgegooid? En dit tot grote ergernis blijft doen?
SUPPORT: @138698 We offer support via Twitter in English. Contact us for help in your preferred language here: https://t.co/IBIY3vMgPj",@138698 We offer support via Twitter in English. Contact us for help in your preferred language here: https://t.co/IBIY3vMgPj,2,1,1,SUPPORT_RESPONSE_PRESENT
apple_103179,@AppleSupport FYI.  Def have to you use passcode to unlock iPhone X more than past iPhones with touchid. #iphonex #FaceID,"CUSTOMER: @AppleSupport FYI.  Def have to you use passcode to unlock iPhone X more than past iPhones with touchid. #iphonex #FaceID
SUPPORT: @138699 Congratulations on your new iPhone X. We'd like to help you. Have you tried setting up Face ID again? https://t.co/lDcNYSCMiX
CUSTOMER: @AppleSupport It’s not that. It’s because there’s many possible inference vision to the face. Like hands on face and other objects.
SUPPORT: @138699 Face ID will adapt to changes in your appearance, such as wearing sunglasses or growing facial hair. If you have your hands over your face, it will be difficult for Face ID to scan and unlock your iPhone. If you remove your hands, does Face ID unlock the iPhone?
CUSTOMER: @AppleSupport Yes. I think touchID was better, just my opinion. Just giving you some feedback but other than that I do like the new hardware finally.
SUPPORT: @138699 We appreciate your feedback and we’re glad to hear that you like your new iPhone! Let us know if we can assist you with anything else in the future.  Have a wonderful day!",@138699 We appreciate your feedback and we’re glad to hear that you like your new iPhone! Let us know if we can assist you with anything else in the future.  Have a wonderful day!,6,3,3,SUPPORT_RESPONSE_PRESENT
apple_1031798,@AppleSupport - MacOS forced me to up my iCloud storage- it didn’t realize I’d already synced photos. Purchases won’t let me Report Problem,"CUSTOMER: @AppleSupport - MacOS forced me to up my iCloud storage- it didn’t realize I’d already synced photos. Purchases won’t let me Report Problem
SUPPORT: @265615 Hi there! For the best assistance with this issue, contact our Account Security team using this link: https://t.co/UJm15vmMM2","@265615 Hi there! For the best assistance with this issue, contact our Account Security team using this link: https://t.co/UJm15vmMM2",2,1,1,SUPPORT_RESPONSE_PRESENT
apple_1031806,The fact that my MacBook just stopped working for no reason is a major problem 😡 #apple @AppleSupport,"CUSTOMER: The fact that my MacBook just stopped working for no reason is a major problem 😡 #apple @AppleSupport
SUPPORT: @364141 What trouble are you seeing with your MacBook? We'll help out however we can.
CUSTOMER: @AppleSupport Mouse pad doesn’t work, keyboard doesn’t work, screen is completely frozen
SUPPORT: @364141 Are you able to force restart the Mac? You press and hold down the Power button a minimum of 5 seconds.
CUSTOMER: @AppleSupport Yes I’ve tried that. It restarts and it’s the same problems
SUPPORT: @364141 Let's connect then over in DM so we can look into this futher. https://t.co/GDrqU22YpT",@364141 Let's connect then over in DM so we can look into this futher. https://t.co/GDrqU22YpT,6,3,3,SUPPORT_RESPONSE_PRESENT
apple_103184,The recent IOS update has slowed my 6S down to a crawl. I am seriously reconsidering my commitment to @115858.,"CUSTOMER: The recent IOS update has slowed my 6S down to a crawl. I am seriously reconsidering my commitment to @115858.
SUPPORT: @138700 We want you to be able to use your iPhone with no issues. Are you noticing it running slow when using specific apps? Let us know in DM. https://t.co/GDrqU22YpT",@138700 We want you to be able to use your iPhone with no issues. Are you noticing it running slow when using specific apps? Let us know in DM. https://t.co/GDrqU22YpT,2,1,1,SUPPORT_RESPONSE_PRESENT
apple_103186,"@115858  thanks for making my phone backup fucking useless, cant download it back onto my phone because of a shitty ''two-factior verification' with my fucking old number, load a shite","CUSTOMER: @115858  thanks for making my phone backup fucking useless, cant download it back onto my phone because of a shitty ''two-factior verification' with my fucking old number, load a shite
SUPPORT: @138701 We know how important being able to restore from a backup is. DM us a bit more details on what’s happening when you try to restore it, and we’ll work towards a resolution together. https://t.co/GDrqU22YpT","@138701 We know how important being able to restore from a backup is. DM us a bit more details on what’s happening when you try to restore it, and we’ll work towards a resolution together. https://t.co/GDrqU22YpT",2,1,1,SUPPORT_RESPONSE_PRESENT
apple_103193,@AppleSupport Pilimi günde 3 kez şarj etmem gerekiyor. Ve bundan bıktım ..,"CUSTOMER: @AppleSupport Pilimi günde 3 kez şarj etmem gerekiyor. Ve bundan bıktım ..
SUPPORT: @138702 We offer support via Twitter in English. Contact us for help in your preferred language here: https://t.co/IBIY3vMgPj
CUSTOMER: @AppleSupport @AppleSupport I need to charge the battery 3 times a day. And I'm sick of it.
SUPPORT: @138702 Let's try following this article for Maximizing Battery Life, and let us know if it helps: https://t.co/TpjqFp3jxD
CUSTOMER: @AppleSupport this happened after the update
SUPPORT: @138702 We know how important it is to get the best performance from your battery and understand this happened after updating. We'd like to discuss some additional recommendations. Please DM us with the country where you're located to continue. https://t.co/GDrqU22YpT
CUSTOMER: @AppleSupport I know these. iphone 6+. I started having problems after installing iOS 11 when everything was normal. and now I'm going back too! Did you understand me?
SUPPORT: @138702 We'd like to get clarification and work on a solution for your iPhone's performance. Please use the link below to DM us with the country where you're located. https://t.co/GDrqU22YpT",@138702 We'd like to get clarification and work on a solution for your iPhone's performance. Please use the link below to DM us with the country where you're located. https://t.co/GDrqU22YpT,8,4,4,SUPPORT_RESPONSE_PRESENT
apple_103197,@AppleSupport what’s going on with this latest update? Whenever I type the “it” it autocorrects to “I.T” unless I press the actual word it. Wtf is going on?,"CUSTOMER: @AppleSupport what’s going on with this latest update? Whenever I type the “it” it autocorrects to “I.T” unless I press the actual word it. Wtf is going on?
SUPPORT: @138703 We'd be happy to look into this with you. Can you provide us which iOS version you're using? This can be located in Settings &gt; General &gt; About &gt; Version.
CUSTOMER: @AppleSupport 11.2
SUPPORT: @138703 Just to be sure are you on iOS 11.1.2 or iOS beta 11.2? Let us know in DM here: https://t.co/GDrqU22YpT",@138703 Just to be sure are you on iOS 11.1.2 or iOS beta 11.2? Let us know in DM here: https://t.co/GDrqU22YpT,4,2,2,SUPPORT_RESPONSE_PRESENT
apple_103200,@AppleSupport  dont understand why i just called you to have my phone not working stilll.... thanks so much,"CUSTOMER: @AppleSupport  dont understand why i just called you to have my phone not working stilll.... thanks so much
SUPPORT: @138704 Send us a DM. Let us know more details on the issue. We'll do our best to help. https://t.co/GDrqU22YpT",@138704 Send us a DM. Let us know more details on the issue. We'll do our best to help. https://t.co/GDrqU22YpT,2,1,1,SUPPORT_RESPONSE_PRESENT
apple_103205,The new update to my #iMac messed up my play/pause button. It no longer controls Spotify but the videos on my facebook timeline and inside safari. @AppleSupport How do I fix this?,"CUSTOMER: The new update to my #iMac messed up my play/pause button. It no longer controls Spotify but the videos on my facebook timeline and inside safari. @AppleSupport How do I fix this?
SUPPORT: @138705 We can assist you. Does this take place with any other apps such as iTunes?
CUSTOMER: @AppleSupport I tried to recreate the issue with iTunes open and was unable to reproduce the effect. Thank you for your reply.
CUSTOMER: @AppleSupport I was just able to recreate the issue while using safari and iTunes. Watching a video on facebook and toggling the volume on and off makes the play/pause button become dedicated to the media in the browser.
SUPPORT: @138705 Got it, thank you. If it still occurs in Safari, please send us a DM. We'd like to continue working on this with you. https://t.co/GDrqU22YpT","@138705 Got it, thank you. If it still occurs in Safari, please send us a DM. We'd like to continue working on this with you. https://t.co/GDrqU22YpT",5,3,2,SUPPORT_RESPONSE_PRESENT
apple_103207,Yo @115858 you can make my phone not send/receive texts all you want I’m not buying your overpriced piece of glass #CanYouHearMeNow,"CUSTOMER: Yo @115858 you can make my phone not send/receive texts all you want I’m not buying your overpriced piece of glass #CanYouHearMeNow
SUPPORT: @138706 Hi. We'd like to help. This article can help resolve most issues with sending and receiving messages on your iPhone: https://t.co/2hgNQH8Vvq Let us know if this helps.",@138706 Hi. We'd like to help. This article can help resolve most issues with sending and receiving messages on your iPhone: https://t.co/2hgNQH8Vvq Let us know if this helps.,2,1,1,SUPPORT_RESPONSE_PRESENT
apple_103210,OMFG @115858 this is my 3rd pair of fkn headphones that have crapped out on me.,"CUSTOMER: OMFG @115858 this is my 3rd pair of fkn headphones that have crapped out on me.
SUPPORT: @138707 Hi, we appreciate you reaching out to us to resolve this issue. We would like to gather a little more information before we continue. First, are they Apple or Beats headphones?
CUSTOMER: @AppleSupport apple. ones you get when you get a new phone.
SUPPORT: @138707 Got it, thanks. So we're sure to be on the same page is there no sound at all or is there an issue with the sound quality? Also, does it happen when connected to any device?
CUSTOMER: @AppleSupport no sound in the right earphone and yes.
SUPPORT: @138707 Alright, we'd like to take a look at your options. Let us know when and where this set was purchased in a DM and we'll continue. https://t.co/GDrqU22YpT","@138707 Alright, we'd like to take a look at your options. Let us know when and where this set was purchased in a DM and we'll continue. https://t.co/GDrqU22YpT",6,3,3,SUPPORT_RESPONSE_PRESENT
apple_103215,"@116333 Please help me, apple call centre in India unable to support","CUSTOMER: @116333 Please help me, apple call centre in India unable to support
SUPPORT: @138708 We're happy to assist you. Is this related to the Face ID issue you recently had? DM us with more information and we'll go from there. https://t.co/GDrqU22YpT",@138708 We're happy to assist you. Is this related to the Face ID issue you recently had? DM us with more information and we'll go from there. https://t.co/GDrqU22YpT,2,1,1,SUPPORT_RESPONSE_PRESENT
apple_1032152,Imagine if I didn’t put my phone in saving battery mode JUST IMAGINE. And that doesn’t even fucking help. Fuck y’all @115858,"CUSTOMER: Imagine if I didn’t put my phone in saving battery mode JUST IMAGINE. And that doesn’t even fucking help. Fuck y’all @115858
SUPPORT: @364229 We'd be happy to help out with your battery. DM us the version of iOS you're using to get started. https://t.co/GDrqU22YpT",@364229 We'd be happy to help out with your battery. DM us the version of iOS you're using to get started. https://t.co/GDrqU22YpT,2,1,1,SUPPORT_RESPONSE_PRESENT
apple_1032154,@AppleSupport where can I send spam emails imitating ?,"CUSTOMER: @AppleSupport where can I send spam emails imitating ?
SUPPORT: @329911 This article will show you how to forward phishing emails and other suspicious messages: https://t.co/LNMCdqt6fD",@329911 This article will show you how to forward phishing emails and other suspicious messages: https://t.co/LNMCdqt6fD,2,1,1,SUPPORT_RESPONSE_PRESENT
apple_1032177,Can anyone explain why I have apparently used 11.78 GB out of 15 GB and still have Zero KB of storage... @115858 @AppleSupport,"CUSTOMER: Can anyone explain why I have apparently used 11.78 GB out of 15 GB and still have Zero KB of storage... @115858 @AppleSupport
SUPPORT: @364235 Let's see what we can do. Which device are you using? Reply in DM to get started. https://t.co/GDrqU22YpT",@364235 Let's see what we can do. Which device are you using? Reply in DM to get started. https://t.co/GDrqU22YpT,2,1,1,SUPPORT_RESPONSE_PRESENT
apple_1032179,@116333 what do you have for mick in your iphone people hear me bad when i speak in line iphone 8 plus it was so since first day,"CUSTOMER: @116333 what do you have for mick in your iphone people hear me bad when i speak in line iphone 8 plus it was so since first day
SUPPORT: @364236 We'd like to help with your new iPhone! Send us a DM and we'll begin: https://t.co/GDrqU22YpT",@364236 We'd like to help with your new iPhone! Send us a DM and we'll begin: https://t.co/GDrqU22YpT,2,1,1,SUPPORT_RESPONSE_PRESENT
apple_103218,Yo @AppleSupport my iPhone just went from 100% to 20% in an hour. https://t.co/MxQ3zvOQXc,"CUSTOMER: Yo @AppleSupport my iPhone just went from 100% to 20% in an hour. https://t.co/MxQ3zvOQXc
SUPPORT: @138709 Battery life is important, and we can help. To start, tell us the iOS version your iPhone is running, and we’ll take it from there.
CUSTOMER: @AppleSupport iOS 11.1.2 - it’s up to date
SUPPORT: @138709 OK, thanks. So that we can look into this further, use the link below to DM us, and we’ll  take it from there. https://t.co/GDrqU22YpT","@138709 OK, thanks. So that we can look into this further, use the link below to DM us, and we’ll  take it from there. https://t.co/GDrqU22YpT",4,2,2,SUPPORT_RESPONSE_PRESENT
apple_1032185,@AppleSupport why does my @Delta app not update when a new version is at the App Store? On a delay? #autocheckin #flydelta,"CUSTOMER: @AppleSupport why does my @Delta app not update when a new version is at the App Store? On a delay? #autocheckin #flydelta
SUPPORT: @364239 Let's look into that. Send us a DM and we'll go from there. https://t.co/GDrqU22YpT",@364239 Let's look into that. Send us a DM and we'll go from there. https://t.co/GDrqU22YpT,2,1,1,SUPPORT_RESPONSE_PRESENT
apple_1032187,@AppleSupport Adding - background app refresh is off &amp; I appear to have done all the “fixes” in articles... Still an issue.  #iOS11 #battery https://t.co/yF5RUvws7v,"CUSTOMER: @AppleSupport Adding - background app refresh is off &amp; I appear to have done all the “fixes” in articles... Still an issue.  #iOS11 #battery https://t.co/yF5RUvws7v
SUPPORT: @364240 We'd like to see how we can help with your battery. DM us and we'll get started. https://t.co/GDrqU22YpT",@364240 We'd like to see how we can help with your battery. DM us and we'll get started. https://t.co/GDrqU22YpT,2,1,1,SUPPORT_RESPONSE_PRESENT
apple_1032202,"@AppleSupport My iPhone just froze, wouldn’t let me answer the phone, press buttons or anything. I had to force shutdown! iPhone is new.","CUSTOMER: @AppleSupport My iPhone just froze, wouldn’t let me answer the phone, press buttons or anything. I had to force shutdown! iPhone is new.
SUPPORT: @364242 We're here for you!  Has this occurred before or is this the first time?",@364242 We're here for you!  Has this occurred before or is this the first time?,2,1,1,SUPPORT_RESPONSE_PRESENT
apple_103221,I WANT Y’ALL TO EXPLAIN TO ME WHY MY 8 PLUS BATTERY IS GARBAGE. I’VE BEEN ON IT FOR LIKE AN HOUR AND IT’S AT 74%. IT GOES DOWN LIKE 5 PERCENT WHEN I LISTEN TO ONE FUCKING SONG. @AppleSupport,"CUSTOMER: I WANT Y’ALL TO EXPLAIN TO ME WHY MY 8 PLUS BATTERY IS GARBAGE. I’VE BEEN ON IT FOR LIKE AN HOUR AND IT’S AT 74%. IT GOES DOWN LIKE 5 PERCENT WHEN I LISTEN TO ONE FUCKING SONG. @AppleSupport
SUPPORT: @138710 We're happy to look into what's happening with your iPhone battery performance. We know how important it is to have your iPhone battery performing at its best. Send us a DM letting us know if you see the message outlined in this article: https://t.co/KyywFa9iZ3 https://t.co/GDrqU22YpT",@138710 We're happy to look into what's happening with your iPhone battery performance. We know how important it is to have your iPhone battery performing at its best. Send us a DM letting us know if you see the message outlined in this article: https://t.co/KyywFa9iZ3 https://t.co/GDrqU22YpT,2,1,1,SUPPORT_RESPONSE_PRESENT
apple_103224,"""Keep in mind that this version will still be available to all users as a manual update from the App Store""...@118936 @115858.. the app store does not behave like this. Please can we fix this 🙏","CUSTOMER: ""Keep in mind that this version will still be available to all users as a manual update from the App Store""...@118936 @115858.. the app store does not behave like this. Please can we fix this 🙏
SUPPORT: @138711 We're happy to look into this with you. What are you downloading when you see this message?
CUSTOMER: @AppleSupport Thanks. Each time we release the depop app using phased rollout, a user sees the what’s new text when they go to the App Store, but the OPEN button shows and they can’t download the new version
SUPPORT: @138711 Got it.  You will need to reach out to Developer Support here.  They will be happy to help.  https://t.co/LIrs0dB6kH",@138711 Got it.  You will need to reach out to Developer Support here.  They will be happy to help.  https://t.co/LIrs0dB6kH,4,2,2,SUPPORT_RESPONSE_PRESENT
apple_103228,"A Apple, que vende IPhone, é um lixo no Brasil. Lixo que faz buscar o “Bombita” do Darin nos “Relatos Selvagens. Irei no dantesco calvário em que me meti até o fim pra depois relatar.","CUSTOMER: A Apple, que vende IPhone, é um lixo no Brasil. Lixo que faz buscar o “Bombita” do Darin nos “Relatos Selvagens. Irei no dantesco calvário em que me meti até o fim pra depois relatar.
CUSTOMER: @138713 Estou com problemas com a querida @115858 tbem e tive que acionar o Procon.
SUPPORT: @138712 Since our Twitter support is available in English, get help at https://t.co/IBIY3vMgPj or join https://t.co/pvaOFfPbjt","@138712 Since our Twitter support is available in English, get help at https://t.co/IBIY3vMgPj or join https://t.co/pvaOFfPbjt",3,2,1,SUPPORT_RESPONSE_PRESENT
apple_103230,@AppleSupport hi. i received an email about icloud payment from this email account and i'm wondering if it's fake since I domt have any apple decives at the moment so I didn't purchase anything. https://t.co/QHAcj2BpOA,"CUSTOMER: @AppleSupport hi. i received an email about icloud payment from this email account and i'm wondering if it's fake since I domt have any apple decives at the moment so I didn't purchase anything. https://t.co/QHAcj2BpOA
SUPPORT: @138714 Thanks for taking the time to reach out. We know it's important to be able to identify legitimate emails and we're here to get you pointed in the right direction. You'll want to review this article for help: https://t.co/LNMCdqt6fD",@138714 Thanks for taking the time to reach out. We know it's important to be able to identify legitimate emails and we're here to get you pointed in the right direction. You'll want to review this article for help: https://t.co/LNMCdqt6fD,2,1,1,SUPPORT_RESPONSE_PRESENT
apple_103233,@AppleSupport @115858 Are you guys kidding with these keyboard bugs?? I.T is so frustrating. Android is looking very tempting and be been an Apple user for YEARS. Is there a timeframe for a fix? Published workarounds don’t work!,"CUSTOMER: @AppleSupport @115858 Are you guys kidding with these keyboard bugs?? I.T is so frustrating. Android is looking very tempting and be been an Apple user for YEARS. Is there a timeframe for a fix? Published workarounds don’t work!
SUPPORT: @138715 We're happy to look into this issue with you. Please DM us your current iOS version and we'll go from there. https://t.co/GDrqU22YpT",@138715 We're happy to look into this issue with you. Please DM us your current iOS version and we'll go from there. https://t.co/GDrqU22YpT,2,1,1,SUPPORT_RESPONSE_PRESENT
apple_103235,@115858 Estoy muy decepcionado con la calidad de la compra online. Despues de esperar tanto tiempo para el IPhone X + AppleWatch teneis problemas con el sistema de pago. Muy muy decepcionado !!! Espero que esto no afecte a la fecha de entrega de mi pedido!!!,"CUSTOMER: @115858 Estoy muy decepcionado con la calidad de la compra online. Despues de esperar tanto tiempo para el IPhone X + AppleWatch teneis problemas con el sistema de pago. Muy muy decepcionado !!! Espero que esto no afecte a la fecha de entrega de mi pedido!!!
SUPPORT: @138716 We offer support via Twitter in English. Get help in Spanish here: https://t.co/IBIY3vMgPj or join https://t.co/OczyRx7IOs",@138716 We offer support via Twitter in English. Get help in Spanish here: https://t.co/IBIY3vMgPj or join https://t.co/OczyRx7IOs,2,1,1,SUPPORT_RESPONSE_PRESENT
apple_103237,Err um. @AppleSupport when are we gonna fix the issue with all my I’s looking like trash,"CUSTOMER: Err um. @AppleSupport when are we gonna fix the issue with all my I’s looking like trash
SUPPORT: @138717 Hi there. We recently released an update that includes a fix. Follow the steps here to back up and update your device: https://t.co/80YRnjDFDk If you are still seeing this when you type after updating, send us a DM and we'll take a closer look. https://t.co/GDrqU22YpT","@138717 Hi there. We recently released an update that includes a fix. Follow the steps here to back up and update your device: https://t.co/80YRnjDFDk If you are still seeing this when you type after updating, send us a DM and we'll take a closer look. https://t.co/GDrqU22YpT",2,1,1,SUPPORT_RESPONSE_PRESENT
apple_103240,Why did all my pictures just delete from my phone. WTF just happened @AppleSupport,"CUSTOMER: Why did all my pictures just delete from my phone. WTF just happened @AppleSupport
SUPPORT: @138718 We can help with your Photos! Please tell us which iPhone and iOS you're using in DM and we'll go from there: https://t.co/GDrqU22YpT
CUSTOMER: @AppleSupport They came back thanks.
SUPPORT: @138718 That's great to hear! Please do reach back out if we can be of any further assistance.",@138718 That's great to hear! Please do reach back out if we can be of any further assistance.,4,2,2,SUPPORT_RESPONSE_PRESENT
apple_103243,"@AppleSupport On iOS 11, the video player shows a scrubbing speed tip every time I scrub for a while. Useful the 1st / 2nd time, but maybe not the gazillionth time. Is there a way to turn it off?","CUSTOMER: @AppleSupport On iOS 11, the video player shows a scrubbing speed tip every time I scrub for a while. Useful the 1st / 2nd time, but maybe not the gazillionth time. Is there a way to turn it off?
SUPPORT: @138719 We’d be glad to look into this with you. Can you start by explaining what app you are using to view the video in DM? These details help us determine where to get started. https://t.co/GDrqU22YpT",@138719 We’d be glad to look into this with you. Can you start by explaining what app you are using to view the video in DM? These details help us determine where to get started. https://t.co/GDrqU22YpT,2,1,1,SUPPORT_RESPONSE_PRESENT
apple_103245,@AppleSupport Is this real? The app store said there were no updates. https://t.co/7jMVn8OHhs,"CUSTOMER: @AppleSupport Is this real? The app store said there were no updates. https://t.co/7jMVn8OHhs
SUPPORT: @138720 Thanks for taking the time to reach out. Yes, that notification is from Apple.","@138720 Thanks for taking the time to reach out. Yes, that notification is from Apple.",2,1,1,SUPPORT_RESPONSE_PRESENT
apple_103248,Hey @AppleSupport is this a known bug that will be fixed soon? My dock on iPad continues to not stay centered and only a reboot will reset it.  See attached picture. https://t.co/d0U1mmK6C1,"CUSTOMER: Hey @AppleSupport is this a known bug that will be fixed soon? My dock on iPad continues to not stay centered and only a reboot will reset it.  See attached picture. https://t.co/d0U1mmK6C1
SUPPORT: @138721 We'd love to look into this with you. Which exact version of the operating system is your iPad running? Let us know in DM and we'll team up to get this resolved. https://t.co/GDrqU22YpT
CUSTOMER: @AppleSupport 11.1.2
SUPPORT: @138721 Thanks. Do you notice this occurring after running or exiting out of a certain app? Let's continue via DM. https://t.co/GDrqU22YpT",@138721 Thanks. Do you notice this occurring after running or exiting out of a certain app? Let's continue via DM. https://t.co/GDrqU22YpT,4,2,2,SUPPORT_RESPONSE_PRESENT
apple_103253,iPad Pro + iOS 11. Use Apple Pencil to create expressive multimedia notes.,"CUSTOMER: iPad Pro + iOS 11. Use Apple Pencil to create expressive multimedia notes.
CUSTOMER: @115858 Why is it so hard to turn off wifi/BT in OS11?  I wish i could dump a tub of discarded shrimp shells on the idiot who thought it's a ""feature"" to keep em running when you turn 'em off in CP. Many work in areas that restrict wifi/BT! Can't buy new iphone until this is fixed!
SUPPORT: @686594 iOS 11 brought many changes to the iPhone. We know it's important to be able to turn off and on Wi-Fi and Bluetooth, which is still available within Settings. Take a look at this article for more information. https://t.co/G7BHuQFeJE
CUSTOMER: @AppleSupport whole point of having an iphone is convenience, but the ""solution"" you give is cumbersome. Why go backwards???
SUPPORT: @686594 Thank you for your opinions. The best way to have your voice heard about features and requests is to leave that on our feedback page: https://t.co/eTPVYVFyd8 We may not reach out to you in reference to your feedback, but we do read the messages we receive.
CUSTOMER: @115858 why wont my phone turn on
SUPPORT: @781989 Let's look into this for you. This page may be able to help: https://t.co/8MvHMFZ83h
CUSTOMER: @115858 The upgrade is messing up with FaceTime. I had to restart 4 times in one day because it freezes. Fix this please
SUPPORT: @138722 We want to help. What device is the issue occurring on?
CUSTOMER: @AppleSupport I sent you a message",@138722 We want to help. What device is the issue occurring on?,10,6,4,SUPPORT_RESPONSE_PRESENT
apple_1033021,.@AppleSupport Can I still make calls on the Apple Watch 3 when I am in WIFI without the LTE Version? #AskingForaFriend,"CUSTOMER: .@AppleSupport Can I still make calls on the Apple Watch 3 when I am in WIFI without the LTE Version? #AskingForaFriend
SUPPORT: @364413 We're happy to get you pointed in the right direction. Contact us here: https://t.co/8yjRd1Xo0i",@364413 We're happy to get you pointed in the right direction. Contact us here: https://t.co/8yjRd1Xo0i,2,1,1,SUPPORT_RESPONSE_PRESENT
apple_1033199,@AppleSupport why does my iPhone 7’s WiFi turn back on after I turn it off in iOS 11? I’ve heard it’s a “feature” but it’s unacceptable,"CUSTOMER: @AppleSupport why does my iPhone 7’s WiFi turn back on after I turn it off in iOS 11? I’ve heard it’s a “feature” but it’s unacceptable
SUPPORT: @118225 Hi. Disabling Wi-Fi in the Control Center does not turn off Wi-Fi in your Settings. Find out more here: https://t.co/G7BHuQnDS6
CUSTOMER: @AppleSupport Seriously, how was this seen as a good idea? Someone could copy a network name &amp; now my phone auto connects when I thought WiFi was off",@118225 Hi. Disabling Wi-Fi in the Control Center does not turn off Wi-Fi in your Settings. Find out more here: https://t.co/G7BHuQnDS6,3,2,1,SUPPORT_RESPONSE_PRESENT
apple_1033204,"@AppleSupport
recently got the iPad 2017. Read a lot of eBooks. However, since iOS 11 update, Foxit reader frequently crashes! Help fix it.","CUSTOMER: @AppleSupport
recently got the iPad 2017. Read a lot of eBooks. However, since iOS 11 update, Foxit reader frequently crashes! Help fix it.
SUPPORT: @364446 Thanks for reaching out. We want to ensure that the FoxIt Reader is up-to-date. Try these steps: https://t.co/fUZ0NRJxcn https://t.co/GDrqU22YpT
CUSTOMER: @AppleSupport I have tried all the mentioned steps. It still randomly crashes. Also unable to send feedback to foxit due to in-app bug.
CUSTOMER: @AppleSupport My iOS version is 11.0.3. All apps on my iPad is updated to the latest version.
SUPPORT: @364446 Let's go into DM so we can talk about it together. https://t.co/GDrqU22YpT",@364446 Let's go into DM so we can talk about it together. https://t.co/GDrqU22YpT,5,3,2,SUPPORT_RESPONSE_PRESENT
apple_1033206,@115858 any idea?? Is this the new #pissedmode https://t.co/BphzDaXsev,"CUSTOMER: @115858 any idea?? Is this the new #pissedmode https://t.co/BphzDaXsev
SUPPORT: @364447 We want to help. Which software version are you using? Does restarting resolve the issue?",@364447 We want to help. Which software version are you using? Does restarting resolve the issue?,2,1,1,SUPPORT_RESPONSE_PRESENT
apple_1033228,"I need the goddamn tea, @115858 &amp; @AppleSupport. Is the iPhone X the same size as the 8 Plus or not?!","CUSTOMER: I need the goddamn tea, @115858 &amp; @AppleSupport. Is the iPhone X the same size as the 8 Plus or not?!
SUPPORT: @364453 We want to make sure you get the most complete information. Send us a DM and we'll be happy to help. https://t.co/GDrqU22YpT",@364453 We want to make sure you get the most complete information. Send us a DM and we'll be happy to help. https://t.co/GDrqU22YpT,2,1,1,SUPPORT_RESPONSE_PRESENT
apple_1033250,Thank you @115858 for RUINING my phone with iOS11 @AppleSupport @4305 😡😡😡 #ios11,"CUSTOMER: Thank you @115858 for RUINING my phone with iOS11 @AppleSupport @4305 😡😡😡 #ios11
SUPPORT: @364460 We'd like to assist you with any issues that you're having. Click here to meet us in DM: https://t.co/GDrqU22YpT",@364460 We'd like to assist you with any issues that you're having. Click here to meet us in DM: https://t.co/GDrqU22YpT,2,1,1,SUPPORT_RESPONSE_PRESENT
apple_1033253,Since updating my iPhone 6 to iOS 11.0.3 @115858 I’ve had nothing but trouble. Very glitchy slow and annoying! And phone overheats! 😅Any updates coming?,"CUSTOMER: Since updating my iPhone 6 to iOS 11.0.3 @115858 I’ve had nothing but trouble. Very glitchy slow and annoying! And phone overheats! 😅Any updates coming?
SUPPORT: @364461 We can look into these issues with you. Can you please message us in DM? https://t.co/GDrqU22YpT
CUSTOMER: @AppleSupport Replied! Thank you for your quick response",@364461 We can look into these issues with you. Can you please message us in DM? https://t.co/GDrqU22YpT,3,2,1,SUPPORT_RESPONSE_PRESENT
apple_1033262,@AppleSupport what’s ap notification is not working.i have to open what’s ap for msg and calls.pls advise,"CUSTOMER: @AppleSupport what’s ap notification is not working.i have to open what’s ap for msg and calls.pls advise
SUPPORT: @364465 We'll be glad to help! Does this only occur with WhatsApp?
 If so, follow these steps: https://t.co/3WF5Z1DBGa
CUSTOMER: @AppleSupport Thanks.i noticed it is happening to another app as well.reinstalled and checked ,but result is the same
SUPPORT: @364465 Have you updated to iOS 11.0.3? Please send us a DM and let us know. https://t.co/GDrqU22YpT
CUSTOMER: @AppleSupport Yes updated the latest version.but still the same
SUPPORT: @364465 Tap Settings &gt; Do Not Disturb. Is this on? Send your response in a DM. https://t.co/GDrqU22YpT",@364465 Tap Settings &gt; Do Not Disturb. Is this on? Send your response in a DM. https://t.co/GDrqU22YpT,6,3,3,SUPPORT_RESPONSE_PRESENT
apple_1033267,Thanks for hanging up on my @AppleSupport call.,"CUSTOMER: Thanks for hanging up on my @AppleSupport call.
SUPPORT: @364466 That's not the experience we want you to have. DM us so that we can look into this with you further. https://t.co/GDrqU22YpT",@364466 That's not the experience we want you to have. DM us so that we can look into this with you further. https://t.co/GDrqU22YpT,2,1,1,SUPPORT_RESPONSE_PRESENT
apple_1033272,@AppleSupport other than quitting Safari. Have you got any good ideas about dealing with these? https://t.co/OhPblxCTmk,"CUSTOMER: @AppleSupport other than quitting Safari. Have you got any good ideas about dealing with these? https://t.co/OhPblxCTmk
SUPPORT: @364467 We'd recommend trying the steps here: https://t.co/LNMCdqt6fD
CUSTOMER: @AppleSupport Ok. So that’s a, ‘No’. I’ll just keep quitting Safari if I see them.
SUPPORT: @364467 Keeping your device up to date is also important. Stay current with our options here: https://t.co/qr0pQfKgYD
CUSTOMER: @AppleSupport For anyone else following along I’m on the latest. (Currently 11.0.3). Thankfully these pop-ups are quite rare.",@364467 Keeping your device up to date is also important. Stay current with our options here: https://t.co/qr0pQfKgYD,5,3,2,SUPPORT_RESPONSE_PRESENT
apple_1033564,In last few days it appears a little gremlin is deleting my “notes” on my iPhone. Has this happened to anyone else? How to salvage? @115858,"CUSTOMER: In last few days it appears a little gremlin is deleting my “notes” on my iPhone. Has this happened to anyone else? How to salvage? @115858
CUSTOMER: @115858 it’s not all the notes. Just certain ones w no seeming rhyme or reason 😣😫
CUSTOMER: @364527 @115858 They're saved in a special area of your phone's email, of all things. https://t.co/t9BtfqS30x https://t.co/wLWS3teTTH
CUSTOMER: @364528 @364527 @115858 You just made my whole year!!!! Thank you thank you thank you!!
CUSTOMER: @364529 @364527 @115858 https://t.co/xwSFGWeBQr
CUSTOMER: @364528 @364529 @115858 ok - im trying - but i honestly... still can't find them. but im gonna keep trying. i now have good leads to try.... THANK YOU for taking the time to help!
SUPPORT: @364527 We'd like to look into this with you. Check out the following resource: https://t.co/BPKsDh4yzH DM us details and we'll continue there. https://t.co/GDrqU22YpT",@364527 We'd like to look into this with you. Check out the following resource: https://t.co/BPKsDh4yzH DM us details and we'll continue there. https://t.co/GDrqU22YpT,7,6,1,SUPPORT_RESPONSE_PRESENT
apple_1033611,My does my new iPhone keep telling me to sign in to someone else’s Apple ID? 🤔🤔🤔 @AppleSupport @115858 https://t.co/BuzzrBFj5b,"CUSTOMER: My does my new iPhone keep telling me to sign in to someone else’s Apple ID? 🤔🤔🤔 @AppleSupport @115858 https://t.co/BuzzrBFj5b
SUPPORT: @364536 Let's take a look at this for you. Reach out to us in DM. https://t.co/GDrqU22YpT",@364536 Let's take a look at this for you. Reach out to us in DM. https://t.co/GDrqU22YpT,2,1,1,SUPPORT_RESPONSE_PRESENT
apple_1033613,@AppleSupport My iPhone 7 screen has accidentally cracked :( What should I do? Plz help.,"CUSTOMER: @AppleSupport My iPhone 7 screen has accidentally cracked :( What should I do? Plz help.
SUPPORT: @364537 We're happy to help. Reach us via DM to check your service options. https://t.co/GDrqU22YpT",@364537 We're happy to help. Reach us via DM to check your service options. https://t.co/GDrqU22YpT,2,1,1,SUPPORT_RESPONSE_PRESENT
apple_1033615,@115858 your update has ruined my phone. It’s now as slow as Motorola razer 👍🏼 thanks!,"CUSTOMER: @115858 your update has ruined my phone. It’s now as slow as Motorola razer 👍🏼 thanks!
SUPPORT: @364538 We want to help. In Settings &gt; General &gt; About, which iOS version is showing?","@364538 We want to help. In Settings &gt; General &gt; About, which iOS version is showing?",2,1,1,SUPPORT_RESPONSE_PRESENT
apple_1034183,"@116333 Hey, this new version of iTunes is missing stuff. Like an easy way to manage apps and ringtones. Restore the functionality please.","CUSTOMER: @116333 Hey, this new version of iTunes is missing stuff. Like an easy way to manage apps and ringtones. Restore the functionality please.
SUPPORT: @364660 We might be able to help! Take a look at this article for tips on how to manage apps and ringtones: https://t.co/pxseZbMQ8z
CUSTOMER: @AppleSupport Swing and a miss. While that feature is great in newer versions of iOS, I keep an iPod Touch 3 for old games.
CUSTOMER: @AppleSupport I ended up doing a Windows XP virtual machine with no internet access so I can load old stuff to it. Pretty annoying but that’s life.
CUSTOMER: @AppleSupport I just wish that the devs and @116333 understood that sometimes “latest and greatest” isn’t what’s always used or isn’t the greatest.",@364660 We might be able to help! Take a look at this article for tips on how to manage apps and ringtones: https://t.co/pxseZbMQ8z,5,4,1,SUPPORT_RESPONSE_PRESENT
apple_1034558,@115858 its sad enough my phone got stolen.. am here trying to lock it but your site keeps taking me to the home page... I NEED HELP!,"CUSTOMER: @115858 its sad enough my phone got stolen.. am here trying to lock it but your site keeps taking me to the home page... I NEED HELP!
SUPPORT: @364737 Let's see what we can do. What device are you using to access Find my iPhone?",@364737 Let's see what we can do. What device are you using to access Find my iPhone?,2,1,1,SUPPORT_RESPONSE_PRESENT
apple_1034571,Go to get work out my bag and my notebook feels really hot when I take it out. Turns out my @115858 Macbook Pro froze on the shutdown screen.,"CUSTOMER: Go to get work out my bag and my notebook feels really hot when I take it out. Turns out my @115858 Macbook Pro froze on the shutdown screen.
CUSTOMER: @115858 Fans were working at full power as well since it wouldn't enter a sleep state when shutting down.
SUPPORT: @364741 We’re here to help. Let’s team up in DM and we’ll do our best to assist you. https://t.co/GDrqU22YpT",@364741 We’re here to help. Let’s team up in DM and we’ll do our best to assist you. https://t.co/GDrqU22YpT,3,2,1,SUPPORT_RESPONSE_PRESENT
apple_1035257,Okay I'm confused @AppleSupport im broke and wanna buy #iPhone7 how can I do that please ?,"CUSTOMER: Okay I'm confused @AppleSupport im broke and wanna buy #iPhone7 how can I do that please ?
SUPPORT: @364884 You can check out our Upgrade program here: https://t.co/zJx41aKv7X or check w/your wireless carrier.",@364884 You can check out our Upgrade program here: https://t.co/zJx41aKv7X or check w/your wireless carrier.,2,1,1,SUPPORT_RESPONSE_PRESENT
apple_1035259,@115858 thanks for slowing down my phone with the new iOS 11 update. Now my iPhone 6 is slow and glitchy. Thanks apple you’re awesome!,"CUSTOMER: @115858 thanks for slowing down my phone with the new iOS 11 update. Now my iPhone 6 is slow and glitchy. Thanks apple you’re awesome!
SUPPORT: @364885 We're here to help. Please send us a DM if you would like us to troubleshoot what's going on. https://t.co/GDrqU22YpT",@364885 We're here to help. Please send us a DM if you would like us to troubleshoot what's going on. https://t.co/GDrqU22YpT,2,1,1,SUPPORT_RESPONSE_PRESENT
apple_1035261,bro I need a new phone cause mine is “randomly” fucking up. @AppleSupport always on that bullshit,"CUSTOMER: bro I need a new phone cause mine is “randomly” fucking up. @AppleSupport always on that bullshit
SUPPORT: @364886  Thanks for reaching out to us. Let us know more about the issues you are seeing on your iPhone.",@364886  Thanks for reaching out to us. Let us know more about the issues you are seeing on your iPhone.,2,1,1,SUPPORT_RESPONSE_PRESENT
apple_1035263,"@AppleSupport dear Apple, a notification on Settings app  asked for my passwords saying it was for Two Factor something? Is it real? Or scam","CUSTOMER: @AppleSupport dear Apple, a notification on Settings app  asked for my passwords saying it was for Two Factor something? Is it real? Or scam
SUPPORT: @364887 We're glad you asked! Two-factor authentication is an extra layer of security for your Apple ID: https://t.co/RONuUjClwW",@364887 We're glad you asked! Two-factor authentication is an extra layer of security for your Apple ID: https://t.co/RONuUjClwW,2,1,1,SUPPORT_RESPONSE_PRESENT
apple_1035568,"@AppleSupport Hello, I have 2 iCloud accounts but only one iCloud mailbox shows up in Apple Mail on Mac. Also, no mail shows up for iCloud.","CUSTOMER: @AppleSupport Hello, I have 2 iCloud accounts but only one iCloud mailbox shows up in Apple Mail on Mac. Also, no mail shows up for iCloud.
SUPPORT: @156798 We'd be happy to look into this with you.  Please reach out to us via DM and we'll get started. https://t.co/GDrqU22YpT",@156798 We'd be happy to look into this with you.  Please reach out to us via DM and we'll get started. https://t.co/GDrqU22YpT,2,1,1,SUPPORT_RESPONSE_PRESENT
apple_1035571,@AppleSupport can you please fix this bug in iOS11? https://t.co/yrpZNbGRQm,"CUSTOMER: @AppleSupport can you please fix this bug in iOS11? https://t.co/yrpZNbGRQm
SUPPORT: @364947 We'd like to help. Let us know what iOS version is currently installed: Settings &gt; General &gt; About.
CUSTOMER: @AppleSupport I was running 11.0.2. Just upgraded to 11.0.3. Let's see if it fixes the issue.
SUPPORT: @364947 Sounds like a plan. Keep us posted on how things are going. Reach out via DM if you need more help. https://t.co/GDrqU22YpT
CUSTOMER: @AppleSupport Hi, upgraded to 11.0.3 and still seeing this issue… https://t.co/4lyX0rWl6s
SUPPORT: @364947 Does a restart provide any resolution, even if only for a period of time? Let us know in DM and we’ll go from there. https://t.co/GDrqU22YpT","@364947 Does a restart provide any resolution, even if only for a period of time? Let us know in DM and we’ll go from there. https://t.co/GDrqU22YpT",6,3,3,SUPPORT_RESPONSE_PRESENT
apple_1035578,so explain why every time I’m on FaceTime and switch to another application my FaceTime call ends fix it @115858 @AppleSupport https://t.co/Y7edAFCm6T,"CUSTOMER: so explain why every time I’m on FaceTime and switch to another application my FaceTime call ends fix it @115858 @AppleSupport https://t.co/Y7edAFCm6T
SUPPORT: @364949 We're here to help. DM us which iOS version you're on. https://t.co/GDrqU22YpT",@364949 We're here to help. DM us which iOS version you're on. https://t.co/GDrqU22YpT,2,1,1,SUPPORT_RESPONSE_PRESENT
apple_1035580,"@AppleSupport I'm still having keychain issues after the recent update. Endless password requests, all passwords on all accounts have","CUSTOMER: @AppleSupport I'm still having keychain issues after the recent update. Endless password requests, all passwords on all accounts have
SUPPORT: @322951 Reach out to us via DM, then we can direct you on this from there. https://t.co/GDrqU22YpT","@322951 Reach out to us via DM, then we can direct you on this from there. https://t.co/GDrqU22YpT",2,1,1,SUPPORT_RESPONSE_PRESENT
apple_1035584,@115858 @AppleSupport where’s my siri yo https://t.co/RweOiqDQr2,"CUSTOMER: @115858 @AppleSupport where’s my siri yo https://t.co/RweOiqDQr2
SUPPORT: @364950 Let's figure this out together. Have you tried turning your phone off and back on again?
CUSTOMER: @AppleSupport Yeah. It’s been like this for a few months. It hasn’t bugged me much until now.
CUSTOMER: @AppleSupport @364950 SUCH LIARS!!!
CUSTOMER: @342402 @AppleSupport oh my god it’s a twitter account hop off their dick random bitch and go into the store if you’re that pressed
CUSTOMER: @364950 @AppleSupport You say that because your issue is getting a response. Go figure! FUCK YOU! Lol
CUSTOMER: @364950 @AppleSupport And you're a random bitch as well, bitch! 💁🏿
CUSTOMER: @364950 @AppleSupport Oh well. Get over it. ""go in to the store, if you're that pressed""
CUSTOMER: @364950 @AppleSupport And this page is for support! I'm sure if your issue was ignored, you'd be just as pissed. So eat a dick.
SUPPORT: @364950 Can you tell us which iOS version you are currently using?",@364950 Can you tell us which iOS version you are currently using?,10,8,2,SUPPORT_RESPONSE_PRESENT
apple_1035992,@AppleSupport Case reopen phone call - est. 2 min wait. but get: We’re unable to schedule your call.,"CUSTOMER: @AppleSupport Case reopen phone call - est. 2 min wait. but get: We’re unable to schedule your call.
SUPPORT: @365050 We'd like to look into the trouble that you're having with scheduling your call. Please send us a DM. https://t.co/GDrqU22YpT",@365050 We'd like to look into the trouble that you're having with scheduling your call. Please send us a DM. https://t.co/GDrqU22YpT,2,1,1,SUPPORT_RESPONSE_PRESENT
apple_1035994,@AppleSupport people can’t seem to hear me talk on my iPhone 7?,"CUSTOMER: @AppleSupport people can’t seem to hear me talk on my iPhone 7?
SUPPORT: @365051 Thanks for reaching out. We're here to help. DM us so we can look into this further with you. https://t.co/GDrqU22YpT",@365051 Thanks for reaching out. We're here to help. DM us so we can look into this further with you. https://t.co/GDrqU22YpT,2,1,1,SUPPORT_RESPONSE_PRESENT
apple_1036004,#ios11 is the worst @115858 OS update since when Snow Leopard started deleting system users,"CUSTOMER: #ios11 is the worst @115858 OS update since when Snow Leopard started deleting system users
CUSTOMER: @115858 If you’ve got an iPad Pro and like using multiple apps and an Apple Pencil, don’t even touch the fucker with a barge pole
CUSTOMER: @173312 @115858 It's draining my wife's battery like a crazy bastard: she chewed through 40% of battery life in a few hours
CUSTOMER: @365052 @115858 I can't believe they released this build into the wild. They're actually advising me to turn off Bluetooth. Wow
CUSTOMER: @173312 @115858 I fee like when they release an iOS update along with a fancy new line of phone it always causes hell to the older ones
CUSTOMER: @365052 @115858 I'm not infecting my iPhone until the next update's been out a while
CUSTOMER: @365052 @115858 For the past half hour it’s been plugged in to a charger and playing a YouTube video. Battery’s got 7% less charge in it now. This is a joke
SUPPORT: @173312 We'd be happy to look into what's going on. Which iPhone and iOS version are you using?
CUSTOMER: @AppleSupport Oh, my iPhone’s fine, I’ve kept that at 10.something - it’s my 11.0.3 iPad Pro that’s losing charge whilst plugged in and playing video.
SUPPORT: @173312 We certainly want to help you charge your iPad! This article has steps that can help you out: https://t.co/uqxquyfdn0",@173312 We certainly want to help you charge your iPad! This article has steps that can help you out: https://t.co/uqxquyfdn0,10,8,2,SUPPORT_RESPONSE_PRESENT
apple_1036006,My phone never been the same since the updates @AppleSupport ...my touch pad is not alligned,"CUSTOMER: My phone never been the same since the updates @AppleSupport ...my touch pad is not alligned
SUPPORT: @365053 We want to do our best to make sure your phone is working at its best. Please explain further about your touch pad.",@365053 We want to do our best to make sure your phone is working at its best. Please explain further about your touch pad.,2,1,1,SUPPORT_RESPONSE_PRESENT
apple_1036018,Hey @AppleSupport is there a way I can tell what the battery health is like on my 6s plus at all?,"CUSTOMER: Hey @AppleSupport is there a way I can tell what the battery health is like on my 6s plus at all?
SUPPORT: @365057 Let's take a look together. To start, are you experiencing any issue with your battery currently? If so, what's going on?
CUSTOMER: @AppleSupport I’m finding I need to recharge fairly often at 3pm as the charge has dropped to 20%. I just wonder whether the battery has worn out? https://t.co/dVFne7fVJK
SUPPORT: @365057 Thanks for that info. Can you tell us what version of iOS is currently installed on your iPhone as well? DM us here: https://t.co/GDrqU22YpT",@365057 Thanks for that info. Can you tell us what version of iOS is currently installed on your iPhone as well? DM us here: https://t.co/GDrqU22YpT,4,2,2,SUPPORT_RESPONSE_PRESENT
apple_1036545,@AppleSupport when will you give us group facetime? 😤,"CUSTOMER: @AppleSupport when will you give us group facetime? 😤
SUPPORT: @365202 We'd love to hear your feedback and ask that you submit it for review. Here's how:  https://t.co/eTPVYVFyd8
CUSTOMER: @AppleSupport @365202 DM sent. No reply!! Apple sucks!",@365202 We'd love to hear your feedback and ask that you submit it for review. Here's how:  https://t.co/eTPVYVFyd8,3,2,1,SUPPORT_RESPONSE_PRESENT
apple_1036548,"@AppleSupport Why do all folders on iCloud Drive appear in iOS, but only some appear on macOS?
(Chunky Comic Reader, and Sketchbook) https://t.co/UoxseuzkDd","CUSTOMER: @AppleSupport Why do all folders on iCloud Drive appear in iOS, but only some appear on macOS?
(Chunky Comic Reader, and Sketchbook) https://t.co/UoxseuzkDd
SUPPORT: @365203 Ensuring your files are showing correctly on all devices, is important to us. Let us know if this helps: https://t.co/B0d990rD28
CUSTOMER: @AppleSupport @365203 @116333 runs a company full of LIARS!!! #AppleSucks","@365203 Ensuring your files are showing correctly on all devices, is important to us. Let us know if this helps: https://t.co/B0d990rD28",3,2,1,SUPPORT_RESPONSE_PRESENT
apple_1036551,"@AppleSupport since newest update, I cannot update my apps or download new ones. What gives? This is a disaster.","CUSTOMER: @AppleSupport since newest update, I cannot update my apps or download new ones. What gives? This is a disaster.
SUPPORT: @365204 We're happy to help. To start, can you tell us which device model and exact iOS version you're using?
CUSTOMER: @AppleSupport iPhone 6s and iOS version 11.0.3.
SUPPORT: @365204 Are you able to update or download apps when connected to cellular data or different Wi-Fi networks? Let us know in DM. https://t.co/GDrqU22YpT",@365204 Are you able to update or download apps when connected to cellular data or different Wi-Fi networks? Let us know in DM. https://t.co/GDrqU22YpT,4,2,2,SUPPORT_RESPONSE_PRESENT
apple_1036555,"@AppleSupport are you in bed with Instagram? I delete the app, restart my phone, and the app magically reappears after restart? Ideas???","CUSTOMER: @AppleSupport are you in bed with Instagram? I delete the app, restart my phone, and the app magically reappears after restart? Ideas???
SUPPORT: @365205 That is not expected. We would like to help. To get started send us a DM. https://t.co/GDrqU22YpT
CUSTOMER: @AppleSupport @365205 @116333 runs a company full of LIARS!!! #AppleSucks",@365205 That is not expected. We would like to help. To get started send us a DM. https://t.co/GDrqU22YpT,3,2,1,SUPPORT_RESPONSE_PRESENT
apple_1036558,@118721 &amp;. @AppleSupport please find a way to update Apple TV security without locking me out.  I’ve put the code password in 15x &amp; Not in.,"CUSTOMER: @118721 &amp;. @AppleSupport please find a way to update Apple TV security without locking me out.  I’ve put the code password in 15x &amp; Not in.
SUPPORT: @365206 We want you to be able to use and enjoy your Apple TV. Please contact our Apple TV team for help through: https://t.co/IBIY3vMgPj
CUSTOMER: @AppleSupport @365206 @116333 runs a company full of LIARS!!! #AppleSucks",@365206 We want you to be able to use and enjoy your Apple TV. Please contact our Apple TV team for help through: https://t.co/IBIY3vMgPj,3,2,1,SUPPORT_RESPONSE_PRESENT
apple_1036560,"Issues all weekend with crappy #iphoneupdate. Freezes so much it could be used in a drink, which I need after @115858  destroyed my phone.","CUSTOMER: Issues all weekend with crappy #iphoneupdate. Freezes so much it could be used in a drink, which I need after @115858  destroyed my phone.
SUPPORT: @365207 Let's look into this with you. Send us a DM. https://t.co/GDrqU22YpT
CUSTOMER: @365207 @115858 My ipad sometimes acts weird too. Did @AppleSupport help at all?
SUPPORT: @370633 Hey, if you're experiencing an issue with your iPad, we can help. What's going on, specifically?","@370633 Hey, if you're experiencing an issue with your iPad, we can help. What's going on, specifically?",4,2,2,SUPPORT_RESPONSE_PRESENT
apple_1037059,@115858 having an issue where my iPhone 8 Plus will not auto lock. It’s updated and have preformed all troubleshooting. Security risk! Help!,"CUSTOMER: @115858 having an issue where my iPhone 8 Plus will not auto lock. It’s updated and have preformed all troubleshooting. Security risk! Help!
SUPPORT: @365330 We would like to help with this. Go ahead and DM us more details about this and we can get started together. https://t.co/GDrqU22YpT
CUSTOMER: @AppleSupport @365330 @116333 runs a company full of LIARS!!! #AppleSucks
CUSTOMER: @342402 @AppleSupport @116333 So what phone do you use?",@365330 We would like to help with this. Go ahead and DM us more details about this and we can get started together. https://t.co/GDrqU22YpT,4,3,1,SUPPORT_RESPONSE_PRESENT
apple_1037065,@AppleSupport why is my podcast app taking up over 80 mb when i dont have any unplayed podcasts? plese help i need storage,"CUSTOMER: @AppleSupport why is my podcast app taking up over 80 mb when i dont have any unplayed podcasts? plese help i need storage
SUPPORT: @365331 We can look into storage issues with you. Which country are you located in? Please reply in DM. https://t.co/GDrqU22YpT
CUSTOMER: @AppleSupport @365331 LIARS!!!
CUSTOMER: @AppleSupport @365331 @116333 runs a company full of LIARS!!! #AppleSucks
CUSTOMER: @AppleSupport @365331 @116333 runs a company full of LIARS!!! #AppleSucks",@365331 We can look into storage issues with you. Which country are you located in? Please reply in DM. https://t.co/GDrqU22YpT,5,4,1,SUPPORT_RESPONSE_PRESENT
apple_1037074,"So, with Safari 11 you can no longer use web inspector with USB-attached iOS devices.

Why, @AppleSupport?","CUSTOMER: So, with Safari 11 you can no longer use web inspector with USB-attached iOS devices.

Why, @AppleSupport?
SUPPORT: @365332 Thanks for reaching out to us. Let's have you reach out to our developer support team here: https://t.co/hEaoE4MHuT
CUSTOMER: @AppleSupport Uh, given that I'm just one web developer, and you're a multibillion dollar corporation, couldn't you just give me an answer?
SUPPORT: @365332 We'd love to help further, but our developer support team is the best point of contact since they specialize in this.
CUSTOMER: @AppleSupport Give them a call. They'd love to hear from their customers.

Then get back to me.

Hey, what time is it in Cupertino?
CUSTOMER: @365332 @AppleSupport Did you end up getting help on this issue?
CUSTOMER: @365333 @AppleSupport Nope. But the feature magically reappeared in dev tools ...
CUSTOMER: @365332 @AppleSupport Heh, I don’t like hearing it was magic but glad it’s working again. If you do encounter Web Inspector issues or have feedback let me know.
CUSTOMER: @365333 @AppleSupport You work for Apple?","@365332 We'd love to help further, but our developer support team is the best point of contact since they specialize in this.",9,7,2,SUPPORT_RESPONSE_PRESENT
apple_1037077,@AppleSupport why the fuck my phone keep freezing?!!!,"CUSTOMER: @AppleSupport why the fuck my phone keep freezing?!!!
SUPPORT: @365334 We want to help you. Shoot us a DM and let's begin. https://t.co/GDrqU22YpT
CUSTOMER: @AppleSupport @365334 DM sent. No reply!! Apple sucks!",@365334 We want to help you. Shoot us a DM and let's begin. https://t.co/GDrqU22YpT,3,2,1,SUPPORT_RESPONSE_PRESENT
apple_1037081,control center flow for wifi/bt is abysmal @AppleSupport. unsure if force touch enables full on/off toggling but terrible UX on iPh6 + lower,"CUSTOMER: control center flow for wifi/bt is abysmal @AppleSupport. unsure if force touch enables full on/off toggling but terrible UX on iPh6 + lower
SUPPORT: @365335 We'd love to help with your Bluetooth! Check out this article on how to turn Bluetooth off: https://t.co/G7BHuQnDS6
CUSTOMER: @AppleSupport @365335 DM sent. No reply!! Apple sucks!
CUSTOMER: @AppleSupport “If you want to completely disable Wi-Fi and Bluetooth for all networks...” give me a break. this is intentionally poor and unsecure design.",@365335 We'd love to help with your Bluetooth! Check out this article on how to turn Bluetooth off: https://t.co/G7BHuQnDS6,4,3,1,SUPPORT_RESPONSE_PRESENT
apple_1037084,@115858 Am I the only one upset about the removal of the auto brightness toggle? It’s inconvenient as hell.,"CUSTOMER: @115858 Am I the only one upset about the removal of the auto brightness toggle? It’s inconvenient as hell.
SUPPORT: @365336 We are here to help! Check out this article with the steps to turn off Auto Brightness in iOS 11: https://t.co/bkqEVCrK2l
CUSTOMER: @AppleSupport @365336 DM sent. No reply!! Apple sucks!",@365336 We are here to help! Check out this article with the steps to turn off Auto Brightness in iOS 11: https://t.co/bkqEVCrK2l,3,2,1,SUPPORT_RESPONSE_PRESENT
apple_1037087,I have had the @115858 #iPhone 7 plus for 6 months.I dont recommend it. It freezes up and crashes over and over Apps freeze every few minutes,"CUSTOMER: I have had the @115858 #iPhone 7 plus for 6 months.I dont recommend it. It freezes up and crashes over and over Apps freeze every few minutes
SUPPORT: @130265 Let's take a look at this together. When did you first notice the issue? DM us the details. https://t.co/GDrqU22YpT
CUSTOMER: @AppleSupport @130265 hey same problem too. do not ignore my tweets!
SUPPORT: @365337 We're happy to help you with your device today, which version of iOS are you currently running?
CUSTOMER: @AppleSupport 10.3.3
SUPPORT: @365337 Send us a DM with the country that you are located in to continue. https://t.co/GDrqU22YpT",@365337 Send us a DM with the country that you are located in to continue. https://t.co/GDrqU22YpT,6,3,3,SUPPORT_RESPONSE_PRESENT
apple_1037441,@115858 @116333 How long does installing High Sierra take?  I need percentages vs this over 12+ hours.  It feels like Frogger:( Restart? https://t.co/jhQXFOVUyt,"CUSTOMER: @115858 @116333 How long does installing High Sierra take?  I need percentages vs this over 12+ hours.  It feels like Frogger:( Restart? https://t.co/jhQXFOVUyt
SUPPORT: @365417 We'd like to look into this. Send us a DM to continue. https://t.co/GDrqU22YpT",@365417 We'd like to look into this. Send us a DM to continue. https://t.co/GDrqU22YpT,2,1,1,SUPPORT_RESPONSE_PRESENT
apple_1037449,@AppleSupport @115858 Since the new iOS update my phone keeps freezing - do you know why?,"CUSTOMER: @AppleSupport @115858 Since the new iOS update my phone keeps freezing - do you know why?
SUPPORT: @365418 Let's get that taken care of together. Is this behavior happening with all apps, or is it isolated to certain specific apps?
CUSTOMER: @AppleSupport It seems to be most apps, and just in general using the phone it freezes all the time
SUPPORT: @365418 Got it. Does a restart help? What's the software version number you're running in Settings &gt; General &gt; About &gt; Version?
CUSTOMER: @AppleSupport I have to keep restarting it when it freezes. It happens again though. I’m currently on 11.0
SUPPORT: @365418 Let's get you updated to the most current version, 11.0.3. Be sure to create a backup before updating. Let us know if that helps.
CUSTOMER: @AppleSupport Ok, I’ll try that when I am connected to WiFi . Thanks
SUPPORT: @365418 You're welcome. Sounds like a plan.",@365418 You're welcome. Sounds like a plan.,8,4,4,SUPPORT_RESPONSE_PRESENT
apple_1037471,@AppleSupport Oh hey um....where is the video option? 😅 https://t.co/tObiKu1OQd,"CUSTOMER: @AppleSupport Oh hey um....where is the video option? 😅 https://t.co/tObiKu1OQd
SUPPORT: @365425 Let's restart the device. Does the issue remain?",@365425 Let's restart the device. Does the issue remain?,2,1,1,SUPPORT_RESPONSE_PRESENT
apple_1037473,Hey @AppleSupport can you please explain why 4 months into buying a brand new expensive phone off you its gone completely unresponsive?,"CUSTOMER: Hey @AppleSupport can you please explain why 4 months into buying a brand new expensive phone off you its gone completely unresponsive?
SUPPORT: @365426 We can work together to see what's going on. DM us the exact iOS version and we'll take a closer look. https://t.co/GDrqU22YpT",@365426 We can work together to see what's going on. DM us the exact iOS version and we'll take a closer look. https://t.co/GDrqU22YpT,2,1,1,SUPPORT_RESPONSE_PRESENT
apple_1037476,@AppleSupport I have a lot of problems with my new iPhone7 Plus and iOS11. My iPhones never sucked so much. My alarm does not work! Update!!,"CUSTOMER: @AppleSupport I have a lot of problems with my new iPhone7 Plus and iOS11. My iPhones never sucked so much. My alarm does not work! Update!!
SUPPORT: @365427 Let's get to the bottom of this. Do you have this issue with all alarms or a certain alarm you've previously set?
CUSTOMER: @AppleSupport With all alarms since I get the new iOS update all my iPhones 7 Plus has had lots of stability problems. Sometimes they work sometimes not!
SUPPORT: @365427 Let's work together to figure this out. Could you meet us in DM? https://t.co/GDrqU22YpT",@365427 Let's work together to figure this out. Could you meet us in DM? https://t.co/GDrqU22YpT,4,2,2,SUPPORT_RESPONSE_PRESENT
apple_1037479,Swear to god if my phone freezes one more time I’m switching to android. This update is shit @115858,"CUSTOMER: Swear to god if my phone freezes one more time I’m switching to android. This update is shit @115858
SUPPORT: @365428 We can help with your device. Which iPhone do you own? What's your iOS version in Settings &gt; General &gt; About?",@365428 We can help with your device. Which iPhone do you own? What's your iOS version in Settings &gt; General &gt; About?,2,1,1,SUPPORT_RESPONSE_PRESENT
apple_1037484,"This new update got my fucked up, ever since the update my phone been messing, and battery drains quick!!! GET IT TOGETHER @115858 😡","CUSTOMER: This new update got my fucked up, ever since the update my phone been messing, and battery drains quick!!! GET IT TOGETHER @115858 😡
SUPPORT: @365429 We want to work on these issues with you. In DM, please let us know the exact iOS version you're using. https://t.co/GDrqU22YpT","@365429 We want to work on these issues with you. In DM, please let us know the exact iOS version you're using. https://t.co/GDrqU22YpT",2,1,1,SUPPORT_RESPONSE_PRESENT
apple_1037486,There is a bug in Final Cut Pro X 10.3.4 with macOS High Sierra - crashes with an external display! @AppleSupport https://t.co/pxmfBHsODm,"CUSTOMER: There is a bug in Final Cut Pro X 10.3.4 with macOS High Sierra - crashes with an external display! @AppleSupport https://t.co/pxmfBHsODm
SUPPORT: @365430 You can get help with Final Cut Pro here:  https://t.co/IBIY3vMgPj
CUSTOMER: @365430 @AppleSupport Won't even open for me. Hoping support can help. Did you get sorted?
CUSTOMER: @368349 @AppleSupport Disconnect the external monitor. Worked for me on my MacBook Pro. But not helpful for desktops…
CUSTOMER: @365430 @AppleSupport There is no external monitor. It's running on a MacBook Pro. I have a horrible feeling the update that went auto won't run on maverick
SUPPORT: @368349 We’d like to get you in touch with an expert from our Apps &amp; Software team. Use this link: https://t.co/IBIY3vMgPj
CUSTOMER: @AppleSupport Sadly they couldn't really help either. It's now with a Genius Bar to be erased and rebuilt ☹️first time ever an update has done this to me",@368349 We’d like to get you in touch with an expert from our Apps &amp; Software team. Use this link: https://t.co/IBIY3vMgPj,7,5,2,SUPPORT_RESPONSE_PRESENT
apple_1037490,@AppleSupport can I have 2 iPhones different numbers same but same iTunes acct on it🤔,"CUSTOMER: @AppleSupport can I have 2 iPhones different numbers same but same iTunes acct on it🤔
SUPPORT: @365431 Sure! You can use your Apple ID with multiple devices.",@365431 Sure! You can use your Apple ID with multiple devices.,2,1,1,SUPPORT_RESPONSE_PRESENT
apple_1037492,Hey @115858 great iPhone update my 6 plus has essentially become a paperweight that runs me about $30 a month in lease payments. #fail,"CUSTOMER: Hey @115858 great iPhone update my 6 plus has essentially become a paperweight that runs me about $30 a month in lease payments. #fail
SUPPORT: @365432 DM us what issues you're having with your iPhone. We'd be more than happy to help! https://t.co/GDrqU22YpT",@365432 DM us what issues you're having with your iPhone. We'd be more than happy to help! https://t.co/GDrqU22YpT,2,1,1,SUPPORT_RESPONSE_PRESENT
apple_1037652,Hey @AppleSupport thanks for bricking my #AppleTV third generation with the latest update.,"CUSTOMER: Hey @AppleSupport thanks for bricking my #AppleTV third generation with the latest update.
SUPPORT: @365469 We'd like to help get you in touch with the right group to get your Apple TV working right: https://t.co/IBIY3vMgPj",@365469 We'd like to help get you in touch with the right group to get your Apple TV working right: https://t.co/IBIY3vMgPj,2,1,1,SUPPORT_RESPONSE_PRESENT
apple_1037654,@AppleSupport is the iphone upgrade program only available in the US? 😒😔,"CUSTOMER: @AppleSupport is the iphone upgrade program only available in the US? 😒😔
SUPPORT: @365470 That is correct. It is only available in the United States.",@365470 That is correct. It is only available in the United States.,2,1,1,SUPPORT_RESPONSE_PRESENT
apple_1037659,"@AppleSupport my camera roll folder shows zero pics all of a sudden, how do I retrieve them back ?? Kindly reply asap","CUSTOMER: @AppleSupport my camera roll folder shows zero pics all of a sudden, how do I retrieve them back ?? Kindly reply asap
SUPPORT: @365471 We know how important your photos can be to you. We're here to help. Which iOS version is your device currently running?
CUSTOMER: @AppleSupport 11.3
CUSTOMER: @AppleSupport 11.3 ios
CUSTOMER: @AppleSupport 11.0.3
CUSTOMER: @AppleSupport Been facing wierd problems with camera roll, since ios 11.... deletion restoration, blurry screen shots n etc etc
SUPPORT: @365471 How long ago did you update your device to iOS 11.0.3?
CUSTOMER: @AppleSupport As soon as it was launched
SUPPORT: @365471 Thanks for letting us know. Let's continue this conversation in a DM. https://t.co/GDrqU22YpT",@365471 Thanks for letting us know. Let's continue this conversation in a DM. https://t.co/GDrqU22YpT,9,6,3,SUPPORT_RESPONSE_PRESENT
apple_1037665,@AppleSupport I have had so many issues with my IPhone 6s Plus since I updated my phone to iOS 11.0.3. I need assistance.,"CUSTOMER: @AppleSupport I have had so many issues with my IPhone 6s Plus since I updated my phone to iOS 11.0.3. I need assistance.
SUPPORT: @365472 We'd be happy to assist with issues with iOS 11. Can you please message us in DM? https://t.co/GDrqU22YpT",@365472 We'd be happy to assist with issues with iOS 11. Can you please message us in DM? https://t.co/GDrqU22YpT,2,1,1,SUPPORT_RESPONSE_PRESENT
apple_1037669,@AppleSupport y’all really need to fix the iOS 11.0.3 update my poor battery 😭😭,"CUSTOMER: @AppleSupport y’all really need to fix the iOS 11.0.3 update my poor battery 😭😭
SUPPORT: @365473 Let's work on a solution together. To start, please DM us with the country where you're located. https://t.co/GDrqU22YpT","@365473 Let's work on a solution together. To start, please DM us with the country where you're located. https://t.co/GDrqU22YpT",2,1,1,SUPPORT_RESPONSE_PRESENT
apple_1037673,@AppleSupport every time I want to download a new app I have to restart my phone. Tried on cellular and WiFi. Please help,"CUSTOMER: @AppleSupport every time I want to download a new app I have to restart my phone. Tried on cellular and WiFi. Please help
SUPPORT: @365474 It's important to have easy access to apps from the App Store. Let us know what happens when you try, we're here for you!
CUSTOMER: @AppleSupport Tried to download a free app and it’s requiring me to enter credit card info?
SUPPORT: @365474 If you're using the App Store for the first time with an existing Apple ID, you must provide payment: https://t.co/rnB74M0zio","@365474 If you're using the App Store for the first time with an existing Apple ID, you must provide payment: https://t.co/rnB74M0zio",4,2,2,SUPPORT_RESPONSE_PRESENT
apple_1037677,Hey @115858... GET YOUR SHIT TOGETHER WITH THIS IOS11 UPDATE. ITS SHIT,"CUSTOMER: Hey @115858... GET YOUR SHIT TOGETHER WITH THIS IOS11 UPDATE. ITS SHIT
CUSTOMER: @365476 @115858 It’s fucking awful. I’ve never had more buggy fucking issues with a phone since this update
SUPPORT: @365475 We'd be happy to help. Send us a DM with a few details. https://t.co/GDrqU22YpT",@365475 We'd be happy to help. Send us a DM with a few details. https://t.co/GDrqU22YpT,3,2,1,SUPPORT_RESPONSE_PRESENT
apple_1037679,Fix this shit @115858 @AppleSupport I’m playing music and can’t even tell what’s playing https://t.co/KCM8GjnKw1,"CUSTOMER: Fix this shit @115858 @AppleSupport I’m playing music and can’t even tell what’s playing https://t.co/KCM8GjnKw1
SUPPORT: @365477 Let's look into this Music issue for you. Send us a DM with your current iOS version to get started. https://t.co/GDrqU22YpT",@365477 Let's look into this Music issue for you. Send us a DM with your current iOS version to get started. https://t.co/GDrqU22YpT,2,1,1,SUPPORT_RESPONSE_PRESENT
apple_1038159,Our group chat keeps getting in random group chats with random people...😵 @AppleSupport,"CUSTOMER: Our group chat keeps getting in random group chats with random people...😵 @AppleSupport
SUPPORT: @365595 We're here to help! Please send us a DM, and we'll investigate this together. https://t.co/GDrqU22YpT","@365595 We're here to help! Please send us a DM, and we'll investigate this together. https://t.co/GDrqU22YpT",2,1,1,SUPPORT_RESPONSE_PRESENT
apple_1038161,@AppleSupport why does my phone keep freezing and resetting? Why can’t I talk or hear people when I get a phone call? Why does apple suck?,"CUSTOMER: @AppleSupport why does my phone keep freezing and resetting? Why can’t I talk or hear people when I get a phone call? Why does apple suck?
SUPPORT: @365596 We'd be happy to help. Send us a DM with a few more details and we can start there. https://t.co/GDrqU22YpT",@365596 We'd be happy to help. Send us a DM with a few more details and we can start there. https://t.co/GDrqU22YpT,2,1,1,SUPPORT_RESPONSE_PRESENT
apple_1038164,Is anyone else having issues with the new apple update? @AppleSupport #batterydying #havetostaypluggedup,"CUSTOMER: Is anyone else having issues with the new apple update? @AppleSupport #batterydying #havetostaypluggedup
SUPPORT: @365598 We'd like to help with that. Which iOS device model are you using? DM us back, we'll continue there. https://t.co/GDrqU22YpT","@365598 We'd like to help with that. Which iOS device model are you using? DM us back, we'll continue there. https://t.co/GDrqU22YpT",2,1,1,SUPPORT_RESPONSE_PRESENT
apple_1038167,The iPhone 11.0.3 update is wonderful @115858. I never wanted to pull up my phone's keyboard anyway. 10/10,"CUSTOMER: The iPhone 11.0.3 update is wonderful @115858. I never wanted to pull up my phone's keyboard anyway. 10/10
SUPPORT: @365599 We want to help. Would you tell us more about what's happening with the keyboard?",@365599 We want to help. Would you tell us more about what's happening with the keyboard?,2,1,1,SUPPORT_RESPONSE_PRESENT
apple_1038169,I’ve never come close 2 considering switching from @115858 iPhone but this new update has me looking @ other phones for sure! This is garbage,"CUSTOMER: I’ve never come close 2 considering switching from @115858 iPhone but this new update has me looking @ other phones for sure! This is garbage
SUPPORT: @365600 We'd love to help with any issues you're experiencing. Please DM us and let us know all about it. https://t.co/GDrqU22YpT",@365600 We'd love to help with any issues you're experiencing. Please DM us and let us know all about it. https://t.co/GDrqU22YpT,2,1,1,SUPPORT_RESPONSE_PRESENT
apple_1038172,@AppleSupport I have a question,"CUSTOMER: @AppleSupport I have a question
SUPPORT: @365601 Thanks for reaching out. We're here to help. DM us so we can look into this further with you. https://t.co/GDrqU22YpT
CUSTOMER: @AppleSupport if I can buy a 32 gb SD card for under 5 bucks at any electronics store, why does it cost $100 more to get a phone with 32 gb more storage",@365601 Thanks for reaching out. We're here to help. DM us so we can look into this further with you. https://t.co/GDrqU22YpT,3,2,1,SUPPORT_RESPONSE_PRESENT
apple_1038174,REALLY LOVIN MY PHONE FREEZING UP EVERY 3 SECONDS COOL UPDATE(S) GUYS! @115858,"CUSTOMER: REALLY LOVIN MY PHONE FREEZING UP EVERY 3 SECONDS COOL UPDATE(S) GUYS! @115858
SUPPORT: @365602 We'd like to help you with this. Join us in DM and we'll take a look. https://t.co/GDrqU22YpT",@365602 We'd like to help you with this. Join us in DM and we'll take a look. https://t.co/GDrqU22YpT,2,1,1,SUPPORT_RESPONSE_PRESENT
apple_1038507,Ever since I updated my phone it’s been glitching hella. So annoying 🙃🙄 @115858,"CUSTOMER: Ever since I updated my phone it’s been glitching hella. So annoying 🙃🙄 @115858
SUPPORT: @365696 We'd like to see what we can do to assist. DM us and we'll continue from there. https://t.co/GDrqU22YpT
CUSTOMER: @AppleSupport Okay",@365696 We'd like to see what we can do to assist. DM us and we'll continue from there. https://t.co/GDrqU22YpT,3,2,1,SUPPORT_RESPONSE_PRESENT
apple_1038509,"@115858 @AppleSupport please fix the 11.3 iPhone update, or release the 10.3.3 so that I can go back. I feel like I'm using AOL dial up #fail","CUSTOMER: @115858 @AppleSupport please fix the 11.3 iPhone update, or release the 10.3.3 so that I can go back. I feel like I'm using AOL dial up #fail
SUPPORT: @365697 We'd be happy to help. Send us a DM with a few more details and we can start there. https://t.co/GDrqU22YpT",@365697 We'd be happy to help. Send us a DM with a few more details and we can start there. https://t.co/GDrqU22YpT,2,1,1,SUPPORT_RESPONSE_PRESENT
apple_1038511,ios11 has made my phone freeze up a lotwhat the fuck @AppleSupport,"CUSTOMER: ios11 has made my phone freeze up a lotwhat the fuck @AppleSupport
SUPPORT: @365698 We'd be happy to help. Please tell us which iPhone model you have via DM and we'll go from there. https://t.co/GDrqU22YpT",@365698 We'd be happy to help. Please tell us which iPhone model you have via DM and we'll go from there. https://t.co/GDrqU22YpT,2,1,1,SUPPORT_RESPONSE_PRESENT
apple_1038513,@AppleSupport my iPhone 6 is slow and it is damaging my productivity and I can’t even google suggestns background refresh off. iOS updated,"CUSTOMER: @AppleSupport my iPhone 6 is slow and it is damaging my productivity and I can’t even google suggestns background refresh off. iOS updated
SUPPORT: @365699 Let's see what we can do to assist. Are you experiencing this with multiple Apps? Let us know in DM. https://t.co/GDrqU22YpT",@365699 Let's see what we can do to assist. Are you experiencing this with multiple Apps? Let us know in DM. https://t.co/GDrqU22YpT,2,1,1,SUPPORT_RESPONSE_PRESENT
apple_1038515,@115858 thank you for deleting all my playlists in your update.,"CUSTOMER: @115858 thank you for deleting all my playlists in your update.
SUPPORT: @365700 We'd like to assist as best we can. DM us and we'll see what we can to help. https://t.co/GDrqU22YpT",@365700 We'd like to assist as best we can. DM us and we'll see what we can to help. https://t.co/GDrqU22YpT,2,1,1,SUPPORT_RESPONSE_PRESENT
apple_1038517,@AppleSupport the battery drain since the 11.0.03 update on my iPhone 7 is RIDICULOUS!!  Fixing that one problem should be your PRIORITY #1,"CUSTOMER: @AppleSupport the battery drain since the 11.0.03 update on my iPhone 7 is RIDICULOUS!!  Fixing that one problem should be your PRIORITY #1
SUPPORT: @365701 Thanks for reaching out. We're here to help. DM us so we can look into this further with you. https://t.co/GDrqU22YpT",@365701 Thanks for reaching out. We're here to help. DM us so we can look into this further with you. https://t.co/GDrqU22YpT,2,1,1,SUPPORT_RESPONSE_PRESENT
apple_1038519,@797 @115858  tu nueva actualización iOS 11.0.3 tiene o crea muchas fallas en menos de 24hrs dos veces se bloquea el celular 👎🏼 sucks.. https://t.co/higLwPIV0D,"CUSTOMER: @797 @115858  tu nueva actualización iOS 11.0.3 tiene o crea muchas fallas en menos de 24hrs dos veces se bloquea el celular 👎🏼 sucks.. https://t.co/higLwPIV0D
SUPPORT: @365702 We offer support via Twitter in English. Get help in Spanish here: https://t.co/IBIY3vMgPj or join https://t.co/OczyRx7IOs",@365702 We offer support via Twitter in English. Get help in Spanish here: https://t.co/IBIY3vMgPj or join https://t.co/OczyRx7IOs,2,1,1,SUPPORT_RESPONSE_PRESENT
apple_1038722,Hello why is Snapchat and my Apple Music app messing up? Is this bc the new iPhone is coming out? I’m broke pls help thx @115858,"CUSTOMER: Hello why is Snapchat and my Apple Music app messing up? Is this bc the new iPhone is coming out? I’m broke pls help thx @115858
SUPPORT: @365756 We're here for you. What's going on with your Apple Music app? For other apps you installed, check out: https://t.co/fUZ0NRJxcn
CUSTOMER: @AppleSupport It stays stuck on 0:00 on my lock screen when I have music playing. What is this sorcery? Lmk thx
SUPPORT: @365756 Let's take a look at some of your settings. To start, please DM us with the country where you're located. https://t.co/GDrqU22YpT","@365756 Let's take a look at some of your settings. To start, please DM us with the country where you're located. https://t.co/GDrqU22YpT",4,2,2,SUPPORT_RESPONSE_PRESENT
apple_1038727,"Hi @AppleSupport you ""fixed"" my phone but took my SIM card I need assistance.","CUSTOMER: Hi @AppleSupport you ""fixed"" my phone but took my SIM card I need assistance.
SUPPORT: @365758 Let's look into that. Send us a DM and we'll go from there. https://t.co/GDrqU22YpT",@365758 Let's look into that. Send us a DM and we'll go from there. https://t.co/GDrqU22YpT,2,1,1,SUPPORT_RESPONSE_PRESENT
apple_1038729,@AppleSupport is there a recall for iPhone 6 batteries? Mine won’t last more than 3 hours and this iOS is making everything worse,"CUSTOMER: @AppleSupport is there a recall for iPhone 6 batteries? Mine won’t last more than 3 hours and this iOS is making everything worse
SUPPORT: @365759 We're happy to review your battery concerns. DM us to get started. https://t.co/GDrqU22YpT",@365759 We're happy to review your battery concerns. DM us to get started. https://t.co/GDrqU22YpT,2,1,1,SUPPORT_RESPONSE_PRESENT
apple_1038732,"@AppleSupport I can’t send any pictures to family who have android , the camera is there but when I click it nothing happens ?","CUSTOMER: @AppleSupport I can’t send any pictures to family who have android , the camera is there but when I click it nothing happens ?
SUPPORT: @365760 Let's look into that. Send us a DM and we'll go from there. https://t.co/GDrqU22YpT",@365760 Let's look into that. Send us a DM and we'll go from there. https://t.co/GDrqU22YpT,2,1,1,SUPPORT_RESPONSE_PRESENT
apple_1039185,"Hey, @AppleSupport. Updated to iOS11 &amp; now my battery lasts as long as the one in the 1st mobile phone I bought from AAA in 1999.   #iOS11 😡","CUSTOMER: Hey, @AppleSupport. Updated to iOS11 &amp; now my battery lasts as long as the one in the 1st mobile phone I bought from AAA in 1999.   #iOS11 😡
SUPPORT: @365857 Thanks for reaching out. We're here to help. DM us so we can look into this further with you. https://t.co/GDrqU22YpT",@365857 Thanks for reaching out. We're here to help. DM us so we can look into this further with you. https://t.co/GDrqU22YpT,2,1,1,SUPPORT_RESPONSE_PRESENT
apple_1039187,I hope @115858 honors my earphones warranty. My left earphone is malfunctioning,"CUSTOMER: I hope @115858 honors my earphones warranty. My left earphone is malfunctioning
SUPPORT: @365858 We'd be happy to help. Send us a DM and we can start there. https://t.co/GDrqU22YpT",@365858 We'd be happy to help. Send us a DM and we can start there. https://t.co/GDrqU22YpT,2,1,1,SUPPORT_RESPONSE_PRESENT
apple_1039189,@AppleSupport I am having problems and I very upset with your support team right now. Please help me,"CUSTOMER: @AppleSupport I am having problems and I very upset with your support team right now. Please help me
SUPPORT: @365859 We'd like to see how we can make this better. DM us some details and we can get started. https://t.co/GDrqU22YpT",@365859 We'd like to see how we can make this better. DM us some details and we can get started. https://t.co/GDrqU22YpT,2,1,1,SUPPORT_RESPONSE_PRESENT
apple_1039191,"@AppleSupport Received an email saying my AppleID was locked. Seems fine. Looks like a scam? I changed my password, didn’t click on the link","CUSTOMER: @AppleSupport Received an email saying my AppleID was locked. Seems fine. Looks like a scam? I changed my password, didn’t click on the link
SUPPORT: @365860 You've come to the right place. Let's take a look together in DM. https://t.co/GDrqU22YpT",@365860 You've come to the right place. Let's take a look together in DM. https://t.co/GDrqU22YpT,2,1,1,SUPPORT_RESPONSE_PRESENT
apple_1039195,So with the new update i can no longer send photos without the photo app freezing? @115858,"CUSTOMER: So with the new update i can no longer send photos without the photo app freezing? @115858
SUPPORT: @365861 You're in the right place for help. To start, may we get the iOS version number shown in Settings &gt; General &gt; About? https://t.co/GDrqU22YpT
CUSTOMER: @AppleSupport 11.0.3 (15A432)
SUPPORT: @365861 Thanks! Let's look into this together in DM. https://t.co/GDrqU22YpT",@365861 Thanks! Let's look into this together in DM. https://t.co/GDrqU22YpT,4,2,2,SUPPORT_RESPONSE_PRESENT
apple_1039370,I'm trying to report a bug to @115858 via https://t.co/1VdNHbShDR. I get logged out every time I log in. What's going on there?,"CUSTOMER: I'm trying to report a bug to @115858 via https://t.co/1VdNHbShDR. I get logged out every time I log in. What's going on there?
SUPPORT: @249089 We'd like to help! Send us a DM &amp; we'll get you pointed in the right direction. https://t.co/GDrqU22YpT",@249089 We'd like to help! Send us a DM &amp; we'll get you pointed in the right direction. https://t.co/GDrqU22YpT,2,1,1,SUPPORT_RESPONSE_PRESENT
apple_1039373,"Getting no service bug on iPhone 6 after ios 11 update. Reset factory settings, confirmed SIN to work in other phones. @115858 @AppleSupport","CUSTOMER: Getting no service bug on iPhone 6 after ios 11 update. Reset factory settings, confirmed SIN to work in other phones. @115858 @AppleSupport
SUPPORT: @365895 Hi. We'd like to help. Have you checked out the steps here: https://t.co/5KootZbxj1 Let us know if this helps.
CUSTOMER: @AppleSupport I've taken all the steps on that page, and still no luck. I think it's a critical issue in iO11 please escalate! Thank you.
SUPPORT: @365895 Send us a DM and we'll take a closer look there. https://t.co/GDrqU22YpT",@365895 Send us a DM and we'll take a closer look there. https://t.co/GDrqU22YpT,4,2,2,SUPPORT_RESPONSE_PRESENT
apple_1039385,Omg this ios update @AppleSupport @115858 when will you fix it,"CUSTOMER: Omg this ios update @AppleSupport @115858 when will you fix it
SUPPORT: @365896 Hey, we want to know what's going on so that we can help. DM us more details and we'll work together. https://t.co/GDrqU22YpT","@365896 Hey, we want to know what's going on so that we can help. DM us more details and we'll work together. https://t.co/GDrqU22YpT",2,1,1,SUPPORT_RESPONSE_PRESENT
apple_103941,@AppleSupport Is there a way to save the photos you have on a external hard drive to iCloud?,"CUSTOMER: @AppleSupport Is there a way to save the photos you have on a external hard drive to iCloud?
SUPPORT: @138902 Thanks for contacting us with this great question about importing photos to iCloud! There are a couple of different ways, so we want to know a bit more, so we'd love to help! DM us which kind of computer you're using and we'll get started. https://t.co/GDrqU22YpT
CUSTOMER: @AppleSupport I responded via DM please help me!","@138902 Thanks for contacting us with this great question about importing photos to iCloud! There are a couple of different ways, so we want to know a bit more, so we'd love to help! DM us which kind of computer you're using and we'll get started. https://t.co/GDrqU22YpT",3,2,1,SUPPORT_RESPONSE_PRESENT
apple_1039545,@115858 what the fuck https://t.co/CFIJR7LvIv,"CUSTOMER: @115858 what the fuck https://t.co/CFIJR7LvIv
SUPPORT: @365938 Let's look into this power issue for you. Are you having issues charging your device? Let us know in DM. https://t.co/GDrqU22YpT",@365938 Let's look into this power issue for you. Are you having issues charging your device? Let us know in DM. https://t.co/GDrqU22YpT,2,1,1,SUPPORT_RESPONSE_PRESENT
apple_1039547,The Never Ending Downloading Story: Part 3 @115858 https://t.co/9BWZMfY7Fw,"CUSTOMER: The Never Ending Downloading Story: Part 3 @115858 https://t.co/9BWZMfY7Fw
SUPPORT: @360573 We'd be happy to continue working with you. Send us a DM. https://t.co/GDrqU22YpT",@360573 We'd be happy to continue working with you. Send us a DM. https://t.co/GDrqU22YpT,2,1,1,SUPPORT_RESPONSE_PRESENT
apple_1039737,"@115858 @AppleSupport I didn’t think my battery life could get worse after the last few updates, but 11.1 continues the trend. #FixIt #ios11 https://t.co/8SUQSVRGTZ","CUSTOMER: @115858 @AppleSupport I didn’t think my battery life could get worse after the last few updates, but 11.1 continues the trend. #FixIt #ios11 https://t.co/8SUQSVRGTZ
SUPPORT: @365998 We'd be glad to check into your battery usage with you. Send us a DM letting us know which iPhone you're using: https://t.co/GDrqU22YpT
CUSTOMER: @AppleSupport No thanks. I already went through this 2 months ago with the 10.3 upgrade, and wasted several hours, just to be referred to Genius Bar.",@365998 We'd be glad to check into your battery usage with you. Send us a DM letting us know which iPhone you're using: https://t.co/GDrqU22YpT,3,2,1,SUPPORT_RESPONSE_PRESENT
apple_1040036,@AppleSupport  my Apple Watch just started burning my skin so bad my wrist started peeling what can I do,"CUSTOMER: @AppleSupport  my Apple Watch just started burning my skin so bad my wrist started peeling what can I do
SUPPORT: @366056 We want to assure you we take this very seriously. DM us your country and some details about what happened to get started. https://t.co/GDrqU22YpT",@366056 We want to assure you we take this very seriously. DM us your country and some details about what happened to get started. https://t.co/GDrqU22YpT,2,1,1,SUPPORT_RESPONSE_PRESENT
apple_1040049,Hi @AppleSupport iOS 11.0.3 seems to introduce frequent disconnects of #AirPods. Tried to file bug report. Failed.,"CUSTOMER: Hi @AppleSupport iOS 11.0.3 seems to introduce frequent disconnects of #AirPods. Tried to file bug report. Failed.
SUPPORT: @366058 Let's work on a solution for this together. To start, please DM us with the country where you're located. https://t.co/GDrqU22YpT","@366058 Let's work on a solution for this together. To start, please DM us with the country where you're located. https://t.co/GDrqU22YpT",2,1,1,SUPPORT_RESPONSE_PRESENT
apple_1040056,"This bar gets almost full, then shuts off. How do I correct this? @AppleSupport #mac #AppleSupport #MacBookPro https://t.co/FXP1gOh1lr","CUSTOMER: This bar gets almost full, then shuts off. How do I correct this? @AppleSupport #mac #AppleSupport #MacBookPro https://t.co/FXP1gOh1lr
SUPPORT: @366060 We'd love to team up with you to get this resolved. Which version of macOS are you using? Let us know in DM. https://t.co/GDrqU22YpT",@366060 We'd love to team up with you to get this resolved. Which version of macOS are you using? Let us know in DM. https://t.co/GDrqU22YpT,2,1,1,SUPPORT_RESPONSE_PRESENT
apple_1040059,"@AppleSupport Just sent you a DM, please reply when you can. thank you :)","CUSTOMER: @AppleSupport Just sent you a DM, please reply when you can. thank you :)
SUPPORT: @137796 We've received your DM and will continue to work with you there.",@137796 We've received your DM and will continue to work with you there.,2,1,1,SUPPORT_RESPONSE_PRESENT
apple_1040144,"@AppleSupport Ich habe hier in Luxembourg in einem Shop das neue Keyboard gekauft, jedoch war keine verpackung dabei . Ist das normal ??","CUSTOMER: @AppleSupport Ich habe hier in Luxembourg in einem Shop das neue Keyboard gekauft, jedoch war keine verpackung dabei . Ist das normal ??
SUPPORT: @366084  We offer support via Twitter in English. Contact us for help in your preferred language here: https://t.co/IBIY3vMgPj
CUSTOMER: @AppleSupport Ok is it common when i buying an new apple keyboard in a store in Luxembourg that they don’t give me this kboard without packaging .
CUSTOMER: @AppleSupport sorry I mean they give me this keyboard without packaging
SUPPORT: @366084 Thank you for reaching out to us. Please send us a DM, so we can look into this further with you. https://t.co/GDrqU22YpT","@366084 Thank you for reaching out to us. Please send us a DM, so we can look into this further with you. https://t.co/GDrqU22YpT",5,3,2,SUPPORT_RESPONSE_PRESENT
apple_1040150,"That “awesome” attention to detail &amp; quality control we all love Cook’s @115858 for, still glaringly obvious in latest #ios update. https://t.co/7BMkreYDMs","CUSTOMER: That “awesome” attention to detail &amp; quality control we all love Cook’s @115858 for, still glaringly obvious in latest #ios update. https://t.co/7BMkreYDMs
SUPPORT: @366085 We're here to help. What's the issue that you're having on your iPad? Once you search, are you unable to scroll down the list?
CUSTOMER: @AppleSupport It’s not a problem technically, it’s the GUI. The keyboard obscures app which is what I was searching for.  UX now flawed.
CUSTOMER: @AppleSupport If the search results at least let the apps be visible as before without scrolling. Limit the web search results or allow customisation.","@366085 We're here to help. What's the issue that you're having on your iPad? Once you search, are you unable to scroll down the list?",4,3,1,SUPPORT_RESPONSE_PRESENT
apple_1040156,"Gah! Trying to update my AppleID payment card with new card details &amp; it keeps saying card is declined (it's fine), &amp; when I try to update / change anything online, whenever I hit save it times my session out 'for security purposes'. Come on, @AppleSupport, give a girl a break!","CUSTOMER: Gah! Trying to update my AppleID payment card with new card details &amp; it keeps saying card is declined (it's fine), &amp; when I try to update / change anything online, whenever I hit save it times my session out 'for security purposes'. Come on, @AppleSupport, give a girl a break!
SUPPORT: @301802 Check out this article: https://t.co/U96y4MTG7k
If the issue persists, the iTunes Store team is here: https://t.co/SDIe7UiyJN
CUSTOMER: @AppleSupport No, as I said in my original tweet, I've tried to update my payment details but the website won't let me and I can't do it on my phone. Keeps declining the new card. Will iTunes Store be able to help with AppleID payment details l update?
SUPPORT: @301802 The iTunes Store team can help with payment details for your iTunes &amp; App Store account.",@301802 The iTunes Store team can help with payment details for your iTunes &amp; App Store account.,4,2,2,SUPPORT_RESPONSE_PRESENT
apple_1040158,@AppleSupport notification sounds don’t work (even camera doesn’t click) after iOS 11 upgrade to iPod (newest ver). Battery life=awful too.,"CUSTOMER: @AppleSupport notification sounds don’t work (even camera doesn’t click) after iOS 11 upgrade to iPod (newest ver). Battery life=awful too.
SUPPORT: @366087 We'd love to help out with these concerns.  Do any sounds work on your iPod now, or is the issue with just those?","@366087 We'd love to help out with these concerns.  Do any sounds work on your iPod now, or is the issue with just those?",2,1,1,SUPPORT_RESPONSE_PRESENT
apple_1040162,@AppleSupport when are you going to sort the bloody update? Phone is freezing constantly battery dying and speakers/ volume not working....,"CUSTOMER: @AppleSupport when are you going to sort the bloody update? Phone is freezing constantly battery dying and speakers/ volume not working....
SUPPORT: @366088 We'd like to learn more. Which iPhone, and iOS version, are you using?
CUSTOMER: @AppleSupport iPhone 6s and 11.0.3
SUPPORT: @366088 So that we can look into this further with you, feel free to send us a DM and we'll proceed from there: https://t.co/GDrqU22YpT","@366088 So that we can look into this further with you, feel free to send us a DM and we'll proceed from there: https://t.co/GDrqU22YpT",4,2,2,SUPPORT_RESPONSE_PRESENT
apple_1040176,"@AppleSupport @366092  pre-ordered new TSwift, didn’t receive code.  📞 for help and has now lost songs in @115948. Who can help?","CUSTOMER: @AppleSupport @366092  pre-ordered new TSwift, didn’t receive code.  📞 for help and has now lost songs in @115948. Who can help?
SUPPORT: @366091 We'd like to make things right. Have you made any recent changes to your Apple ID account?",@366091 We'd like to make things right. Have you made any recent changes to your Apple ID account?,2,1,1,SUPPORT_RESPONSE_PRESENT
apple_1040178,Its been an hour since i got out of my house and i already have 48% fix this @115858,"CUSTOMER: Its been an hour since i got out of my house and i already have 48% fix this @115858
SUPPORT: @366093 We're happy to help. Let us know what device and operating system you're using to begin.",@366093 We're happy to help. Let us know what device and operating system you're using to begin.,2,1,1,SUPPORT_RESPONSE_PRESENT
apple_1040180,@AppleSupport Is there a way to buy a extended warranty for a MacBook Pro bought a couple of  weeks ago?,"CUSTOMER: @AppleSupport Is there a way to buy a extended warranty for a MacBook Pro bought a couple of  weeks ago?
SUPPORT: @201226 Happy to help you. See our website here for information on adding Apple Care for your Mac: https://t.co/WQBZR9RZcu",@201226 Happy to help you. See our website here for information on adding Apple Care for your Mac: https://t.co/WQBZR9RZcu,2,1,1,SUPPORT_RESPONSE_PRESENT
apple_1040186,@AppleSupport my phone has not been recognizing my thumb print so I deleted it and tried adding it again but now it’s saying it’s unreadable,"CUSTOMER: @AppleSupport my phone has not been recognizing my thumb print so I deleted it and tried adding it again but now it’s saying it’s unreadable
CUSTOMER: @AppleSupport It does this every time for every finger
SUPPORT: @219949 Let's see if we can help get Touch ID working on your iPhone. DM us, and we'll look into this. https://t.co/GDrqU22YpT","@219949 Let's see if we can help get Touch ID working on your iPhone. DM us, and we'll look into this. https://t.co/GDrqU22YpT",3,2,1,SUPPORT_RESPONSE_PRESENT
apple_1040190,"@AppleSupport every since I’ve updated my phone , my phone would freeze and have been doing it for a week now","CUSTOMER: @AppleSupport every since I’ve updated my phone , my phone would freeze and have been doing it for a week now
SUPPORT: @366095 Let's help get this sorted. What version of iOS 11 are you running?  Next, does this happen at random or with specific apps?
CUSTOMER: @AppleSupport iOS 11.0.3 and it happens randomly and I can’t even multitask without it freezing
SUPPORT: @366095 Does restarting the device improve the behavior? If not, please reach out to us in DM and we can go from there together. https://t.co/GDrqU22YpT","@366095 Does restarting the device improve the behavior? If not, please reach out to us in DM and we can go from there together. https://t.co/GDrqU22YpT",4,2,2,SUPPORT_RESPONSE_PRESENT
apple_1040193,@AppleSupport Your new upgrade stuck my iPhone 6s. Pls launch a new upgrade fixing the problems.,"CUSTOMER: @AppleSupport Your new upgrade stuck my iPhone 6s. Pls launch a new upgrade fixing the problems.
SUPPORT: @366096 We'd like to look into this. Please join us in DM and provide us with the details. Click here: https://t.co/GDrqU22YpT",@366096 We'd like to look into this. Please join us in DM and provide us with the details. Click here: https://t.co/GDrqU22YpT,2,1,1,SUPPORT_RESPONSE_PRESENT
apple_1040200,@AppleSupport #ios1103 it’s not supporting LTE in 5s at all. I installed it yesterday and my mobile data stopped working since then.,"CUSTOMER: @AppleSupport #ios1103 it’s not supporting LTE in 5s at all. I installed it yesterday and my mobile data stopped working since then.
SUPPORT: @366098 You’ve come to the right place! Let’s work together to see what’s stopping the data. Send us a DM with the country you're in. https://t.co/GDrqU22YpT
CUSTOMER: @AppleSupport DM? I am from Pakistan
SUPPORT: @366098 Got it. Please click the following link to send us a Direct Message. We’ll continue there. https://t.co/GDrqU22YpT",@366098 Got it. Please click the following link to send us a Direct Message. We’ll continue there. https://t.co/GDrqU22YpT,4,2,2,SUPPORT_RESPONSE_PRESENT
apple_1040203,"@AppleSupport @115858 literally worst customer service I have ever seen.ur advisors wasted my 2 hrs transferring chat to 1 another,hanging up","CUSTOMER: @AppleSupport @115858 literally worst customer service I have ever seen.ur advisors wasted my 2 hrs transferring chat to 1 another,hanging up
SUPPORT: @366099 We want to hear about your experience, and make sure you get the help you're looking for. Let's work together in DM. https://t.co/GDrqU22YpT","@366099 We want to hear about your experience, and make sure you get the help you're looking for. Let's work together in DM. https://t.co/GDrqU22YpT",2,1,1,SUPPORT_RESPONSE_PRESENT
apple_1040207,@AppleSupport so after going to ios 11 and when i tryed to do touch id set up it doesnt work and now my battery is draining fast,"CUSTOMER: @AppleSupport so after going to ios 11 and when i tryed to do touch id set up it doesnt work and now my battery is draining fast
SUPPORT: @273067 Let's move to DM to explore what steps to take next. Send us a message below and we'll go from there. https://t.co/GDrqU22YpT",@273067 Let's move to DM to explore what steps to take next. Send us a message below and we'll go from there. https://t.co/GDrqU22YpT,2,1,1,SUPPORT_RESPONSE_PRESENT
apple_1040213,I have to say iOS 11 should get the award for the buggiest release by @115858 even my iPad Pro 10.5 show some UI lag with it at times!,"CUSTOMER: I have to say iOS 11 should get the award for the buggiest release by @115858 even my iPad Pro 10.5 show some UI lag with it at times!
CUSTOMER: @115858 I can only imagine what would be the experience of older phones with iOS 11.... if you are on iOS 10.3.x hold on for now, till they fix it.
CUSTOMER: @135834 @115858 iPhone 5s is facing the real problem
CUSTOMER: @135834 @115858 Sir iphone 5s is so laggy and battery is just draining it requires 2.5 charge a day
CUSTOMER: @135834 @115858 Facing battery drain issues and lagginess on my iphone 6s
CUSTOMER: @115858 And yeah the memory management is like cheap mid-range android phone.... that means crap! Every 4-5th app will reload even on iPhone 8 Plus
CUSTOMER: @135834 @115858 Bro my iPhone 6S doesn't lag at all I have used several apps in bg! I don't think there's lag in iOS 11 for iPhone 6s maybe
CUSTOMER: @384581 @135834 @115858 Absolutely i’m using ios 11.1 that’s also buttery smooth
CUSTOMER: @384580 @384581 @115858 I am talking about ios public release not beta currently public release is iOS 11.0.3
CUSTOMER: @135834 @115858 I have iphone 8 plus and i also facing issue in ios 11
CUSTOMER: @135834 @115858 That's good to hear actually, my iPad 2017 is also lagging especially 11.0, other updates made it a little better
CUSTOMER: @135834 @115858 I can’t even connect my calls,it take hack of a time to dial somebody. This bug eats my @115858 🐛
CUSTOMER: @135834 @384580 @384581 @115858 I am using an iPhone 6. Situation now much better with iOS 11.0.3.. not much UI lag..however bad battery life and ram management..
CUSTOMER: @135834 @115858 true i am experiencing the same with iphone 7.. @115858 @AppleSupport..
CUSTOMER: @135834 @115858 i was having issues on 11 then it was fixed on 11.0.1. now having issues on 11.0.2 and 11.0.3. Such a weird release. I'm on an iPhone 7 Plus
SUPPORT: @544780 Let's work together on this to figure out what's happening. Which specific iOS version do you have? DM us the answer. https://t.co/GDrqU22YpT
SUPPORT: @497377 Having your device work great is expected &amp; we'd like to help. DM us the iOS version installed to get started. https://t.co/GDrqU22YpT
SUPPORT: @391079 Please tell us more about what's going on with your iPhone 5S. We'd love to help.
SUPPORT: @544801 We’d be glad to look into this further with you. Can you start by explaining the situation to us more through DM? https://t.co/GDrqU22YpT
SUPPORT: @544811 We understand how important it is to make phone calls. Please try these steps &amp; DM the results: https://t.co/97BrailZaF https://t.co/GDrqU22YpT
SUPPORT: @384364 We can help with the iPad performance. Direct Message us what country you're in and we'll get started. https://t.co/GDrqU22YpT
SUPPORT: @384579 We'd love to help! When did you update to iOS 11.0.3? Let us know in DM and we'll get started. https://t.co/GDrqU22YpT
SUPPORT: @544822 We're here to help. Have you already updated your iPhone to 11.0.3? Do you notice it in just one app? Let us know in DM. https://t.co/GDrqU22YpT
CUSTOMER: @AppleSupport @544822 11 is the worst thing apple has released going back toAndroid after this contract...I have had Apple for years. #Fail
SUPPORT: @385008 We'd like to take a look at this with you. Please send us a DM. https://t.co/GDrqU22YpT
CUSTOMER: @AppleSupport @391079 U wanna help. Just paid 84000 for shit in place of which a 15000 android phone with more function would have helped
SUPPORT: @391078 We'd be happy to assist you with any issues that you're having. Please click here to join us in DM: https://t.co/GDrqU22YpT
CUSTOMER: @135834 @115858 Have u ever wondered how a 3gb ram iphone is compared to a 6gb or 8gb ram android phone.
CUSTOMER: @366102 @115858 Now much does the iphone 8 plus cost anyways my iPad Pro 10.5 was much more fluid with ios 10.3 and ios 11 is buggy accept it.
SUPPORT: @135834 Hey Ranjit, let's see how we can help. DM us some details of your issue you're having with your iPhone, we'll start there. https://t.co/GDrqU22YpT
CUSTOMER: @135834 @115858 Since the day i have updated to iOS11 my @4305 have stopped showing notifications untill i open the app. @115858 plz do something
SUPPORT: @432312 We're here to help. Reach out to us in DM and we can take a look. https://t.co/GDrqU22YpT
CUSTOMER: @AppleSupport I am currently on ios 11.0.3",@432312 We're here to help. Reach out to us in DM and we can take a look. https://t.co/GDrqU22YpT,33,21,12,SUPPORT_RESPONSE_PRESENT
apple_1040263,Hey @AppleSupport I updated my iPhone. And now my wireless headphones keep beeping. No apps open but pandora?? Help it’s annoying,"CUSTOMER: Hey @AppleSupport I updated my iPhone. And now my wireless headphones keep beeping. No apps open but pandora?? Help it’s annoying
SUPPORT: @366109 Thanks for reaching out. Which iPhone model do you have? Has the iPhone been restarted since you noticed these issues?
CUSTOMER: @AppleSupport The 7. It has been restarted
SUPPORT: @366109 Let's try the steps here next:  https://t.co/fUZ0NRJxcn Let us know in DM if there's any change after. https://t.co/GDrqU22YpT",@366109 Let's try the steps here next:  https://t.co/fUZ0NRJxcn Let us know in DM if there's any change after. https://t.co/GDrqU22YpT,4,2,2,SUPPORT_RESPONSE_PRESENT
apple_1040290,"@115858 : ios 11 still sucks on battery life, laggy and immature roll out. Shd sell my iPhone and buy a pixel","CUSTOMER: @115858 : ios 11 still sucks on battery life, laggy and immature roll out. Shd sell my iPhone and buy a pixel
SUPPORT: @366116 That's not the experience we want you to have. Which iPhone and iOS 11 version are you using?
CUSTOMER: @AppleSupport iPhone 6s 11.0.3
SUPPORT: @366116 Got it. Have you noticed when your battery drains the most? How often do you have to charge it? Can you DM us the details? https://t.co/GDrqU22YpT
CUSTOMER: @AppleSupport Nothing different even on standby the battery is draining faster than before. Location, Bluetooth off and no gaming as well. Just wifi or 4g
SUPPORT: @366116 Look in the App Store, if there are any updates available, go ahead and install them. Then join us in DM to continue. https://t.co/GDrqU22YpT","@366116 Look in the App Store, if there are any updates available, go ahead and install them. Then join us in DM to continue. https://t.co/GDrqU22YpT",6,3,3,SUPPORT_RESPONSE_PRESENT
apple_1041265,immensely disappointed that @115858 decided to destroy iPhone 6's battery life with iOS 11 update. Do I really want an iPhone X now? =/,"CUSTOMER: immensely disappointed that @115858 decided to destroy iPhone 6's battery life with iOS 11 update. Do I really want an iPhone X now? =/
SUPPORT: @118549 That's not the experience we expect you to have. Which iOS 11 version are you using? We'll be happy to see how we can help.",@118549 That's not the experience we expect you to have. Which iOS 11 version are you using? We'll be happy to see how we can help.,2,1,1,SUPPORT_RESPONSE_PRESENT
apple_1041276,I’ll tell ya what - my phone worked a whole lot better before that last iOS update. Side eye: @115858,"CUSTOMER: I’ll tell ya what - my phone worked a whole lot better before that last iOS update. Side eye: @115858
CUSTOMER: @366272 @115858 I THOUGHT IT WAS JUST ME !!!!!!!!!!!!!!!! I put a lot of exclamation marks because I am NOT happy about it.
CUSTOMER: @157341 @115858 WE ARE IN THIS TOGETHER!!
CUSTOMER: @366272 @115858 It's getting worse 😱🚨😱🚨😱🚨
CUSTOMER: @157341 @115858 What’s happening??

?!?!?!?!?!?!?!?!?!?!
CUSTOMER: @366272 @115858 .Videos won't play. 4 Websites I have to refresh for links to work. Apps get stuck when I'm rearranging them. Very odd stuff !
SUPPORT: @157341 We'd be happy to see how we can help. Which device and iOS version are you using?
CUSTOMER: @AppleSupport iOS 11.0.3 / iPhone 7 128 GB
SUPPORT: @157341 Got it. The issues with the videos is happening in the Safari app, right? Do both these issues continue if you restart?
CUSTOMER: @AppleSupport Yes to both questions :)
SUPPORT: @157341 OK, let's continue to look into these issues in DM. Send us one here: https://t.co/GDrqU22YpT","@157341 OK, let's continue to look into these issues in DM. Send us one here: https://t.co/GDrqU22YpT",11,8,3,SUPPORT_RESPONSE_PRESENT
apple_1041283,Phone won't update send help @115858,"CUSTOMER: Phone won't update send help @115858
SUPPORT: @366273 We're here for you. Which iPhone do you have, and what version of iOS are you on now? Check https://t.co/80YRnjDFDk for tips.
CUSTOMER: @AppleSupport 10.3.3
SUPPORT: @366273 Thanks. Which device are you trying to update?  Does it see an update available under Settings &gt; General &gt; Software Update?
CUSTOMER: @AppleSupport No it doesn't and it's a 5c
SUPPORT: @366273 Your iPhone is currently at it's maximum allowed software level.  You won't be able to update it to iOS 11.
CUSTOMER: @AppleSupport 😒",@366273 Your iPhone is currently at it's maximum allowed software level.  You won't be able to update it to iOS 11.,7,4,3,SUPPORT_RESPONSE_PRESENT
apple_1041285,this new iphone update is shit. my phone keeps freezing. @AppleSupport,"CUSTOMER: this new iphone update is shit. my phone keeps freezing. @AppleSupport
SUPPORT: @366274 We're here to help you. DM us and tell us the exact version of iOS you're running on your iPhone. https://t.co/GDrqU22YpT",@366274 We're here to help you. DM us and tell us the exact version of iOS you're running on your iPhone. https://t.co/GDrqU22YpT,2,1,1,SUPPORT_RESPONSE_PRESENT
apple_1041289,@AppleSupport this new update has messed up so many things on my phone.. can y’all get it together over there please 🙄,"CUSTOMER: @AppleSupport this new update has messed up so many things on my phone.. can y’all get it together over there please 🙄
SUPPORT: @366275 We'd like to help with any issues you're experiencing. What is your exact iOS version? Find it at Settings &gt; General &gt; About.
CUSTOMER: @AppleSupport 11.0.3 ever since I updated it it’s been freezing up CONSTANTLY for minutes at a time.Even when I’m trying to use gps or calls
CUSTOMER: @AppleSupport The music controls on the slide up bar w/ (calc and flash light)has not been working.Have to hard reset multiple times daily
SUPPORT: @366275 Thank you for letting us know. We can help to resolve this. Reach out to us in DM &amp; we'll continue there. https://t.co/GDrqU22YpT",@366275 Thank you for letting us know. We can help to resolve this. Reach out to us in DM &amp; we'll continue there. https://t.co/GDrqU22YpT,5,3,2,SUPPORT_RESPONSE_PRESENT
apple_1041294,@AppleSupport since ios11.0.3 my phone is missing calls and txts also apps wont update and phone keeps freezing! Other apps not working #ios,"CUSTOMER: @AppleSupport since ios11.0.3 my phone is missing calls and txts also apps wont update and phone keeps freezing! Other apps not working #ios
SUPPORT: @366276 Here to help. Let’s start with your cellular connection, let us know if the steps on this page help: https://t.co/5KootZbxj1
CUSTOMER: @AppleSupport Reset network setting now my phone has gone from 4G to 3G 🤔
CUSTOMER: @AppleSupport 4G come on when i turned data off and back on
SUPPORT: @366276 Thanks for letting us know. Are phone calls and text messages working as expected now? Let us know in DM. https://t.co/GDrqU22YpT
CUSTOMER: @AppleSupport Ill keep u updated 👍🏻",@366276 Thanks for letting us know. Are phone calls and text messages working as expected now? Let us know in DM. https://t.co/GDrqU22YpT,6,4,2,SUPPORT_RESPONSE_PRESENT
apple_1041400,"@AppleSupport Why Do I have to pay for replacement headphones, if the ones I just paid for don’t work, isn’t the price of the phone enough ?","CUSTOMER: @AppleSupport Why Do I have to pay for replacement headphones, if the ones I just paid for don’t work, isn’t the price of the phone enough ?
SUPPORT: @366298 Thanks for reaching out. We're here to help. DM us so we can look into this further with you. https://t.co/GDrqU22YpT",@366298 Thanks for reaching out. We're here to help. DM us so we can look into this further with you. https://t.co/GDrqU22YpT,2,1,1,SUPPORT_RESPONSE_PRESENT
apple_104192,"Hi @AppleSupport. I keep my personal iPhone 6S in my pocket. Any time I also carry my work iPhone 6 in my bag, the steps count from both devices seem to get added together in the Health app. Is there a way to stop this please? It didn't happen in iOS 10.","CUSTOMER: Hi @AppleSupport. I keep my personal iPhone 6S in my pocket. Any time I also carry my work iPhone 6 in my bag, the steps count from both devices seem to get added together in the Health app. Is there a way to stop this please? It didn't happen in iOS 10.
SUPPORT: @138973 We understand how important it is to sort this out. The Health app handles data from different sources such as from other devices or apps. However, you can prioritize the data sources and learn more about this here: https://t.co/FbDAfgVHS6 DM us any other questions. https://t.co/GDrqU22YpT
CUSTOMER: @AppleSupport Thanks. Yep I checked that, but neither phone has the other listed as an alternative data source. It’s almost like it’s because they’re both linked to my iCloud account or something. Here’s an example from one of them, the one listed is the same device name. https://t.co/zKVWO3obZj
SUPPORT: @138973 We'd like to look into this further. Please DM us to continue working on this. https://t.co/GDrqU22YpT
CUSTOMER: @AppleSupport Certainly. I’ll collect some screenshots to illustrate the problem and message you later.
SUPPORT: @138973 Great, thanks.","@138973 Great, thanks.",6,3,3,SUPPORT_RESPONSE_PRESENT
apple_104194,"@AppleSupport my storage has ran out and nothing I download isn't storing on my iCloud which still has 2GB left,help?🙄🙄","CUSTOMER: @AppleSupport my storage has ran out and nothing I download isn't storing on my iCloud which still has 2GB left,help?🙄🙄
SUPPORT: @138974 We want to help you with managing your storage on your iPhone. Your iPhone is able to show you information on the storage being used and make recommendations to optimize your storage usage. Please check out more on how to clear that space here: https://t.co/0yFHFRYSnX",@138974 We want to help you with managing your storage on your iPhone. Your iPhone is able to show you information on the storage being used and make recommendations to optimize your storage usage. Please check out more on how to clear that space here: https://t.co/0yFHFRYSnX,2,1,1,SUPPORT_RESPONSE_PRESENT
apple_1042519,"I can’t download or update anything, can you guys help me? @AppleSupport","CUSTOMER: I can’t download or update anything, can you guys help me? @AppleSupport
SUPPORT: @366483 We're here to help. What happens when you try to upate your apps? Are you getting an error message?
CUSTOMER: @AppleSupport no, the download just keeps loading and nothing happens, like this: https://t.co/VvON9bvXEi
SUPPORT: @366483 Got it. Have you tried to download this on a different Wi-Fi network? Let us know in DM, please. We'll continue from there. https://t.co/GDrqU22YpT","@366483 Got it. Have you tried to download this on a different Wi-Fi network? Let us know in DM, please. We'll continue from there. https://t.co/GDrqU22YpT",4,2,2,SUPPORT_RESPONSE_PRESENT
apple_1043521,Hi @AppleSupport @318 folks are able to add multiple reviews to my podcast @299838 .  Also stars aren’t calculating 👀,"CUSTOMER: Hi @AppleSupport @318 folks are able to add multiple reviews to my podcast @299838 .  Also stars aren’t calculating 👀
CUSTOMER: @AppleSupport @318 @299838 Here is a screen shot of the bug 🐜 https://t.co/dfAxWK3fCc
SUPPORT: @365412 We suggest contacting us through the following link for assistance with your podcast: https://t.co/Z700WfTAZ1",@365412 We suggest contacting us through the following link for assistance with your podcast: https://t.co/Z700WfTAZ1,3,2,1,SUPPORT_RESPONSE_PRESENT
apple_1043524,@115858 I can not stand this iOS 11 with so many errors my iPhone has never been so bad 😤😡 https://t.co/ny34Jvru0t,"CUSTOMER: @115858 I can not stand this iOS 11 with so many errors my iPhone has never been so bad 😤😡 https://t.co/ny34Jvru0t
SUPPORT: @366766 Hey, let's work together to get this resolved. First, can you tell us the exact iOS version? Also, does restarting help?
CUSTOMER: @AppleSupport this is happening in the latest version of IOS 11.0.3 https://t.co/MQyDSljs8A
SUPPORT: @366766 Thank you for those details. Have you had a chance to restart the iPhone and test for the issue?
CUSTOMER: @AppleSupport Yes I restarted my iPhone and the problem continues I have reports from friends that their iPhone are also having the same problem https://t.co/vvaXhlEVxS
SUPPORT: @366766 You are awesome for trying that. Thank you. Let's look into this together. Please send us a DM with details to continue. https://t.co/GDrqU22YpT",@366766 You are awesome for trying that. Thank you. Let's look into this together. Please send us a DM with details to continue. https://t.co/GDrqU22YpT,6,3,3,SUPPORT_RESPONSE_PRESENT
apple_1044126,"@115858 i’ve had (and loved) my ipad for almost two hears, but ever since i updated it has lagged for the first time...it’s annoying😒","CUSTOMER: @115858 i’ve had (and loved) my ipad for almost two hears, but ever since i updated it has lagged for the first time...it’s annoying😒
SUPPORT: @366888 We how important it is for your device to work the way you'd like. Have you updated to 11.0.1?
CUSTOMER: @AppleSupport Yes but it still lagging, and its not to any specific app either
SUPPORT: @366888 Thanks for following up. Let's take a closer look at this via DM. Let us know if you've backed up the iPad to get started. https://t.co/GDrqU2kzhr",@366888 Thanks for following up. Let's take a closer look at this via DM. Let us know if you've backed up the iPad to get started. https://t.co/GDrqU2kzhr,4,2,2,SUPPORT_RESPONSE_PRESENT
apple_1044202,"@115858 @AppleSupport had a email from you, not 100% if it's legit or a virus email? Do Apple normally email you when your accounts lock?","CUSTOMER: @115858 @AppleSupport had a email from you, not 100% if it's legit or a virus email? Do Apple normally email you when your accounts lock?
SUPPORT: @366909 This article will help you avoid any phishing attempts: https://t.co/LNMCdqt6fD https://t.co/GDrqU22YpT",@366909 This article will help you avoid any phishing attempts: https://t.co/LNMCdqt6fD https://t.co/GDrqU22YpT,2,1,1,SUPPORT_RESPONSE_PRESENT
apple_1044211,@AppleSupport Is their any way to pin playlists in Apple Music to the top for easy access? Specifically with CarPlay,"CUSTOMER: @AppleSupport Is their any way to pin playlists in Apple Music to the top for easy access? Specifically with CarPlay
SUPPORT: @366911 Great question! You can sort your Music Playlists according to ""Playlist Type, Title or Recently Added"": https://t.co/dZgsEePiEK","@366911 Great question! You can sort your Music Playlists according to ""Playlist Type, Title or Recently Added"": https://t.co/dZgsEePiEK",2,1,1,SUPPORT_RESPONSE_PRESENT
apple_1044215,@115858 WELL? Now all my texts are sent in pieces....why am I paying HUNDREDS of dollars again?,"CUSTOMER: @115858 WELL? Now all my texts are sent in pieces....why am I paying HUNDREDS of dollars again?
SUPPORT: @354212 DM us and we can continue to work with you on this. https://t.co/GDrqU22YpT
CUSTOMER: @AppleSupport Stupid little automated answers, trying to STALL time when you’ve screwed up....instead of pretending to care, just fix your crap.",@354212 DM us and we can continue to work with you on this. https://t.co/GDrqU22YpT,3,2,1,SUPPORT_RESPONSE_PRESENT
apple_1044218,"Dear @115858,

Radar is down again as of 5pm CDT.  Pretty drastic way to keep me from more bug reports.

Yer pal,
Guy","CUSTOMER: Dear @115858,

Radar is down again as of 5pm CDT.  Pretty drastic way to keep me from more bug reports.

Yer pal,
Guy
SUPPORT: @342972 Thanks for reaching out, for developer support please reach out to us here: https://t.co/2KlZtfvRXh
CUSTOMER: @AppleSupport Nice. Its like you are trying to piss me off at this point. I know you are not but with sloppy Xcode 9 &amp; iOS 11 it sure seems like it. https://t.co/LUxlIY0W6G","@342972 Thanks for reaching out, for developer support please reach out to us here: https://t.co/2KlZtfvRXh",3,2,1,SUPPORT_RESPONSE_PRESENT
apple_1044422,"Estimado Sr. @AppleSupport, por favor me podría devolver mi batería que se consume en 2 hs con la última actualización del iOS?. Gracias.","CUSTOMER: Estimado Sr. @AppleSupport, por favor me podría devolver mi batería que se consume en 2 hs con la última actualización del iOS?. Gracias.
SUPPORT: @366956 We offer support via Twitter in English. Get help in Spanish here: https://t.co/IBIY3vMgPj or join https://t.co/OczyRx7IOs",@366956 We offer support via Twitter in English. Get help in Spanish here: https://t.co/IBIY3vMgPj or join https://t.co/OczyRx7IOs,2,1,1,SUPPORT_RESPONSE_PRESENT
apple_1044424,"Hey @115858, each new OS update is more buggy than the last. Get your shit together.","CUSTOMER: Hey @115858, each new OS update is more buggy than the last. Get your shit together.
SUPPORT: @366957 Hey, Ryan! Perhaps we can help. Send us a DM of which device you're using. We can go from there. https://t.co/GDrqU22YpT","@366957 Hey, Ryan! Perhaps we can help. Send us a DM of which device you're using. We can go from there. https://t.co/GDrqU22YpT",2,1,1,SUPPORT_RESPONSE_PRESENT
apple_1044426,"@AppleSupport With itunes 12.7, how do I mess with my ringtones and things removed from itunes? My phone still uses ios 9.","CUSTOMER: @AppleSupport With itunes 12.7, how do I mess with my ringtones and things removed from itunes? My phone still uses ios 9.
SUPPORT: @366958 This article can be used to help with changes in the new iTunes: https://t.co/pxseZbMQ8z
Need more assistance? Let us know.","@366958 This article can be used to help with changes in the new iTunes: https://t.co/pxseZbMQ8z
Need more assistance? Let us know.",2,1,1,SUPPORT_RESPONSE_PRESENT
apple_1044429,@AppleSupport My iPhone 6 just deleted all my texts and messages. Help?,"CUSTOMER: @AppleSupport My iPhone 6 just deleted all my texts and messages. Help?
SUPPORT: @366959 This is not expected behavior. We're here to help. Can you provide us the iOS version on your device?
CUSTOMER: @AppleSupport 10.2.1. I'm unable to update b/c I don't have enough storage. Even though my messages are gone it says they're taking 3.5 gb of storage.
CUSTOMER: @AppleSupport I've tried restarting my phone several times. I'm also unable to access my photos.
SUPPORT: @366959 So we can investigate this, let's chat over in Direct Message. We'll need to gather some more info. https://t.co/GDrqU22YpT","@366959 So we can investigate this, let's chat over in Direct Message. We'll need to gather some more info. https://t.co/GDrqU22YpT",5,3,2,SUPPORT_RESPONSE_PRESENT
apple_1044435,@115858 @AppleSupport after iOS 11 my camera app is not working: the images just can’t stabilize. It’s happening both for videos &amp; pics,"CUSTOMER: @115858 @AppleSupport after iOS 11 my camera app is not working: the images just can’t stabilize. It’s happening both for videos &amp; pics
SUPPORT: @366960 Let's work on this camera issue together. Does this happen with the front or rear camera?
CUSTOMER: @AppleSupport Rear
SUPPORT: @366960 Thank you for that information. Has your iPhone been restarted since you first noticed this issue?
CUSTOMER: @AppleSupport Yes. It’s actually happening to a lot of my friends it happens with pics and video but is not happening with slow motion and quick camera
SUPPORT: @366960 Let's look into this a bit closer. Please DM us about this and we'll continue troubleshooting there. https://t.co/GDrqU22YpT",@366960 Let's look into this a bit closer. Please DM us about this and we'll continue troubleshooting there. https://t.co/GDrqU22YpT,6,3,3,SUPPORT_RESPONSE_PRESENT
apple_1044440,@AppleSupport phone fell from 0.5 metres and front screen shattered - how is it the strongest ever ? Replace it free ?? Where in Gurgaon?,"CUSTOMER: @AppleSupport phone fell from 0.5 metres and front screen shattered - how is it the strongest ever ? Replace it free ?? Where in Gurgaon?
SUPPORT: @366961 Let's follow up in DM. We'll help look into more options for you there. https://t.co/GDrqU22YpT",@366961 Let's follow up in DM. We'll help look into more options for you there. https://t.co/GDrqU22YpT,2,1,1,SUPPORT_RESPONSE_PRESENT
apple_1044447,@115858 @AppleSupport i seriously have gotten a call about 5 times today from your queens store about how theres a problem with my iCloud,"CUSTOMER: @115858 @AppleSupport i seriously have gotten a call about 5 times today from your queens store about how theres a problem with my iCloud
SUPPORT: @366962 Thank you for letting us know. Look here for more info on identifying and reporting phishing attempts:  https://t.co/LNMCdqt6fD
CUSTOMER: @AppleSupport that didn't really help me. i know not to give out info but 6 times i keep getting a call from your queens blvd store
SUPPORT: @366962 Please send us a DM, so we can help further with this. https://t.co/GDrqU22YpT","@366962 Please send us a DM, so we can help further with this. https://t.co/GDrqU22YpT",4,2,2,SUPPORT_RESPONSE_PRESENT
apple_1044463,@AppleSupport Hi! Does the apple watch series 1 or 2 require a data plan or can i just buy the watch with no worries,"CUSTOMER: @AppleSupport Hi! Does the apple watch series 1 or 2 require a data plan or can i just buy the watch with no worries
SUPPORT: @366965 Not at all. Data would be use from a Wi-Fi connection or from a paired iPhone.
CUSTOMER: @AppleSupport So i wouldn’t have to pay no monthly fee or anything like that correct?
SUPPORT: @366965 Correct. No data needed.
CUSTOMER: @AppleSupport @366965 Unlike series 3 where AT&amp;T can’t even get the cellular to work. Don’t buy series 3",@366965 Correct. No data needed.,5,3,2,SUPPORT_RESPONSE_PRESENT
apple_1044465,Why has my iPhone just started beeping at a really high pitch? @AppleSupport,"CUSTOMER: Why has my iPhone just started beeping at a really high pitch? @AppleSupport
SUPPORT: @366966 We can help. If possible, DM us a video of this behavior, and we'll look into what's going on. https://t.co/GDrqU22YpT","@366966 We can help. If possible, DM us a video of this behavior, and we'll look into what's going on. https://t.co/GDrqU22YpT",2,1,1,SUPPORT_RESPONSE_PRESENT
apple_1044924,".@AppleSupport I installed #iOS11.0.3 this morning. Now I have no cell service. And my phone won’t turn off, or respond in settings.","CUSTOMER: .@AppleSupport I installed #iOS11.0.3 this morning. Now I have no cell service. And my phone won’t turn off, or respond in settings.
SUPPORT: @367053 Let's help get this all sorted. To begin, check out: https://t.co/5KootZbxj1 and keep us posted.","@367053 Let's help get this all sorted. To begin, check out: https://t.co/5KootZbxj1 and keep us posted.",2,1,1,SUPPORT_RESPONSE_PRESENT
apple_1045616,@AppleSupport @115858 how do I get rid of the notification that tells me that I haven’t backed up my phone in 54 weeks?????,"CUSTOMER: @AppleSupport @115858 how do I get rid of the notification that tells me that I haven’t backed up my phone in 54 weeks?????
SUPPORT: @367195 Let's see if we can find out together. Do you usually manage your backups in iTunes or iCloud?
CUSTOMER: @AppleSupport I used to do iTunes but I never connect to my computer and my iCloud is full!
SUPPORT: @367195 Please join us in DM and let us know which iOS version is installed. You can find it in: Settings &gt; General &gt; About &gt; Version https://t.co/GDrqU22YpT",@367195 Please join us in DM and let us know which iOS version is installed. You can find it in: Settings &gt; General &gt; About &gt; Version https://t.co/GDrqU22YpT,4,2,2,SUPPORT_RESPONSE_PRESENT
apple_1045620,"@AppleSupport I have a question when is your next Apple work shop, at the perimeter mall Apple store location. In #DunwoodYGA","CUSTOMER: @AppleSupport I have a question when is your next Apple work shop, at the perimeter mall Apple store location. In #DunwoodYGA
SUPPORT: @367196 Thanks for reaching out. We're here to help. DM us so we can look into this further with you. https://t.co/GDrqU22YpT",@367196 Thanks for reaching out. We're here to help. DM us so we can look into this further with you. https://t.co/GDrqU22YpT,2,1,1,SUPPORT_RESPONSE_PRESENT
apple_1046151,Finally updated to iOS 11 and this is the biggest fucking waste of screen whyyyyyyy I know it’s my inbox @115858 https://t.co/vukNqtpfBA,"CUSTOMER: Finally updated to iOS 11 and this is the biggest fucking waste of screen whyyyyyyy I know it’s my inbox @115858 https://t.co/vukNqtpfBA
SUPPORT: @154339 We value feedback and suggestions. Tell us more here: https://t.co/eTPVYVFyd8
CUSTOMER: @AppleSupport @154339 Wow that is the biggest lie I've seen on a tweet not written by Trump.
CUSTOMER: @AppleSupport How about don’t take up 1/5 of my phone screen with a stupid label for an app that I already know I’m using",@154339 We value feedback and suggestions. Tell us more here: https://t.co/eTPVYVFyd8,4,3,1,SUPPORT_RESPONSE_PRESENT
apple_1046591,Man kann meinem Akku beim leerer werden regelrecht zugucken bei meinem #iPhone7 unter #ios11 😫 Bitte um Abhilfe @AppleSupport,"CUSTOMER: Man kann meinem Akku beim leerer werden regelrecht zugucken bei meinem #iPhone7 unter #ios11 😫 Bitte um Abhilfe @AppleSupport
SUPPORT: @367391 We offer support via Twitter in English. Contact us for help in your preferred language here: https://t.co/IBIY3vMgPj",@367391 We offer support via Twitter in English. Contact us for help in your preferred language here: https://t.co/IBIY3vMgPj,2,1,1,SUPPORT_RESPONSE_PRESENT
apple_1046594,"@AppleSupport I’ve updated my iPhone to iOS 11.0.3 and the battery life is still poor. Brightness is on low, location off, auto-refresh off.","CUSTOMER: @AppleSupport I’ve updated my iPhone to iOS 11.0.3 and the battery life is still poor. Brightness is on low, location off, auto-refresh off.
SUPPORT: @353529 How long ago did you update? Have you checked that all of your apps are up-to-date?
CUSTOMER: @AppleSupport I updated it this morning. All apps updated and phone was charged to 90% about two hours ago but now is at 61% with infrequent use.
SUPPORT: @353529 Great attention to detail! Let’s look into this further. Send us a DM and tell us which iPhone you have. https://t.co/GDrqU22YpT",@353529 Great attention to detail! Let’s look into this further. Send us a DM and tell us which iPhone you have. https://t.co/GDrqU22YpT,4,2,2,SUPPORT_RESPONSE_PRESENT
apple_1046597,@AppleSupport IOS 11 has a problems with battery🤦🏻‍♀️💔,"CUSTOMER: @AppleSupport IOS 11 has a problems with battery🤦🏻‍♀️💔
SUPPORT: @367392 That certainly not an experience we want you to have. We know battery life is important. Have a look at: https://t.co/bivpdfBNJ6",@367392 That certainly not an experience we want you to have. We know battery life is important. Have a look at: https://t.co/bivpdfBNJ6,2,1,1,SUPPORT_RESPONSE_PRESENT
apple_1046599,"@115858 my i phone 6s working terribly slow, why are we using such expensive phones u think?
Frustrating..biggest mistake to update ios","CUSTOMER: @115858 my i phone 6s working terribly slow, why are we using such expensive phones u think?
Frustrating..biggest mistake to update ios
SUPPORT: @367393 We'd be happy to review this for you. Are you experiencing this issue on the latest version of iOS 11.0.3?",@367393 We'd be happy to review this for you. Are you experiencing this issue on the latest version of iOS 11.0.3?,2,1,1,SUPPORT_RESPONSE_PRESENT
